system,seed,exact,decoding,swap,readout,ablation_drop,invariance,functional
priority_competitive,11,0.8408203125,0.9835449218750001,1.0,1.0,0.78125,1.0,True
priority_competitive,22,0.85302734375,0.9848795572916667,1.0,1.0,0.80859375,1.0,True
priority_competitive,33,0.85009765625,0.9841959635416667,1.0,1.0,0.828125,1.0,True
priority_competitive,44,0.8720703125,0.986865234375,1.0,1.0,0.830078125,1.0,True
priority_competitive,55,0.89697265625,0.989599609375,1.0,1.0,0.833984375,1.0,True
priority_competitive,66,0.8564453125,0.9853678385416668,1.0,1.0,0.8203125,1.0,True
priority_competitive,77,0.8486328125,0.9844726562500001,1.0,1.0,0.806640625,1.0,True
priority_competitive,88,0.884765625,0.98896484375,1.0,1.0,0.833984375,1.0,True
priority_scan,11,0.8193359375,0.9813476562500001,1.0,0.5546875,0.751953125,1.0,True
priority_scan,22,0.796875,0.9811035156250001,1.0,0.599609375,0.74609375,1.0,True
priority_scan,33,0.76220703125,0.9747070312500001,1.0,0.662109375,0.73046875,1.0,True
priority_scan,44,0.77099609375,0.9764322916666667,1.0,0.482421875,0.744140625,1.0,False
priority_scan,55,0.80078125,0.9817057291666668,1.0,0.470703125,0.783203125,1.0,False
priority_scan,66,0.7666015625,0.977392578125,1.0,0.5859375,0.70703125,1.0,True
priority_scan,77,0.79931640625,0.981689453125,1.0,0.583984375,0.73046875,1.0,True
priority_scan,88,0.71533203125,0.9713541666666667,1.0,0.595703125,0.6875,1.0,True
position_competitive,11,0.8037109375,0.9795735677083335,1.0,1.0,0.73828125,1.0,True
position_competitive,22,0.80810546875,0.9805826822916668,1.0,1.0,0.75390625,1.0,True
position_competitive,33,0.8447265625,0.9834147135416667,1.0,1.0,0.810546875,1.0,True
position_competitive,44,0.80224609375,0.9795084635416667,1.0,1.0,0.728515625,1.0,True
position_competitive,55,0.83642578125,0.9827473958333334,1.0,1.0,0.80078125,1.0,True
position_competitive,66,0.83544921875,0.98359375,1.0,1.0,0.779296875,1.0,True
position_competitive,77,0.81396484375,0.98115234375,1.0,1.0,0.787109375,1.0,True
position_competitive,88,0.84765625,0.9851888020833333,1.0,1.0,0.8125,1.0,True
position_scan,11,0.80419921875,0.979052734375,1.0,0.0390625,0.712890625,1.0,False
position_scan,22,0.8232421875,0.9822428385416667,1.0,0.1171875,0.7890625,1.0,False
position_scan,33,0.8466796875,0.9841145833333333,1.0,0.130859375,0.806640625,1.0,False
position_scan,44,0.82958984375,0.9822265625000001,1.0,0.087890625,0.771484375,1.0,False
position_scan,55,0.86328125,0.9863932291666667,1.0,0.001953125,0.849609375,1.0,False
position_scan,66,0.81201171875,0.9802897135416667,1.0,0.162109375,0.771484375,1.0,False
position_scan,77,0.82763671875,0.9826334635416667,1.0,0.44140625,0.802734375,1.0,False
position_scan,88,0.8447265625,0.98408203125,1.0,0.001953125,0.78515625,1.0,False
phase_competitive,11,0.72021484375,0.9681640625000001,1.0,1.0,0.6953125,1.0,True
phase_competitive,22,0.1025390625,0.7284830729166667,1.0,1.0,0.046875,1.0,False
phase_competitive,33,0.62353515625,0.953564453125,1.0,1.0,0.556640625,1.0,True
phase_competitive,44,0.748046875,0.9726888020833334,1.0,1.0,0.69921875,1.0,True
phase_competitive,55,0.80322265625,0.9793131510416667,1.0,1.0,0.78125,1.0,True
phase_competitive,66,0.72998046875,0.9693847656250001,1.0,1.0,0.677734375,1.0,True
phase_competitive,77,0.0263671875,0.45725911458333335,1.0,1.0,0.001953125,1.0,False
phase_competitive,88,0.0009765625,0.22766927083333335,1.0,1.0,-0.03125,1.0,False
phase_scan,11,0.81787109375,0.9803873697916667,1.0,0.931640625,0.763671875,1.0,True
phase_scan,22,0.015625,0.20655924479166668,1.0,1.0,-0.021484375,1.0,False
phase_scan,33,0.83935546875,0.983349609375,1.0,0.966796875,0.822265625,1.0,True
phase_scan,44,0.81005859375,0.9810384114583334,1.0,0.830078125,0.78125,1.0,True
phase_scan,55,0.8359375,0.9837402343750001,1.0,0.732421875,0.822265625,1.0,True
phase_scan,66,0.70361328125,0.9596842447916668,1.0,0.798828125,0.626953125,1.0,True
phase_scan,77,0.86767578125,0.9871256510416666,1.0,0.916015625,0.8125,1.0,True
phase_scan,88,0.76171875,0.9742350260416668,1.0,0.73046875,0.736328125,1.0,True
