system,seed,step,n,layer,unanchored_delta_pairwise_accuracy,analysis
phase_competitive,66,600,6,0,0.772265625,secondary_post_main_trial_grouped_twofold_ridge
phase_competitive,66,600,6,1,0.9284505208333333,secondary_post_main_trial_grouped_twofold_ridge
phase_competitive,66,600,6,2,0.9087239583333333,secondary_post_main_trial_grouped_twofold_ridge
phase_competitive,66,600,4,0,0.7757161458333334,secondary_post_main_trial_grouped_twofold_ridge
phase_competitive,66,600,4,1,0.93212890625,secondary_post_main_trial_grouped_twofold_ridge
phase_competitive,66,600,4,2,0.9099934895833334,secondary_post_main_trial_grouped_twofold_ridge
phase_competitive,66,300,4,0,0.77685546875,secondary_post_main_trial_grouped_twofold_ridge
phase_competitive,66,300,4,1,0.9537760416666666,secondary_post_main_trial_grouped_twofold_ridge
phase_competitive,66,300,4,2,0.6995442708333334,secondary_post_main_trial_grouped_twofold_ridge
phase_competitive,66,300,6,0,0.7761067708333333,secondary_post_main_trial_grouped_twofold_ridge
phase_competitive,66,300,6,1,0.9521484375,secondary_post_main_trial_grouped_twofold_ridge
phase_competitive,66,300,6,2,0.7156901041666667,secondary_post_main_trial_grouped_twofold_ridge
phase_competitive,66,900,4,0,0.5172526041666666,secondary_post_main_trial_grouped_twofold_ridge
phase_competitive,66,900,4,1,0.8611653645833334,secondary_post_main_trial_grouped_twofold_ridge
phase_competitive,66,900,4,2,0.7317708333333334,secondary_post_main_trial_grouped_twofold_ridge
phase_competitive,66,900,6,0,0.5223958333333333,secondary_post_main_trial_grouped_twofold_ridge
phase_competitive,66,900,6,1,0.84765625,secondary_post_main_trial_grouped_twofold_ridge
phase_competitive,66,900,6,2,0.7550130208333333,secondary_post_main_trial_grouped_twofold_ridge
phase_competitive,33,600,6,0,0.8029296875,secondary_post_main_trial_grouped_twofold_ridge
phase_competitive,33,600,6,1,0.801171875,secondary_post_main_trial_grouped_twofold_ridge
phase_competitive,33,600,6,2,0.8867838541666667,secondary_post_main_trial_grouped_twofold_ridge
phase_competitive,33,600,4,0,0.8089192708333334,secondary_post_main_trial_grouped_twofold_ridge
phase_competitive,33,600,4,1,0.7958984375,secondary_post_main_trial_grouped_twofold_ridge
phase_competitive,33,600,4,2,0.9060872395833334,secondary_post_main_trial_grouped_twofold_ridge
phase_competitive,33,300,4,0,0.724609375,secondary_post_main_trial_grouped_twofold_ridge
phase_competitive,33,300,4,1,0.93798828125,secondary_post_main_trial_grouped_twofold_ridge
phase_competitive,33,300,4,2,0.6871744791666666,secondary_post_main_trial_grouped_twofold_ridge
phase_competitive,33,300,6,0,0.7196614583333333,secondary_post_main_trial_grouped_twofold_ridge
phase_competitive,33,300,6,1,0.9352864583333333,secondary_post_main_trial_grouped_twofold_ridge
phase_competitive,33,300,6,2,0.6959635416666666,secondary_post_main_trial_grouped_twofold_ridge
phase_competitive,33,900,4,0,0.80615234375,secondary_post_main_trial_grouped_twofold_ridge
phase_competitive,33,900,4,1,0.7433268229166666,secondary_post_main_trial_grouped_twofold_ridge
phase_competitive,33,900,4,2,0.95166015625,secondary_post_main_trial_grouped_twofold_ridge
phase_competitive,33,900,6,0,0.791015625,secondary_post_main_trial_grouped_twofold_ridge
phase_competitive,33,900,6,1,0.7093098958333334,secondary_post_main_trial_grouped_twofold_ridge
phase_competitive,33,900,6,2,0.9512369791666667,secondary_post_main_trial_grouped_twofold_ridge
phase_competitive,11,600,6,0,0.7921223958333333,secondary_post_main_trial_grouped_twofold_ridge
phase_competitive,11,600,6,1,0.8845703125,secondary_post_main_trial_grouped_twofold_ridge
phase_competitive,11,600,6,2,0.7143880208333333,secondary_post_main_trial_grouped_twofold_ridge
phase_competitive,11,600,4,0,0.7892252604166666,secondary_post_main_trial_grouped_twofold_ridge
phase_competitive,11,600,4,1,0.8876953125,secondary_post_main_trial_grouped_twofold_ridge
phase_competitive,11,600,4,2,0.6980794270833334,secondary_post_main_trial_grouped_twofold_ridge
phase_competitive,11,300,4,0,0.716796875,secondary_post_main_trial_grouped_twofold_ridge
phase_competitive,11,300,4,1,0.93603515625,secondary_post_main_trial_grouped_twofold_ridge
phase_competitive,11,300,4,2,0.68896484375,secondary_post_main_trial_grouped_twofold_ridge
phase_competitive,11,300,6,0,0.7091145833333333,secondary_post_main_trial_grouped_twofold_ridge
phase_competitive,11,300,6,1,0.9370442708333333,secondary_post_main_trial_grouped_twofold_ridge
phase_competitive,11,300,6,2,0.700390625,secondary_post_main_trial_grouped_twofold_ridge
phase_competitive,11,900,4,0,0.58154296875,secondary_post_main_trial_grouped_twofold_ridge
phase_competitive,11,900,4,1,0.9130859375,secondary_post_main_trial_grouped_twofold_ridge
phase_competitive,11,900,4,2,0.9695638020833334,secondary_post_main_trial_grouped_twofold_ridge
phase_competitive,11,900,6,0,0.5795572916666667,secondary_post_main_trial_grouped_twofold_ridge
phase_competitive,11,900,6,1,0.910546875,secondary_post_main_trial_grouped_twofold_ridge
phase_competitive,11,900,6,2,0.9662760416666667,secondary_post_main_trial_grouped_twofold_ridge
phase_competitive,44,600,6,0,0.6227864583333333,secondary_post_main_trial_grouped_twofold_ridge
phase_competitive,44,600,6,1,0.6117838541666667,secondary_post_main_trial_grouped_twofold_ridge
phase_competitive,44,600,6,2,0.5196614583333333,secondary_post_main_trial_grouped_twofold_ridge
phase_competitive,44,600,4,0,0.6271158854166666,secondary_post_main_trial_grouped_twofold_ridge
phase_competitive,44,600,4,1,0.623046875,secondary_post_main_trial_grouped_twofold_ridge
phase_competitive,44,600,4,2,0.5213216145833334,secondary_post_main_trial_grouped_twofold_ridge
phase_competitive,44,300,4,0,0.7696940104166666,secondary_post_main_trial_grouped_twofold_ridge
phase_competitive,44,300,4,1,0.8662109375,secondary_post_main_trial_grouped_twofold_ridge
phase_competitive,44,300,4,2,0.7908528645833334,secondary_post_main_trial_grouped_twofold_ridge
phase_competitive,44,300,6,0,0.7643880208333333,secondary_post_main_trial_grouped_twofold_ridge
phase_competitive,44,300,6,1,0.8583333333333333,secondary_post_main_trial_grouped_twofold_ridge
phase_competitive,44,300,6,2,0.7940755208333333,secondary_post_main_trial_grouped_twofold_ridge
phase_competitive,44,900,4,0,0.8063151041666666,secondary_post_main_trial_grouped_twofold_ridge
phase_competitive,44,900,4,1,0.5833333333333334,secondary_post_main_trial_grouped_twofold_ridge
phase_competitive,44,900,4,2,0.8038736979166666,secondary_post_main_trial_grouped_twofold_ridge
phase_competitive,44,900,6,0,0.7964192708333333,secondary_post_main_trial_grouped_twofold_ridge
phase_competitive,44,900,6,1,0.6009114583333334,secondary_post_main_trial_grouped_twofold_ridge
phase_competitive,44,900,6,2,0.8205729166666667,secondary_post_main_trial_grouped_twofold_ridge
phase_competitive,88,600,6,0,0.7488932291666667,secondary_post_main_trial_grouped_twofold_ridge
phase_competitive,88,600,6,1,0.70859375,secondary_post_main_trial_grouped_twofold_ridge
phase_competitive,88,600,6,2,0.6329427083333333,secondary_post_main_trial_grouped_twofold_ridge
phase_competitive,88,600,4,0,0.7555338541666666,secondary_post_main_trial_grouped_twofold_ridge
phase_competitive,88,600,4,1,0.716796875,secondary_post_main_trial_grouped_twofold_ridge
phase_competitive,88,600,4,2,0.6271158854166666,secondary_post_main_trial_grouped_twofold_ridge
phase_competitive,88,300,4,0,0.77783203125,secondary_post_main_trial_grouped_twofold_ridge
phase_competitive,88,300,4,1,0.95068359375,secondary_post_main_trial_grouped_twofold_ridge
phase_competitive,88,300,4,2,0.9620768229166666,secondary_post_main_trial_grouped_twofold_ridge
phase_competitive,88,300,6,0,0.771484375,secondary_post_main_trial_grouped_twofold_ridge
phase_competitive,88,300,6,1,0.9520833333333333,secondary_post_main_trial_grouped_twofold_ridge
phase_competitive,88,300,6,2,0.9615234375,secondary_post_main_trial_grouped_twofold_ridge
phase_competitive,88,900,4,0,0.5939127604166666,secondary_post_main_trial_grouped_twofold_ridge
phase_competitive,88,900,4,1,0.7672526041666666,secondary_post_main_trial_grouped_twofold_ridge
phase_competitive,88,900,4,2,0.779296875,secondary_post_main_trial_grouped_twofold_ridge
phase_competitive,88,900,6,0,0.598828125,secondary_post_main_trial_grouped_twofold_ridge
phase_competitive,88,900,6,1,0.7466145833333333,secondary_post_main_trial_grouped_twofold_ridge
phase_competitive,88,900,6,2,0.7646484375,secondary_post_main_trial_grouped_twofold_ridge
phase_competitive,55,600,6,0,0.7798828125,secondary_post_main_trial_grouped_twofold_ridge
phase_competitive,55,600,6,1,0.5546223958333333,secondary_post_main_trial_grouped_twofold_ridge
phase_competitive,55,600,6,2,0.8873697916666666,secondary_post_main_trial_grouped_twofold_ridge
phase_competitive,55,600,4,0,0.7830403645833334,secondary_post_main_trial_grouped_twofold_ridge
phase_competitive,55,600,4,1,0.5719401041666666,secondary_post_main_trial_grouped_twofold_ridge
phase_competitive,55,600,4,2,0.8888346354166666,secondary_post_main_trial_grouped_twofold_ridge
phase_competitive,55,300,4,0,0.6964518229166666,secondary_post_main_trial_grouped_twofold_ridge
phase_competitive,55,300,4,1,0.9443359375,secondary_post_main_trial_grouped_twofold_ridge
phase_competitive,55,300,4,2,0.896484375,secondary_post_main_trial_grouped_twofold_ridge
phase_competitive,55,300,6,0,0.7008463541666666,secondary_post_main_trial_grouped_twofold_ridge
phase_competitive,55,300,6,1,0.9440104166666666,secondary_post_main_trial_grouped_twofold_ridge
phase_competitive,55,300,6,2,0.8955078125,secondary_post_main_trial_grouped_twofold_ridge
phase_competitive,55,900,4,0,0.8474934895833334,secondary_post_main_trial_grouped_twofold_ridge
phase_competitive,55,900,4,1,0.5626627604166666,secondary_post_main_trial_grouped_twofold_ridge
phase_competitive,55,900,4,2,0.8025716145833334,secondary_post_main_trial_grouped_twofold_ridge
phase_competitive,55,900,6,0,0.8483072916666666,secondary_post_main_trial_grouped_twofold_ridge
phase_competitive,55,900,6,1,0.5415364583333333,secondary_post_main_trial_grouped_twofold_ridge
phase_competitive,55,900,6,2,0.815625,secondary_post_main_trial_grouped_twofold_ridge
phase_competitive,77,600,6,0,0.6013020833333333,secondary_post_main_trial_grouped_twofold_ridge
phase_competitive,77,600,6,1,0.7396484375,secondary_post_main_trial_grouped_twofold_ridge
phase_competitive,77,600,6,2,0.9599609375,secondary_post_main_trial_grouped_twofold_ridge
phase_competitive,77,600,4,0,0.6082356770833334,secondary_post_main_trial_grouped_twofold_ridge
phase_competitive,77,600,4,1,0.74169921875,secondary_post_main_trial_grouped_twofold_ridge
phase_competitive,77,600,4,2,0.9606119791666666,secondary_post_main_trial_grouped_twofold_ridge
phase_competitive,77,300,4,0,0.51025390625,secondary_post_main_trial_grouped_twofold_ridge
phase_competitive,77,300,4,1,0.6546223958333334,secondary_post_main_trial_grouped_twofold_ridge
phase_competitive,77,300,4,2,0.7745768229166666,secondary_post_main_trial_grouped_twofold_ridge
phase_competitive,77,300,6,0,0.5053385416666667,secondary_post_main_trial_grouped_twofold_ridge
phase_competitive,77,300,6,1,0.670703125,secondary_post_main_trial_grouped_twofold_ridge
phase_competitive,77,300,6,2,0.761328125,secondary_post_main_trial_grouped_twofold_ridge
phase_competitive,77,900,4,0,0.7830403645833334,secondary_post_main_trial_grouped_twofold_ridge
phase_competitive,77,900,4,1,0.853515625,secondary_post_main_trial_grouped_twofold_ridge
phase_competitive,77,900,4,2,0.5994466145833334,secondary_post_main_trial_grouped_twofold_ridge
phase_competitive,77,900,6,0,0.7792317708333333,secondary_post_main_trial_grouped_twofold_ridge
phase_competitive,77,900,6,1,0.8580078125,secondary_post_main_trial_grouped_twofold_ridge
phase_competitive,77,900,6,2,0.630859375,secondary_post_main_trial_grouped_twofold_ridge
phase_competitive,22,600,6,0,0.7768229166666667,secondary_post_main_trial_grouped_twofold_ridge
phase_competitive,22,600,6,1,0.8527994791666667,secondary_post_main_trial_grouped_twofold_ridge
phase_competitive,22,600,6,2,0.9016276041666667,secondary_post_main_trial_grouped_twofold_ridge
phase_competitive,22,600,4,0,0.7786458333333334,secondary_post_main_trial_grouped_twofold_ridge
phase_competitive,22,600,4,1,0.85595703125,secondary_post_main_trial_grouped_twofold_ridge
phase_competitive,22,600,4,2,0.8966471354166666,secondary_post_main_trial_grouped_twofold_ridge
phase_competitive,22,300,4,0,0.7386067708333334,secondary_post_main_trial_grouped_twofold_ridge
phase_competitive,22,300,4,1,0.94873046875,secondary_post_main_trial_grouped_twofold_ridge
phase_competitive,22,300,4,2,0.95556640625,secondary_post_main_trial_grouped_twofold_ridge
phase_competitive,22,300,6,0,0.7388671875,secondary_post_main_trial_grouped_twofold_ridge
phase_competitive,22,300,6,1,0.9421223958333333,secondary_post_main_trial_grouped_twofold_ridge
phase_competitive,22,300,6,2,0.951171875,secondary_post_main_trial_grouped_twofold_ridge
phase_competitive,22,900,4,0,0.8115234375,secondary_post_main_trial_grouped_twofold_ridge
phase_competitive,22,900,4,1,0.73681640625,secondary_post_main_trial_grouped_twofold_ridge
phase_competitive,22,900,4,2,0.7418619791666666,secondary_post_main_trial_grouped_twofold_ridge
phase_competitive,22,900,6,0,0.8055338541666667,secondary_post_main_trial_grouped_twofold_ridge
phase_competitive,22,900,6,1,0.7278645833333334,secondary_post_main_trial_grouped_twofold_ridge
phase_competitive,22,900,6,2,0.7190104166666667,secondary_post_main_trial_grouped_twofold_ridge
phase_scan,66,600,6,0,0.5411458333333333,secondary_post_main_trial_grouped_twofold_ridge
phase_scan,66,600,6,1,0.7382161458333333,secondary_post_main_trial_grouped_twofold_ridge
phase_scan,66,600,6,2,0.6669270833333333,secondary_post_main_trial_grouped_twofold_ridge
phase_scan,66,600,4,0,0.5457356770833334,secondary_post_main_trial_grouped_twofold_ridge
phase_scan,66,600,4,1,0.7244466145833334,secondary_post_main_trial_grouped_twofold_ridge
phase_scan,66,600,4,2,0.5647786458333334,secondary_post_main_trial_grouped_twofold_ridge
phase_scan,66,300,4,0,0.5680338541666666,secondary_post_main_trial_grouped_twofold_ridge
phase_scan,66,300,4,1,0.7311197916666666,secondary_post_main_trial_grouped_twofold_ridge
phase_scan,66,300,4,2,0.74658203125,secondary_post_main_trial_grouped_twofold_ridge
phase_scan,66,300,6,0,0.5779947916666667,secondary_post_main_trial_grouped_twofold_ridge
phase_scan,66,300,6,1,0.7190104166666667,secondary_post_main_trial_grouped_twofold_ridge
phase_scan,66,300,6,2,0.7291015625,secondary_post_main_trial_grouped_twofold_ridge
phase_scan,66,900,4,0,0.6318359375,secondary_post_main_trial_grouped_twofold_ridge
phase_scan,66,900,4,1,0.7083333333333334,secondary_post_main_trial_grouped_twofold_ridge
phase_scan,66,900,4,2,0.6064453125,secondary_post_main_trial_grouped_twofold_ridge
phase_scan,66,900,6,0,0.6413411458333333,secondary_post_main_trial_grouped_twofold_ridge
phase_scan,66,900,6,1,0.7282552083333333,secondary_post_main_trial_grouped_twofold_ridge
phase_scan,66,900,6,2,0.6679036458333333,secondary_post_main_trial_grouped_twofold_ridge
phase_scan,33,600,6,0,0.8291015625,secondary_post_main_trial_grouped_twofold_ridge
phase_scan,33,600,6,1,0.6770182291666667,secondary_post_main_trial_grouped_twofold_ridge
phase_scan,33,600,6,2,0.6633463541666667,secondary_post_main_trial_grouped_twofold_ridge
phase_scan,33,600,4,0,0.8307291666666666,secondary_post_main_trial_grouped_twofold_ridge
phase_scan,33,600,4,1,0.6583658854166666,secondary_post_main_trial_grouped_twofold_ridge
phase_scan,33,600,4,2,0.6363932291666666,secondary_post_main_trial_grouped_twofold_ridge
phase_scan,33,300,4,0,0.7994791666666666,secondary_post_main_trial_grouped_twofold_ridge
phase_scan,33,300,4,1,0.7762044270833334,secondary_post_main_trial_grouped_twofold_ridge
phase_scan,33,300,4,2,0.5804036458333334,secondary_post_main_trial_grouped_twofold_ridge
phase_scan,33,300,6,0,0.7978515625,secondary_post_main_trial_grouped_twofold_ridge
phase_scan,33,300,6,1,0.7799479166666666,secondary_post_main_trial_grouped_twofold_ridge
phase_scan,33,300,6,2,0.6266276041666666,secondary_post_main_trial_grouped_twofold_ridge
phase_scan,33,900,4,0,0.8634440104166666,secondary_post_main_trial_grouped_twofold_ridge
phase_scan,33,900,4,1,0.6790364583333334,secondary_post_main_trial_grouped_twofold_ridge
phase_scan,33,900,4,2,0.61767578125,secondary_post_main_trial_grouped_twofold_ridge
phase_scan,33,900,6,0,0.8544921875,secondary_post_main_trial_grouped_twofold_ridge
phase_scan,33,900,6,1,0.6920572916666666,secondary_post_main_trial_grouped_twofold_ridge
phase_scan,33,900,6,2,0.6364583333333333,secondary_post_main_trial_grouped_twofold_ridge
phase_scan,11,600,6,0,0.798046875,secondary_post_main_trial_grouped_twofold_ridge
phase_scan,11,600,6,1,0.6838541666666667,secondary_post_main_trial_grouped_twofold_ridge
phase_scan,11,600,6,2,0.68359375,secondary_post_main_trial_grouped_twofold_ridge
phase_scan,11,600,4,0,0.80517578125,secondary_post_main_trial_grouped_twofold_ridge
phase_scan,11,600,4,1,0.6630859375,secondary_post_main_trial_grouped_twofold_ridge
phase_scan,11,600,4,2,0.6448567708333334,secondary_post_main_trial_grouped_twofold_ridge
phase_scan,11,300,4,0,0.7752278645833334,secondary_post_main_trial_grouped_twofold_ridge
phase_scan,11,300,4,1,0.8074544270833334,secondary_post_main_trial_grouped_twofold_ridge
phase_scan,11,300,4,2,0.6197916666666666,secondary_post_main_trial_grouped_twofold_ridge
phase_scan,11,300,6,0,0.7688151041666667,secondary_post_main_trial_grouped_twofold_ridge
phase_scan,11,300,6,1,0.8120442708333333,secondary_post_main_trial_grouped_twofold_ridge
phase_scan,11,300,6,2,0.6643229166666667,secondary_post_main_trial_grouped_twofold_ridge
phase_scan,11,900,4,0,0.8289388020833334,secondary_post_main_trial_grouped_twofold_ridge
phase_scan,11,900,4,1,0.6263020833333334,secondary_post_main_trial_grouped_twofold_ridge
phase_scan,11,900,4,2,0.6482747395833334,secondary_post_main_trial_grouped_twofold_ridge
phase_scan,11,900,6,0,0.8186197916666667,secondary_post_main_trial_grouped_twofold_ridge
phase_scan,11,900,6,1,0.6572916666666667,secondary_post_main_trial_grouped_twofold_ridge
phase_scan,11,900,6,2,0.6853515625,secondary_post_main_trial_grouped_twofold_ridge
phase_scan,44,600,6,0,0.8018880208333333,secondary_post_main_trial_grouped_twofold_ridge
phase_scan,44,600,6,1,0.6710286458333333,secondary_post_main_trial_grouped_twofold_ridge
phase_scan,44,600,6,2,0.6682291666666667,secondary_post_main_trial_grouped_twofold_ridge
phase_scan,44,600,4,0,0.8038736979166666,secondary_post_main_trial_grouped_twofold_ridge
phase_scan,44,600,4,1,0.6552734375,secondary_post_main_trial_grouped_twofold_ridge
phase_scan,44,600,4,2,0.6193033854166666,secondary_post_main_trial_grouped_twofold_ridge
phase_scan,44,300,4,0,0.76806640625,secondary_post_main_trial_grouped_twofold_ridge
phase_scan,44,300,4,1,0.7864583333333334,secondary_post_main_trial_grouped_twofold_ridge
phase_scan,44,300,4,2,0.5880533854166666,secondary_post_main_trial_grouped_twofold_ridge
phase_scan,44,300,6,0,0.7696614583333333,secondary_post_main_trial_grouped_twofold_ridge
phase_scan,44,300,6,1,0.78671875,secondary_post_main_trial_grouped_twofold_ridge
phase_scan,44,300,6,2,0.6353515625,secondary_post_main_trial_grouped_twofold_ridge
phase_scan,44,900,4,0,0.83056640625,secondary_post_main_trial_grouped_twofold_ridge
phase_scan,44,900,4,1,0.58544921875,secondary_post_main_trial_grouped_twofold_ridge
phase_scan,44,900,4,2,0.65380859375,secondary_post_main_trial_grouped_twofold_ridge
phase_scan,44,900,6,0,0.8252604166666667,secondary_post_main_trial_grouped_twofold_ridge
phase_scan,44,900,6,1,0.6198567708333333,secondary_post_main_trial_grouped_twofold_ridge
phase_scan,44,900,6,2,0.6815755208333333,secondary_post_main_trial_grouped_twofold_ridge
phase_scan,88,600,6,0,0.6096354166666667,secondary_post_main_trial_grouped_twofold_ridge
phase_scan,88,600,6,1,0.79453125,secondary_post_main_trial_grouped_twofold_ridge
phase_scan,88,600,6,2,0.6889973958333333,secondary_post_main_trial_grouped_twofold_ridge
phase_scan,88,600,4,0,0.59228515625,secondary_post_main_trial_grouped_twofold_ridge
phase_scan,88,600,4,1,0.78759765625,secondary_post_main_trial_grouped_twofold_ridge
phase_scan,88,600,4,2,0.6051432291666666,secondary_post_main_trial_grouped_twofold_ridge
phase_scan,88,300,4,0,0.7399088541666666,secondary_post_main_trial_grouped_twofold_ridge
phase_scan,88,300,4,1,0.4583333333333333,secondary_post_main_trial_grouped_twofold_ridge
phase_scan,88,300,4,2,0.6892903645833334,secondary_post_main_trial_grouped_twofold_ridge
phase_scan,88,300,6,0,0.7438802083333333,secondary_post_main_trial_grouped_twofold_ridge
phase_scan,88,300,6,1,0.49609375,secondary_post_main_trial_grouped_twofold_ridge
phase_scan,88,300,6,2,0.6108072916666667,secondary_post_main_trial_grouped_twofold_ridge
phase_scan,88,900,4,0,0.6590169270833334,secondary_post_main_trial_grouped_twofold_ridge
phase_scan,88,900,4,1,0.7672526041666666,secondary_post_main_trial_grouped_twofold_ridge
phase_scan,88,900,4,2,0.5877278645833334,secondary_post_main_trial_grouped_twofold_ridge
phase_scan,88,900,6,0,0.6766276041666667,secondary_post_main_trial_grouped_twofold_ridge
phase_scan,88,900,6,1,0.7735677083333333,secondary_post_main_trial_grouped_twofold_ridge
phase_scan,88,900,6,2,0.6634765625,secondary_post_main_trial_grouped_twofold_ridge
phase_scan,55,600,6,0,0.7844401041666667,secondary_post_main_trial_grouped_twofold_ridge
phase_scan,55,600,6,1,0.6868489583333334,secondary_post_main_trial_grouped_twofold_ridge
phase_scan,55,600,6,2,0.6604817708333334,secondary_post_main_trial_grouped_twofold_ridge
phase_scan,55,600,4,0,0.78955078125,secondary_post_main_trial_grouped_twofold_ridge
phase_scan,55,600,4,1,0.666015625,secondary_post_main_trial_grouped_twofold_ridge
phase_scan,55,600,4,2,0.6131184895833334,secondary_post_main_trial_grouped_twofold_ridge
phase_scan,55,300,4,0,0.7457682291666666,secondary_post_main_trial_grouped_twofold_ridge
phase_scan,55,300,4,1,0.76416015625,secondary_post_main_trial_grouped_twofold_ridge
phase_scan,55,300,4,2,0.5714518229166666,secondary_post_main_trial_grouped_twofold_ridge
phase_scan,55,300,6,0,0.7447916666666666,secondary_post_main_trial_grouped_twofold_ridge
phase_scan,55,300,6,1,0.7791015625,secondary_post_main_trial_grouped_twofold_ridge
phase_scan,55,300,6,2,0.6153645833333333,secondary_post_main_trial_grouped_twofold_ridge
phase_scan,55,900,4,0,0.8107096354166666,secondary_post_main_trial_grouped_twofold_ridge
phase_scan,55,900,4,1,0.6280924479166666,secondary_post_main_trial_grouped_twofold_ridge
phase_scan,55,900,4,2,0.6554361979166666,secondary_post_main_trial_grouped_twofold_ridge
phase_scan,55,900,6,0,0.8044270833333333,secondary_post_main_trial_grouped_twofold_ridge
phase_scan,55,900,6,1,0.6430338541666667,secondary_post_main_trial_grouped_twofold_ridge
phase_scan,55,900,6,2,0.7041015625,secondary_post_main_trial_grouped_twofold_ridge
phase_scan,77,600,6,0,0.6301432291666667,secondary_post_main_trial_grouped_twofold_ridge
phase_scan,77,600,6,1,0.770703125,secondary_post_main_trial_grouped_twofold_ridge
phase_scan,77,600,6,2,0.7052083333333333,secondary_post_main_trial_grouped_twofold_ridge
phase_scan,77,600,4,0,0.6344401041666666,secondary_post_main_trial_grouped_twofold_ridge
phase_scan,77,600,4,1,0.7586263020833334,secondary_post_main_trial_grouped_twofold_ridge
phase_scan,77,600,4,2,0.66015625,secondary_post_main_trial_grouped_twofold_ridge
phase_scan,77,300,4,0,0.759765625,secondary_post_main_trial_grouped_twofold_ridge
phase_scan,77,300,4,1,0.8020833333333334,secondary_post_main_trial_grouped_twofold_ridge
phase_scan,77,300,4,2,0.7840169270833334,secondary_post_main_trial_grouped_twofold_ridge
phase_scan,77,300,6,0,0.7484375,secondary_post_main_trial_grouped_twofold_ridge
phase_scan,77,300,6,1,0.8047526041666667,secondary_post_main_trial_grouped_twofold_ridge
phase_scan,77,300,6,2,0.7848307291666666,secondary_post_main_trial_grouped_twofold_ridge
phase_scan,77,900,4,0,0.6691080729166666,secondary_post_main_trial_grouped_twofold_ridge
phase_scan,77,900,4,1,0.6754557291666666,secondary_post_main_trial_grouped_twofold_ridge
phase_scan,77,900,4,2,0.6472981770833334,secondary_post_main_trial_grouped_twofold_ridge
phase_scan,77,900,6,0,0.6602213541666667,secondary_post_main_trial_grouped_twofold_ridge
phase_scan,77,900,6,1,0.696875,secondary_post_main_trial_grouped_twofold_ridge
phase_scan,77,900,6,2,0.6762369791666667,secondary_post_main_trial_grouped_twofold_ridge
phase_scan,22,600,6,0,0.7222005208333333,secondary_post_main_trial_grouped_twofold_ridge
phase_scan,22,600,6,1,0.598046875,secondary_post_main_trial_grouped_twofold_ridge
phase_scan,22,600,6,2,0.6370442708333334,secondary_post_main_trial_grouped_twofold_ridge
phase_scan,22,600,4,0,0.7364908854166666,secondary_post_main_trial_grouped_twofold_ridge
phase_scan,22,600,4,1,0.6180013020833334,secondary_post_main_trial_grouped_twofold_ridge
phase_scan,22,600,4,2,0.6453450520833334,secondary_post_main_trial_grouped_twofold_ridge
phase_scan,22,300,4,0,0.5989583333333334,secondary_post_main_trial_grouped_twofold_ridge
phase_scan,22,300,4,1,0.6404622395833334,secondary_post_main_trial_grouped_twofold_ridge
phase_scan,22,300,4,2,0.6339518229166666,secondary_post_main_trial_grouped_twofold_ridge
phase_scan,22,300,6,0,0.6036458333333333,secondary_post_main_trial_grouped_twofold_ridge
phase_scan,22,300,6,1,0.6539713541666666,secondary_post_main_trial_grouped_twofold_ridge
phase_scan,22,300,6,2,0.6432291666666666,secondary_post_main_trial_grouped_twofold_ridge
phase_scan,22,900,4,0,0.771484375,secondary_post_main_trial_grouped_twofold_ridge
phase_scan,22,900,4,1,0.7989908854166666,secondary_post_main_trial_grouped_twofold_ridge
phase_scan,22,900,4,2,0.7942708333333334,secondary_post_main_trial_grouped_twofold_ridge
phase_scan,22,900,6,0,0.7636067708333333,secondary_post_main_trial_grouped_twofold_ridge
phase_scan,22,900,6,1,0.7970703125,secondary_post_main_trial_grouped_twofold_ridge
phase_scan,22,900,6,2,0.7913411458333334,secondary_post_main_trial_grouped_twofold_ridge
