arm,system,n,step,seeds,width,exact_mean,exact_min,exact_max,no_match_mean,interior_offset_mean,interior_offset_per_N_mean
E-D,phase_scan,4,900,8,0.45,0.378052,0.000000,0.862305,0.432861,0.1500,0.0675
E-D,phase_scan,4,1800,8,0.45,0.551025,0.000000,0.917969,0.294739,0.1309,0.0589
E-D,phase_scan,4,3600,8,0.45,0.633423,0.000000,0.965820,0.213959,0.0244,0.0110
E-D,phase_scan,4,7200,8,0.45,0.883301,0.516602,0.973633,0.026337,0.0261,0.0118
E-D,phase_scan,4,14400,8,0.45,0.968872,0.949219,0.984375,0.005127,-0.0022,-0.0010
E-D,phase_scan,6,900,8,0.45,0.200439,0.000000,0.631836,0.469503,0.4879,0.2195
E-D,phase_scan,6,1800,8,0.45,0.417358,0.000000,0.783203,0.347616,0.1525,0.0686
E-D,phase_scan,6,3600,8,0.45,0.498413,0.000000,0.895508,0.264058,0.3826,0.1722
E-D,phase_scan,6,7200,8,0.45,0.704224,0.053711,0.921875,0.062174,0.0117,0.0052
E-D,phase_scan,6,14400,8,0.45,0.889038,0.763672,0.952148,0.015462,-0.0113,-0.0051
E-D,phase_scan,8,900,8,0.45,0.092896,0.000000,0.360352,0.540070,0.1960,0.0882
E-D,phase_scan,8,1800,8,0.45,0.250610,0.000000,0.595703,0.402206,0.2005,0.0902
E-D,phase_scan,8,3600,8,0.45,0.324463,0.000000,0.674805,0.326294,0.1001,0.0450
E-D,phase_scan,8,7200,8,0.45,0.388306,0.001953,0.810547,0.131729,0.0062,0.0028
E-D,phase_scan,8,14400,8,0.45,0.424072,0.001953,0.876953,0.127625,-0.1136,-0.0511
E-D,position_scan,4,900,8,0.45,0.839478,0.801758,0.874023,0.031342,0.0028,0.0012
E-D,position_scan,4,1800,8,0.45,0.863770,0.739258,0.928711,0.033173,-0.1345,-0.0605
E-D,position_scan,4,3600,8,0.45,0.945557,0.932617,0.960938,0.009796,-0.0533,-0.0240
E-D,position_scan,4,7200,8,0.45,0.961304,0.950195,0.971680,0.006683,-0.0155,-0.0070
E-D,position_scan,4,14400,8,0.45,0.975952,0.970703,0.982422,0.004272,0.0335,0.0151
E-D,position_scan,6,900,8,0.45,0.575684,0.512695,0.653320,0.067708,-0.0351,-0.0158
E-D,position_scan,6,1800,8,0.45,0.622437,0.097656,0.776367,0.072693,-0.1965,-0.0884
E-D,position_scan,6,3600,8,0.45,0.835938,0.796875,0.854492,0.022298,-0.0819,-0.0369
E-D,position_scan,6,7200,8,0.45,0.894897,0.875977,0.920898,0.012248,-0.0352,-0.0159
E-D,position_scan,6,14400,8,0.45,0.926147,0.907227,0.944336,0.008972,0.0469,0.0211
E-D,position_scan,8,900,8,0.45,0.277710,0.174805,0.363281,0.118073,-0.0617,-0.0278
E-D,position_scan,8,1800,8,0.45,0.381836,0.000977,0.593750,0.120163,-0.2669,-0.1201
E-D,position_scan,8,3600,8,0.45,0.666016,0.614258,0.734375,0.040329,-0.1060,-0.0477
E-D,position_scan,8,7200,8,0.45,0.793823,0.744141,0.830078,0.021545,-0.0451,-0.0203
E-D,position_scan,8,14400,8,0.45,0.837158,0.715820,0.883789,0.017563,0.0707,0.0318
E-D,priority_scan,4,900,8,0.45,0.186523,0.169922,0.201172,0.239014,0.0260,0.0117
E-D,priority_scan,4,1800,8,0.45,0.193359,0.184570,0.210938,0.237915,0.0164,0.0074
E-D,priority_scan,4,3600,8,0.45,0.376465,0.182617,0.610352,0.172729,0.0524,0.0236
E-D,priority_scan,4,7200,8,0.45,0.702393,0.504883,0.835938,0.075684,-0.0180,-0.0081
E-D,priority_scan,4,14400,8,0.45,0.858032,0.675781,0.931641,0.035339,-0.0372,-0.0167
E-D,priority_scan,6,900,8,0.45,0.022461,0.015625,0.026367,0.299520,0.0691,0.0311
E-D,priority_scan,6,1800,8,0.45,0.023315,0.016602,0.032227,0.301636,0.0783,0.0352
E-D,priority_scan,6,3600,8,0.45,0.062988,0.024414,0.142578,0.259521,0.1325,0.0596
E-D,priority_scan,6,7200,8,0.45,0.215210,0.072266,0.408203,0.192586,0.0059,0.0027
E-D,priority_scan,6,14400,8,0.45,0.511963,0.089844,0.736328,0.109355,-0.0085,-0.0038
E-D,priority_scan,8,900,8,0.45,0.002686,0.000000,0.003906,0.326263,0.1141,0.0513
E-D,priority_scan,8,1800,8,0.45,0.003662,0.000977,0.006836,0.325928,0.1271,0.0572
E-D,priority_scan,8,3600,8,0.45,0.005981,0.000000,0.016602,0.303894,0.1963,0.0883
E-D,priority_scan,8,7200,8,0.45,0.032959,0.004883,0.091797,0.261490,-0.0100,-0.0045
E-D,priority_scan,8,14400,8,0.45,0.207031,0.005859,0.457031,0.179199,-0.0118,-0.0053
E-b1,phase_scan,4,900,8,0.45,0.208008,0.000000,0.858398,0.570709,1.2562,0.5653
E-b1,phase_scan,4,1800,8,0.45,0.226318,0.000000,0.917969,0.566498,1.1880,0.5346
E-b1,phase_scan,4,3600,8,0.45,0.267944,0.000000,0.950195,0.496033,1.0640,0.4788
E-b1,phase_scan,4,7200,8,0.45,0.472778,0.000000,0.968750,0.380096,0.8766,0.3945
E-b1,phase_scan,4,14400,8,0.45,0.841675,0.540039,0.970703,0.037018,0.2577,0.1160
E-b1,phase_scan,6,900,8,0.45,0.111938,0.000000,0.486328,0.670919,0.3181,0.1431
E-b1,phase_scan,6,1800,8,0.45,0.157715,0.000000,0.666016,0.639994,0.2367,0.1065
E-b1,phase_scan,6,3600,8,0.45,0.177490,0.000000,0.746094,0.568827,0.3008,0.1354
E-b1,phase_scan,6,7200,8,0.45,0.353760,0.000000,0.876953,0.443014,0.3154,0.1419
E-b1,phase_scan,6,14400,8,0.45,0.510376,0.005859,0.897461,0.111084,0.5551,0.2498
E-b1,phase_scan,8,900,8,0.45,0.005127,0.000000,0.039062,0.725845,1.1459,0.5157
E-b1,phase_scan,8,1800,8,0.45,0.000610,0.000000,0.004883,0.728729,1.3738,0.6182
E-b1,phase_scan,8,3600,8,0.45,0.017700,0.000000,0.141602,0.651520,0.9377,0.4219
E-b1,phase_scan,8,7200,8,0.45,0.022705,0.000000,0.166016,0.561935,1.1452,0.5153
E-b1,phase_scan,8,14400,8,0.45,0.007812,0.000000,0.050781,0.293579,0.8739,0.3932
E-b1,position_scan,4,900,8,0.45,0.677612,0.453125,0.770508,0.076172,0.6710,0.3020
E-b1,position_scan,4,1800,8,0.45,0.811279,0.731445,0.879883,0.044250,0.6705,0.3017
E-b1,position_scan,4,3600,8,0.45,0.839111,0.358398,0.917969,0.044128,0.6870,0.3091
E-b1,position_scan,4,7200,8,0.45,0.916260,0.860352,0.942383,0.018951,0.6070,0.2732
E-b1,position_scan,4,14400,8,0.45,0.945312,0.871094,0.969727,0.013092,0.5795,0.2608
E-b1,position_scan,6,900,8,0.45,0.005493,0.000000,0.021484,0.301046,1.0443,0.4699
E-b1,position_scan,6,1800,8,0.45,0.000610,0.000000,0.003906,0.354492,1.1202,0.5041
E-b1,position_scan,6,3600,8,0.45,0.000000,0.000000,0.000000,0.353841,1.2031,0.5414
E-b1,position_scan,6,7200,8,0.45,0.000366,0.000000,0.001953,0.441528,1.0613,0.4776
E-b1,position_scan,6,14400,8,0.45,0.034180,0.000000,0.273438,0.466532,1.0487,0.4719
E-b1,position_scan,8,900,8,0.45,0.000000,0.000000,0.000000,0.269470,1.4076,0.6334
E-b1,position_scan,8,1800,8,0.45,0.000000,0.000000,0.000000,0.244781,1.5155,0.6820
E-b1,position_scan,8,3600,8,0.45,0.000000,0.000000,0.000000,0.215332,1.6295,0.7333
E-b1,position_scan,8,7200,8,0.45,0.000000,0.000000,0.000000,0.237717,1.4541,0.6543
E-b1,position_scan,8,14400,8,0.45,0.004395,0.000000,0.035156,0.194946,1.4113,0.6351
E-b1,priority_scan,4,900,8,0.45,0.621338,0.404297,0.745117,0.095306,0.5259,0.2366
E-b1,priority_scan,4,1800,8,0.45,0.827148,0.797852,0.857422,0.038818,0.5015,0.2257
E-b1,priority_scan,4,3600,8,0.45,0.894775,0.843750,0.925781,0.023285,0.5276,0.2374
E-b1,priority_scan,4,7200,8,0.45,0.843872,0.196289,0.948242,0.041748,0.4520,0.2034
E-b1,priority_scan,4,14400,8,0.45,0.955811,0.943359,0.964844,0.009369,0.5786,0.2604
E-b1,priority_scan,6,900,8,0.45,0.067261,0.002930,0.190430,0.235962,0.9731,0.4379
E-b1,priority_scan,6,1800,8,0.45,0.077759,0.005859,0.214844,0.258362,1.0069,0.4531
E-b1,priority_scan,6,3600,8,0.45,0.059448,0.002930,0.213867,0.290751,1.0268,0.4621
E-b1,priority_scan,6,7200,8,0.45,0.043945,0.002930,0.167969,0.337585,0.9147,0.4116
E-b1,priority_scan,6,14400,8,0.45,0.001343,0.000000,0.003906,0.400594,1.1061,0.4977
E-b1,priority_scan,8,900,8,0.45,0.004272,0.000000,0.019531,0.242615,1.4309,0.6439
E-b1,priority_scan,8,1800,8,0.45,0.000610,0.000000,0.002930,0.223953,1.5228,0.6853
E-b1,priority_scan,8,3600,8,0.45,0.000854,0.000000,0.005859,0.210312,1.5392,0.6926
E-b1,priority_scan,8,7200,8,0.45,0.000000,0.000000,0.000000,0.211411,1.3537,0.6092
E-b1,priority_scan,8,14400,8,0.45,0.000000,0.000000,0.000000,0.176071,1.5936,0.7171
M6-b1,phase_scan,4,900,8,0.45,0.691895,0.560547,0.768555,0.081116,0.3575,0.1609
M6-b1,phase_scan,4,1800,8,0.45,0.775024,0.676758,0.831055,0.058228,0.3849,0.1732
M6-b1,phase_scan,4,3600,8,0.45,0.809082,0.666992,0.867188,0.048981,0.4139,0.1863
M6-b1,phase_scan,4,7200,8,0.45,0.859131,0.769531,0.907227,0.036072,0.4283,0.1927
M6-b1,phase_scan,4,14400,8,0.45,0.868652,0.642578,0.931641,0.033020,0.4774,0.2148
M6-b1,phase_scan,4,28800,8,0.45,0.940063,0.923828,0.952148,0.014954,0.4302,0.1936
M6-b1,phase_scan,4,36000,8,0.45,0.948853,0.904297,0.969727,0.012634,0.4178,0.1880
M6-b1,phase_scan,6,900,8,0.45,0.252319,0.056641,0.415039,0.175557,0.4882,0.2197
M6-b1,phase_scan,6,1800,8,0.45,0.446777,0.156250,0.650391,0.114380,0.4903,0.2206
M6-b1,phase_scan,6,3600,8,0.45,0.651001,0.346680,0.772461,0.066203,0.5236,0.2356
M6-b1,phase_scan,6,7200,8,0.45,0.741821,0.470703,0.821289,0.046692,0.5168,0.2325
M6-b1,phase_scan,6,14400,8,0.45,0.795654,0.452148,0.877930,0.034973,0.5262,0.2368
M6-b1,phase_scan,6,28800,8,0.45,0.910645,0.892578,0.922852,0.014648,0.5211,0.2345
M6-b1,phase_scan,6,36000,8,0.45,0.911377,0.768555,0.949219,0.014750,0.5207,0.2343
M6-b1,phase_scan,8,900,8,0.45,0.020874,0.000000,0.046875,0.266739,0.5862,0.2638
M6-b1,phase_scan,8,1800,8,0.45,0.056641,0.000977,0.235352,0.238892,0.5698,0.2564
M6-b1,phase_scan,8,3600,8,0.45,0.022705,0.000000,0.081055,0.241608,0.5983,0.2692
M6-b1,phase_scan,8,7200,8,0.45,0.012329,0.000000,0.063477,0.251282,0.7077,0.3185
M6-b1,phase_scan,8,14400,8,0.45,0.004150,0.000000,0.022461,0.240662,0.7230,0.3254
M6-b1,phase_scan,8,28800,8,0.45,0.003418,0.000000,0.009766,0.234421,0.6603,0.2971
M6-b1,phase_scan,8,36000,8,0.45,0.005371,0.000000,0.032227,0.212646,0.5291,0.2381
M6-b1,position_scan,4,900,8,0.45,0.318237,0.087891,0.500977,0.211853,0.7586,0.3414
M6-b1,position_scan,4,1800,8,0.45,0.240723,0.077148,0.547852,0.234497,0.8005,0.3602
M6-b1,position_scan,4,3600,8,0.45,0.162476,0.008789,0.532227,0.262573,0.8507,0.3828
M6-b1,position_scan,4,7200,8,0.45,0.363403,0.000000,0.813477,0.195465,0.7335,0.3301
M6-b1,position_scan,4,14400,8,0.45,0.036499,0.001953,0.146484,0.366028,0.8627,0.3882
M6-b1,position_scan,4,28800,8,0.45,0.060181,0.000977,0.365234,0.366852,0.8422,0.3790
M6-b1,position_scan,4,36000,8,0.45,0.075806,0.000000,0.385742,0.384949,0.8742,0.3934
M6-b1,position_scan,6,900,8,0.45,0.007080,0.000000,0.025391,0.345113,1.0388,0.4674
M6-b1,position_scan,6,1800,8,0.45,0.002075,0.000000,0.009766,0.387675,1.0535,0.4741
M6-b1,position_scan,6,3600,8,0.45,0.000122,0.000000,0.000977,0.421265,1.1272,0.5072
M6-b1,position_scan,6,7200,8,0.45,0.005005,0.000000,0.039062,0.410360,1.0628,0.4783
M6-b1,position_scan,6,14400,8,0.45,0.000000,0.000000,0.000000,0.535156,1.1016,0.4957
M6-b1,position_scan,6,28800,8,0.45,0.000000,0.000000,0.000000,0.593608,1.0956,0.4930
M6-b1,position_scan,6,36000,8,0.45,0.000000,0.000000,0.000000,0.567322,1.1233,0.5055
M6-b1,position_scan,8,900,8,0.45,0.000122,0.000000,0.000977,0.322189,1.3292,0.5981
M6-b1,position_scan,8,1800,8,0.45,0.000000,0.000000,0.000000,0.322861,1.3121,0.5904
M6-b1,position_scan,8,3600,8,0.45,0.000000,0.000000,0.000000,0.300858,1.4403,0.6481
M6-b1,position_scan,8,7200,8,0.45,0.000000,0.000000,0.000000,0.347198,1.2692,0.5712
M6-b1,position_scan,8,14400,8,0.45,0.000000,0.000000,0.000000,0.352631,1.3497,0.6074
M6-b1,position_scan,8,28800,8,0.45,0.000000,0.000000,0.000000,0.351105,1.4177,0.6380
M6-b1,position_scan,8,36000,8,0.45,0.000000,0.000000,0.000000,0.336716,1.5191,0.6836
M6-b1,priority_scan,4,900,8,0.45,0.346191,0.185547,0.529297,0.184937,0.5899,0.2654
M6-b1,priority_scan,4,1800,8,0.45,0.699585,0.665039,0.727539,0.080750,0.5286,0.2379
M6-b1,priority_scan,4,3600,8,0.45,0.753418,0.647461,0.806641,0.065918,0.5807,0.2613
M6-b1,priority_scan,4,7200,8,0.45,0.846069,0.791992,0.883789,0.039734,0.5868,0.2641
M6-b1,priority_scan,4,14400,8,0.45,0.889648,0.819336,0.926758,0.028046,0.5441,0.2448
M6-b1,priority_scan,4,28800,8,0.45,0.890503,0.577148,0.954102,0.028168,0.5632,0.2534
M6-b1,priority_scan,4,36000,8,0.45,0.811035,0.183594,0.950195,0.048615,0.5906,0.2658
M6-b1,priority_scan,6,900,8,0.45,0.038574,0.004883,0.108398,0.270671,1.0140,0.4563
M6-b1,priority_scan,6,1800,8,0.45,0.048462,0.017578,0.095703,0.263468,1.0178,0.4580
M6-b1,priority_scan,6,3600,8,0.45,0.038940,0.002930,0.121094,0.275350,1.0895,0.4903
M6-b1,priority_scan,6,7200,8,0.45,0.041016,0.000977,0.185547,0.296875,1.1092,0.4992
M6-b1,priority_scan,6,14400,8,0.45,0.026001,0.000000,0.066406,0.313293,1.0495,0.4723
M6-b1,priority_scan,6,28800,8,0.45,0.009277,0.000000,0.050781,0.366313,1.0711,0.4820
M6-b1,priority_scan,6,36000,8,0.45,0.005737,0.000000,0.023438,0.394613,1.0971,0.4937
M6-b1,priority_scan,8,900,8,0.45,0.002930,0.000000,0.010742,0.302612,1.4128,0.6357
M6-b1,priority_scan,8,1800,8,0.45,0.000244,0.000000,0.001953,0.244125,1.4606,0.6573
M6-b1,priority_scan,8,3600,8,0.45,0.000244,0.000000,0.000977,0.221542,1.5475,0.6964
M6-b1,priority_scan,8,7200,8,0.45,0.000732,0.000000,0.003906,0.206863,1.5706,0.7068
M6-b1,priority_scan,8,14400,8,0.45,0.000000,0.000000,0.000000,0.202423,1.4938,0.6722
M6-b1,priority_scan,8,28800,8,0.45,0.000000,0.000000,0.000000,0.205154,1.5754,0.7089
M6-b1,priority_scan,8,36000,8,0.45,0.000000,0.000000,0.000000,0.204269,1.6747,0.7536
M6-b2,phase_scan,4,900,8,0.45,0.712158,0.633789,0.765625,0.076080,0.2997,0.1348
M6-b2,phase_scan,4,1800,8,0.45,0.815918,0.763672,0.854492,0.048279,0.2733,0.1230
M6-b2,phase_scan,4,3600,8,0.45,0.828735,0.777344,0.887695,0.044067,0.3218,0.1448
M6-b2,phase_scan,4,7200,8,0.45,0.873901,0.831055,0.913086,0.031921,0.3190,0.1436
M6-b2,phase_scan,4,14400,8,0.45,0.904297,0.849609,0.950195,0.024139,0.3263,0.1468
M6-b2,phase_scan,4,28800,8,0.45,0.946777,0.928711,0.963867,0.013214,0.3330,0.1499
M6-b2,phase_scan,4,36000,8,0.45,0.938477,0.841797,0.966797,0.015198,0.3694,0.1662
M6-b2,phase_scan,6,900,8,0.45,0.292603,0.182617,0.421875,0.162333,0.4273,0.1923
M6-b2,phase_scan,6,1800,8,0.45,0.563721,0.443359,0.697266,0.086426,0.3702,0.1666
M6-b2,phase_scan,6,3600,8,0.45,0.707886,0.602539,0.792969,0.053975,0.4215,0.1897
M6-b2,phase_scan,6,7200,8,0.45,0.786743,0.725586,0.834961,0.037150,0.4143,0.1864
M6-b2,phase_scan,6,14400,8,0.45,0.856323,0.805664,0.888672,0.024373,0.4099,0.1845
M6-b2,phase_scan,6,28800,8,0.45,0.914185,0.876953,0.942383,0.013713,0.4153,0.1869
M6-b2,phase_scan,6,36000,8,0.45,0.919067,0.856445,0.947266,0.013245,0.4098,0.1844
M6-b2,phase_scan,8,900,8,0.45,0.032104,0.001953,0.103516,0.259430,0.5384,0.2423
M6-b2,phase_scan,8,1800,8,0.45,0.114258,0.026367,0.264648,0.204254,0.4194,0.1887
M6-b2,phase_scan,8,3600,8,0.45,0.055054,0.000977,0.143555,0.235901,0.4649,0.2092
M6-b2,phase_scan,8,7200,8,0.45,0.022827,0.000000,0.071289,0.270706,0.5114,0.2301
M6-b2,phase_scan,8,14400,8,0.45,0.031616,0.000000,0.165039,0.280807,0.4785,0.2153
M6-b2,phase_scan,8,28800,8,0.45,0.005737,0.000000,0.029297,0.309799,0.6299,0.2834
M6-b2,phase_scan,8,36000,8,0.45,0.012573,0.000000,0.080078,0.295029,0.5432,0.2444
M6-b2,position_scan,4,900,8,0.45,0.611572,0.368164,0.718750,0.105927,0.4524,0.2036
M6-b2,position_scan,4,1800,8,0.45,0.753052,0.678711,0.850586,0.063843,0.4556,0.2050
M6-b2,position_scan,4,3600,8,0.45,0.802002,0.700195,0.862305,0.050720,0.4905,0.2207
M6-b2,position_scan,4,7200,8,0.45,0.851807,0.806641,0.888672,0.037903,0.4508,0.2028
M6-b2,position_scan,4,14400,8,0.45,0.909790,0.876953,0.937500,0.022369,0.4869,0.2191
M6-b2,position_scan,4,28800,8,0.45,0.947632,0.919922,0.957031,0.013275,0.5058,0.2276
M6-b2,position_scan,4,36000,8,0.45,0.950439,0.925781,0.968750,0.012299,0.5094,0.2292
M6-b2,position_scan,6,900,8,0.45,0.148438,0.000977,0.291016,0.227804,0.6437,0.2897
M6-b2,position_scan,6,1800,8,0.45,0.241699,0.023438,0.518555,0.188965,0.6609,0.2974
M6-b2,position_scan,6,3600,8,0.45,0.409180,0.039062,0.659180,0.130880,0.6834,0.3075
M6-b2,position_scan,6,7200,8,0.45,0.663330,0.392578,0.814453,0.063477,0.6433,0.2895
M6-b2,position_scan,6,14400,8,0.45,0.842163,0.729492,0.899414,0.027079,0.6514,0.2931
M6-b2,position_scan,6,28800,8,0.45,0.873291,0.629883,0.925781,0.021322,0.6555,0.2950
M6-b2,position_scan,6,36000,8,0.45,0.912476,0.878906,0.950195,0.014486,0.6540,0.2943
M6-b2,position_scan,8,900,8,0.45,0.014038,0.000000,0.039062,0.288330,0.8297,0.3734
M6-b2,position_scan,8,1800,8,0.45,0.024414,0.000000,0.119141,0.259003,0.8523,0.3835
M6-b2,position_scan,8,3600,8,0.45,0.029907,0.000000,0.132812,0.272537,0.8837,0.3976
M6-b2,position_scan,8,7200,8,0.45,0.049438,0.000000,0.203125,0.262726,0.8704,0.3917
M6-b2,position_scan,8,14400,8,0.45,0.011353,0.000000,0.030273,0.269638,0.7420,0.3339
M6-b2,position_scan,8,28800,8,0.45,0.004395,0.000000,0.018555,0.279327,0.7897,0.3554
M6-b2,position_scan,8,36000,8,0.45,0.007568,0.000000,0.041992,0.274002,0.8575,0.3859
M6-b2,priority_scan,4,900,8,0.45,0.289917,0.147461,0.516602,0.206787,0.2279,0.1025
M6-b2,priority_scan,4,1800,8,0.45,0.730225,0.508789,0.786133,0.071198,0.3206,0.1443
M6-b2,priority_scan,4,3600,8,0.45,0.820435,0.727539,0.861328,0.046967,0.3488,0.1570
M6-b2,priority_scan,4,7200,8,0.45,0.886230,0.865234,0.900391,0.028748,0.3482,0.1567
M6-b2,priority_scan,4,14400,8,0.45,0.928223,0.903320,0.945312,0.017731,0.2989,0.1345
M6-b2,priority_scan,4,28800,8,0.45,0.960083,0.951172,0.968750,0.009918,0.3494,0.1572
M6-b2,priority_scan,4,36000,8,0.45,0.961304,0.956055,0.965820,0.010101,0.3036,0.1366
M6-b2,priority_scan,6,900,8,0.45,0.053955,0.018555,0.149414,0.276062,0.4117,0.1853
M6-b2,priority_scan,6,1800,8,0.45,0.306885,0.033203,0.447266,0.163432,0.5971,0.2687
M6-b2,priority_scan,6,3600,8,0.45,0.372681,0.136719,0.591797,0.143616,0.6947,0.3126
M6-b2,priority_scan,6,7200,8,0.45,0.575562,0.470703,0.664062,0.088420,0.6537,0.2942
M6-b2,priority_scan,6,14400,8,0.45,0.754272,0.512695,0.837891,0.047648,0.5731,0.2579
M6-b2,priority_scan,6,28800,8,0.45,0.838135,0.791016,0.880859,0.031087,0.6486,0.2919
M6-b2,priority_scan,6,36000,8,0.45,0.835327,0.666016,0.916016,0.030599,0.6409,0.2884
M6-b2,priority_scan,8,900,8,0.45,0.007935,0.000000,0.024414,0.308685,0.5955,0.2680
M6-b2,priority_scan,8,1800,8,0.45,0.056396,0.000977,0.104492,0.232956,0.8302,0.3736
M6-b2,priority_scan,8,3600,8,0.45,0.030640,0.000977,0.125000,0.252945,1.0166,0.4575
M6-b2,priority_scan,8,7200,8,0.45,0.046997,0.002930,0.142578,0.246124,0.9201,0.4140
M6-b2,priority_scan,8,14400,8,0.45,0.190430,0.000000,0.527344,0.191467,0.7966,0.3585
M6-b2,priority_scan,8,28800,8,0.45,0.076904,0.000000,0.335938,0.247681,0.9649,0.4342
M6-b2,priority_scan,8,36000,8,0.45,0.053833,0.000000,0.251953,0.248322,0.9735,0.4381
W30-b1,phase_scan,4,900,8,0.3,0.557983,0.422852,0.628906,0.146790,0.4238,0.1272
W30-b1,phase_scan,4,1800,8,0.3,0.671509,0.557617,0.761719,0.103546,0.4461,0.1338
W30-b1,phase_scan,4,3600,8,0.3,0.770264,0.726562,0.815430,0.068939,0.4402,0.1320
W30-b1,phase_scan,4,7200,8,0.3,0.857422,0.821289,0.880859,0.042847,0.4162,0.1248
W30-b1,phase_scan,4,14400,8,0.3,0.925659,0.912109,0.942383,0.021942,0.3498,0.1049
W30-b1,phase_scan,4,28800,8,0.3,0.949097,0.931641,0.962891,0.014526,0.3623,0.1087
W30-b1,phase_scan,4,36000,8,0.3,0.957642,0.927734,0.973633,0.011902,0.3378,0.1014
W30-b1,phase_scan,6,900,8,0.3,0.026001,0.004883,0.062500,0.385640,0.6312,0.1894
W30-b1,phase_scan,6,1800,8,0.3,0.051514,0.000000,0.184570,0.354899,0.7547,0.2264
W30-b1,phase_scan,6,3600,8,0.3,0.026001,0.003906,0.094727,0.337992,0.7620,0.2286
W30-b1,phase_scan,6,7200,8,0.3,0.049683,0.000977,0.155273,0.295878,0.7612,0.2284
W30-b1,phase_scan,6,14400,8,0.3,0.161743,0.006836,0.398438,0.214620,0.7586,0.2276
W30-b1,phase_scan,6,28800,8,0.3,0.029663,0.000000,0.200195,0.245605,0.7870,0.2361
W30-b1,phase_scan,6,36000,8,0.3,0.234131,0.010742,0.608398,0.177531,0.7491,0.2247
W30-b1,phase_scan,8,900,8,0.3,0.000488,0.000000,0.002930,0.492737,0.7817,0.2345
W30-b1,phase_scan,8,1800,8,0.3,0.001221,0.000000,0.006836,0.470932,0.9920,0.2976
W30-b1,phase_scan,8,3600,8,0.3,0.000366,0.000000,0.002930,0.474014,1.0517,0.3155
W30-b1,phase_scan,8,7200,8,0.3,0.000244,0.000000,0.001953,0.470520,1.0881,0.3264
W30-b1,phase_scan,8,14400,8,0.3,0.000244,0.000000,0.000977,0.484055,1.1567,0.3470
W30-b1,phase_scan,8,28800,8,0.3,0.000000,0.000000,0.000000,0.481308,1.4011,0.4203
W30-b1,phase_scan,8,36000,8,0.3,0.000000,0.000000,0.000000,0.506912,1.0079,0.3024
W30-b1,position_scan,4,900,8,0.3,0.080933,0.029297,0.139648,0.383636,0.8788,0.2636
W30-b1,position_scan,4,1800,8,0.3,0.154541,0.000000,0.533203,0.371948,0.9406,0.2822
W30-b1,position_scan,4,3600,8,0.3,0.202026,0.004883,0.489258,0.308990,0.8848,0.2654
W30-b1,position_scan,4,7200,8,0.3,0.255493,0.057617,0.688477,0.259888,0.8700,0.2610
W30-b1,position_scan,4,14400,8,0.3,0.594971,0.310547,0.835938,0.116302,0.8253,0.2476
W30-b1,position_scan,4,28800,8,0.3,0.642944,0.161133,0.890625,0.104675,0.8452,0.2536
W30-b1,position_scan,4,36000,8,0.3,0.778076,0.404297,0.899414,0.062042,0.8401,0.2520
W30-b1,position_scan,6,900,8,0.3,0.000000,0.000000,0.000000,0.543254,1.3575,0.4072
W30-b1,position_scan,6,1800,8,0.3,0.000854,0.000000,0.006836,0.567017,1.4969,0.4491
W30-b1,position_scan,6,3600,8,0.3,0.000244,0.000000,0.000977,0.648804,1.4777,0.4433
W30-b1,position_scan,6,7200,8,0.3,0.000000,0.000000,0.000000,0.691711,1.5757,0.4727
W30-b1,position_scan,6,14400,8,0.3,0.000000,0.000000,0.000000,0.741028,1.6102,0.4831
W30-b1,position_scan,6,28800,8,0.3,0.000000,0.000000,0.000000,0.796224,1.6224,0.4867
W30-b1,position_scan,6,36000,8,0.3,0.000000,0.000000,0.000000,0.803975,1.6476,0.4943
W30-b1,position_scan,8,900,8,0.3,0.000000,0.000000,0.000000,0.500397,1.8771,0.5631
W30-b1,position_scan,8,1800,8,0.3,0.000000,0.000000,0.000000,0.488113,2.1324,0.6397
W30-b1,position_scan,8,3600,8,0.3,0.000000,0.000000,0.000000,0.500931,2.1591,0.6477
W30-b1,position_scan,8,7200,8,0.3,0.000000,0.000000,0.000000,0.431381,2.2751,0.6825
W30-b1,position_scan,8,14400,8,0.3,0.000000,0.000000,0.000000,0.451630,2.2102,0.6631
W30-b1,position_scan,8,28800,8,0.3,0.000000,0.000000,0.000000,0.393066,2.4310,0.7293
W30-b1,position_scan,8,36000,8,0.3,0.000000,0.000000,0.000000,0.377701,2.3405,0.7022
W30-b1,priority_scan,4,900,8,0.3,0.125488,0.061523,0.221680,0.295197,0.7141,0.2142
W30-b1,priority_scan,4,1800,8,0.3,0.389526,0.251953,0.510742,0.195831,0.7819,0.2346
W30-b1,priority_scan,4,3600,8,0.3,0.474609,0.140625,0.732422,0.168976,0.7832,0.2350
W30-b1,priority_scan,4,7200,8,0.3,0.439209,0.145508,0.651367,0.175079,0.8802,0.2641
W30-b1,priority_scan,4,14400,8,0.3,0.651123,0.237305,0.820312,0.106537,0.8008,0.2402
W30-b1,priority_scan,4,28800,8,0.3,0.812988,0.528320,0.912109,0.055054,0.7633,0.2290
W30-b1,priority_scan,4,36000,8,0.3,0.841553,0.651367,0.927734,0.043243,0.7562,0.2268
W30-b1,priority_scan,6,900,8,0.3,0.006836,0.000977,0.014648,0.387065,1.2010,0.3603
W30-b1,priority_scan,6,1800,8,0.3,0.003906,0.000977,0.013672,0.425293,1.4841,0.4452
W30-b1,priority_scan,6,3600,8,0.3,0.002686,0.000000,0.013672,0.461426,1.5319,0.4596
W30-b1,priority_scan,6,7200,8,0.3,0.001099,0.000000,0.003906,0.517660,1.6919,0.5076
W30-b1,priority_scan,6,14400,8,0.3,0.000244,0.000000,0.000977,0.557983,1.5840,0.4752
W30-b1,priority_scan,6,28800,8,0.3,0.000610,0.000000,0.002930,0.595479,1.5275,0.4583
W30-b1,priority_scan,6,36000,8,0.3,0.000000,0.000000,0.000000,0.617167,1.5473,0.4642
W30-b1,priority_scan,8,900,8,0.3,0.000488,0.000000,0.000977,0.426682,1.7311,0.5193
W30-b1,priority_scan,8,1800,8,0.3,0.000000,0.000000,0.000000,0.386353,2.0910,0.6273
W30-b1,priority_scan,8,3600,8,0.3,0.000000,0.000000,0.000000,0.382141,2.2055,0.6616
W30-b1,priority_scan,8,7200,8,0.3,0.000000,0.000000,0.000000,0.358734,2.3624,0.7087
W30-b1,priority_scan,8,14400,8,0.3,0.000000,0.000000,0.000000,0.388138,2.2340,0.6702
W30-b1,priority_scan,8,28800,8,0.3,0.000000,0.000000,0.000000,0.396652,2.2597,0.6779
W30-b1,priority_scan,8,36000,8,0.3,0.000000,0.000000,0.000000,0.376678,2.3451,0.7035
W75-b1,phase_scan,4,900,8,0.75,0.874756,0.843750,0.916016,0.011047,0.2083,0.1562
W75-b1,phase_scan,4,1800,8,0.75,0.920776,0.881836,0.945312,0.007141,0.2214,0.1661
W75-b1,phase_scan,4,3600,8,0.75,0.954102,0.938477,0.964844,0.003265,0.2084,0.1563
W75-b1,phase_scan,4,7200,8,0.75,0.966553,0.958984,0.977539,0.002533,0.2015,0.1511
W75-b1,phase_scan,4,14400,8,0.75,0.974365,0.959961,0.981445,0.002075,0.1872,0.1404
W75-b1,phase_scan,4,28800,8,0.75,0.985352,0.976562,0.994141,0.001373,0.1687,0.1265
W75-b1,phase_scan,4,36000,8,0.75,0.985229,0.980469,0.995117,0.001343,0.1672,0.1254
W75-b1,phase_scan,6,900,8,0.75,0.622070,0.534180,0.698242,0.045573,0.3087,0.2315
W75-b1,phase_scan,6,1800,8,0.75,0.722900,0.593750,0.805664,0.031759,0.3655,0.2742
W75-b1,phase_scan,6,3600,8,0.75,0.823975,0.767578,0.872070,0.017578,0.3441,0.2580
W75-b1,phase_scan,6,7200,8,0.75,0.884766,0.853516,0.918945,0.010579,0.3468,0.2601
W75-b1,phase_scan,6,14400,8,0.75,0.908569,0.844727,0.939453,0.009216,0.3494,0.2620
W75-b1,phase_scan,6,28800,8,0.75,0.945190,0.925781,0.966797,0.004293,0.3379,0.2534
W75-b1,phase_scan,6,36000,8,0.75,0.944824,0.918945,0.963867,0.005452,0.3313,0.2485
W75-b1,phase_scan,8,900,8,0.75,0.234863,0.112305,0.416992,0.102295,0.3849,0.2887
W75-b1,phase_scan,8,1800,8,0.75,0.282227,0.079102,0.475586,0.092606,0.4836,0.3627
W75-b1,phase_scan,8,3600,8,0.75,0.470825,0.222656,0.630859,0.064407,0.4818,0.3614
W75-b1,phase_scan,8,7200,8,0.75,0.530273,0.336914,0.724609,0.057602,0.4995,0.3746
W75-b1,phase_scan,8,14400,8,0.75,0.321045,0.068359,0.487305,0.093674,0.5551,0.4163
W75-b1,phase_scan,8,28800,8,0.75,0.407227,0.084961,0.671875,0.078827,0.4709,0.3532
W75-b1,phase_scan,8,36000,8,0.75,0.472168,0.256836,0.687500,0.064590,0.4669,0.3502
W75-b1,position_scan,4,900,8,0.75,0.828735,0.792969,0.874023,0.027008,0.4452,0.3339
W75-b1,position_scan,4,1800,8,0.75,0.883545,0.846680,0.908203,0.018341,0.5022,0.3766
W75-b1,position_scan,4,3600,8,0.75,0.936401,0.914062,0.958984,0.008026,0.4404,0.3303
W75-b1,position_scan,4,7200,8,0.75,0.960938,0.952148,0.970703,0.003601,0.4419,0.3314
W75-b1,position_scan,4,14400,8,0.75,0.972168,0.965820,0.977539,0.003265,0.4475,0.3357
W75-b1,position_scan,4,28800,8,0.75,0.984009,0.976562,0.988281,0.001709,0.4469,0.3352
W75-b1,position_scan,4,36000,8,0.75,0.987793,0.984375,0.992188,0.000977,0.4355,0.3267
W75-b1,position_scan,6,900,8,0.75,0.257690,0.059570,0.534180,0.132446,0.6468,0.4851
W75-b1,position_scan,6,1800,8,0.75,0.280640,0.099609,0.425781,0.124756,0.7311,0.5483
W75-b1,position_scan,6,3600,8,0.75,0.536621,0.232422,0.746094,0.077026,0.6434,0.4826
W75-b1,position_scan,6,7200,8,0.75,0.662964,0.410156,0.786133,0.056315,0.6822,0.5117
W75-b1,position_scan,6,14400,8,0.75,0.760254,0.665039,0.865234,0.038310,0.7135,0.5351
W75-b1,position_scan,6,28800,8,0.75,0.874634,0.830078,0.925781,0.019084,0.7131,0.5348
W75-b1,position_scan,6,36000,8,0.75,0.912720,0.902344,0.924805,0.012410,0.7131,0.5348
W75-b1,position_scan,8,900,8,0.75,0.017090,0.000000,0.101562,0.164658,0.8755,0.6567
W75-b1,position_scan,8,1800,8,0.75,0.001465,0.000000,0.005859,0.141479,0.9920,0.7440
W75-b1,position_scan,8,3600,8,0.75,0.061401,0.000000,0.250977,0.133179,0.8678,0.6508
W75-b1,position_scan,8,7200,8,0.75,0.006592,0.000000,0.025391,0.134308,0.9246,0.6935
W75-b1,position_scan,8,14400,8,0.75,0.000977,0.000000,0.001953,0.135284,0.9664,0.7248
W75-b1,position_scan,8,28800,8,0.75,0.002075,0.000000,0.008789,0.133087,0.9326,0.6995
W75-b1,position_scan,8,36000,8,0.75,0.000000,0.000000,0.000000,0.129929,0.9836,0.7377
W75-b1,priority_scan,4,900,8,0.75,0.564453,0.415039,0.754883,0.104706,0.3545,0.2659
W75-b1,priority_scan,4,1800,8,0.75,0.854004,0.822266,0.879883,0.027740,0.3698,0.2773
W75-b1,priority_scan,4,3600,8,0.75,0.917969,0.901367,0.934570,0.015198,0.3810,0.2857
W75-b1,priority_scan,4,7200,8,0.75,0.941162,0.926758,0.950195,0.011200,0.3951,0.2963
W75-b1,priority_scan,4,14400,8,0.75,0.960327,0.956055,0.965820,0.006653,0.3929,0.2947
W75-b1,priority_scan,4,28800,8,0.75,0.978027,0.970703,0.987305,0.003113,0.3612,0.2709
W75-b1,priority_scan,4,36000,8,0.75,0.985352,0.982422,0.989258,0.002289,0.3941,0.2956
W75-b1,priority_scan,6,900,8,0.75,0.178345,0.083008,0.322266,0.168254,0.5968,0.4476
W75-b1,priority_scan,6,1800,8,0.75,0.410645,0.258789,0.535156,0.097514,0.6609,0.4957
W75-b1,priority_scan,6,3600,8,0.75,0.563110,0.232422,0.707031,0.071228,0.6766,0.5075
W75-b1,priority_scan,6,7200,8,0.75,0.630493,0.426758,0.729492,0.061259,0.7162,0.5371
W75-b1,priority_scan,6,14400,8,0.75,0.752563,0.692383,0.824219,0.040588,0.6859,0.5144
W75-b1,priority_scan,6,28800,8,0.75,0.851562,0.815430,0.887695,0.023702,0.6653,0.4990
W75-b1,priority_scan,6,36000,8,0.75,0.868408,0.791016,0.901367,0.021220,0.6987,0.5240
W75-b1,priority_scan,8,900,8,0.75,0.035767,0.010742,0.088867,0.197937,0.8520,0.6390
W75-b1,priority_scan,8,1800,8,0.75,0.025269,0.002930,0.075195,0.140549,0.9236,0.6927
W75-b1,priority_scan,8,3600,8,0.75,0.035645,0.000000,0.167969,0.132004,0.9328,0.6996
W75-b1,priority_scan,8,7200,8,0.75,0.038940,0.003906,0.150391,0.126648,0.9761,0.7321
W75-b1,priority_scan,8,14400,8,0.75,0.054077,0.001953,0.119141,0.123764,0.9233,0.6924
W75-b1,priority_scan,8,28800,8,0.75,0.040405,0.000977,0.132812,0.125183,0.9617,0.7213
W75-b1,priority_scan,8,36000,8,0.75,0.031738,0.000000,0.116211,0.124985,0.9947,0.7461
