n,noise_seed,sigma,exact_accuracy,analytical_exact,observed_minus_analytical
4,101,0.0,1.0,1.0,0.0
4,101,0.05,1.0,1.0,0.0
4,101,0.1,1.0,0.9999728188920612,2.7181107938756277e-05
4,101,0.2,0.90625,0.9057326241075964,0.0005173758924036376
4,101,0.35,0.421875,0.4125925224849219,0.009282477515078102
4,101,0.5,0.15625,0.15941814402529553,-0.0031681440252955273
4,101,0.75,0.0390625,0.041553444233571345,-0.0024909442335713447
4,101,1.0,0.0185546875,0.014546781286871714,0.004007906213128286
4,202,0.0,1.0,1.0,0.0
4,202,0.05,1.0,1.0,0.0
4,202,0.1,1.0,0.9999728188920612,2.7181107938756277e-05
4,202,0.2,0.9013671875,0.9057326241075964,-0.004365436607596362
4,202,0.35,0.396484375,0.4125925224849219,-0.016108147484921898
4,202,0.5,0.15234375,0.15941814402529553,-0.007074394025295527
4,202,0.75,0.03515625,0.041553444233571345,-0.006397194233571345
4,202,1.0,0.0107421875,0.014546781286871714,-0.003804593786871714
4,303,0.0,1.0,1.0,0.0
4,303,0.05,1.0,1.0,0.0
4,303,0.1,1.0,0.9999728188920612,2.7181107938756277e-05
4,303,0.2,0.904296875,0.9057326241075964,-0.0014357491075963624
4,303,0.35,0.4267578125,0.4125925224849219,0.014165290015078102
4,303,0.5,0.173828125,0.15941814402529553,0.014409980974704473
4,303,0.75,0.05859375,0.041553444233571345,0.017040305766428655
4,303,1.0,0.01953125,0.014546781286871714,0.004984468713128286
4,404,0.0,1.0,1.0,0.0
4,404,0.05,1.0,1.0,0.0
4,404,0.1,1.0,0.9999728188920612,2.7181107938756277e-05
4,404,0.2,0.8955078125,0.9057326241075964,-0.010224811607596362
4,404,0.35,0.3974609375,0.4125925224849219,-0.015131584984921898
4,404,0.5,0.138671875,0.15941814402529553,-0.020746269025295527
4,404,0.75,0.03515625,0.041553444233571345,-0.006397194233571345
4,404,1.0,0.017578125,0.014546781286871714,0.003031343713128286
6,101,0.0,1.0,1.0,0.0
6,101,0.05,1.0,1.0,0.0
6,101,0.1,1.0,0.9999592286151479,4.0771384852145154e-05
6,101,0.2,0.8671875,0.861985611838327,0.005201888161672996
6,101,0.35,0.275390625,0.2650220623958025,0.010368562604197495
6,101,0.5,0.064453125,0.06365120400441605,0.0008019209955839463
6,101,0.75,0.013671875,0.008470529130702311,0.005201345869297689
6,101,1.0,0.005859375,0.0017544878450241584,0.004104887154975842
6,202,0.0,1.0,1.0,0.0
6,202,0.05,1.0,1.0,0.0
6,202,0.1,1.0,0.9999592286151479,4.0771384852145154e-05
6,202,0.2,0.869140625,0.861985611838327,0.007155013161672996
6,202,0.35,0.2734375,0.2650220623958025,0.008415437604197495
6,202,0.5,0.0693359375,0.06365120400441605,0.005684733495583946
6,202,0.75,0.005859375,0.008470529130702311,-0.002611154130702311
6,202,1.0,0.0009765625,0.0017544878450241584,-0.0007779253450241584
6,303,0.0,1.0,1.0,0.0
6,303,0.05,1.0,1.0,0.0
6,303,0.1,1.0,0.9999592286151479,4.0771384852145154e-05
6,303,0.2,0.8681640625,0.861985611838327,0.006178450661672996
6,303,0.35,0.271484375,0.2650220623958025,0.006462312604197495
6,303,0.5,0.0703125,0.06365120400441605,0.006661295995583946
6,303,0.75,0.0185546875,0.008470529130702311,0.010084158369297689
6,303,1.0,0.001953125,0.0017544878450241584,0.0001986371549758416
6,404,0.0,1.0,1.0,0.0
6,404,0.05,1.0,1.0,0.0
6,404,0.1,1.0,0.9999592286151479,4.0771384852145154e-05
6,404,0.2,0.8515625,0.861985611838327,-0.010423111838327004
6,404,0.35,0.283203125,0.2650220623958025,0.018181062604197495
6,404,0.5,0.05859375,0.06365120400441605,-0.005057454004416054
6,404,0.75,0.0107421875,0.008470529130702311,0.002271658369297689
6,404,1.0,0.0029296875,0.0017544878450241584,0.0011751996549758416
8,101,0.0,1.0,1.0,0.0
8,101,0.05,1.0,1.0,0.0
8,101,0.1,1.0,0.999945638522935,5.4361477064945873e-05
8,101,0.2,0.818359375,0.8203515863728325,-0.001992211372832453
8,101,0.35,0.17578125,0.17023258961047075,0.005548660389529253
8,101,0.5,0.0244140625,0.025414144644469866,-0.001000082144469866
8,101,0.75,0.0,0.0017266887276725235,-0.0017266887276725235
8,101,1.0,0.0,0.00021160884580808106,-0.00021160884580808106
8,202,0.0,1.0,1.0,0.0
8,202,0.05,1.0,1.0,0.0
8,202,0.1,1.0,0.999945638522935,5.4361477064945873e-05
8,202,0.2,0.822265625,0.8203515863728325,0.001914038627167547
8,202,0.35,0.1806640625,0.17023258961047075,0.010431472889529253
8,202,0.5,0.0205078125,0.025414144644469866,-0.004906332144469866
8,202,0.75,0.0029296875,0.0017266887276725235,0.0012029987723274765
8,202,1.0,0.0,0.00021160884580808106,-0.00021160884580808106
8,303,0.0,1.0,1.0,0.0
8,303,0.05,1.0,1.0,0.0
8,303,0.1,1.0,0.999945638522935,5.4361477064945873e-05
8,303,0.2,0.830078125,0.8203515863728325,0.009726538627167547
8,303,0.35,0.18359375,0.17023258961047075,0.013361160389529253
8,303,0.5,0.02734375,0.025414144644469866,0.001929605355530134
8,303,0.75,0.0009765625,0.0017266887276725235,-0.0007501262276725235
8,303,1.0,0.0,0.00021160884580808106,-0.00021160884580808106
8,404,0.0,1.0,1.0,0.0
8,404,0.05,1.0,1.0,0.0
8,404,0.1,1.0,0.999945638522935,5.4361477064945873e-05
8,404,0.2,0.8154296875,0.8203515863728325,-0.004921898872832453
8,404,0.35,0.166015625,0.17023258961047075,-0.004216964610470747
8,404,0.5,0.0263671875,0.025414144644469866,0.000953042855530134
8,404,0.75,0.0009765625,0.0017266887276725235,-0.0007501262276725235
8,404,1.0,0.0,0.00021160884580808106,-0.00021160884580808106
10,101,0.0,1.0,1.0,0.0
10,101,0.05,1.0,1.0,0.0
10,101,0.1,1.0,0.9999320486154204,6.795138457960093e-05
10,101,0.2,0.763671875,0.7807284901533199,-0.01705661515331991
10,101,0.35,0.0986328125,0.10934612123804051,-0.010713308738040508
10,101,0.5,0.0126953125,0.010147156807359465,0.002548155692640535
10,101,0.75,0.0,0.00035197965986148006,-0.00035197965986148006
10,101,1.0,0.0,2.5522150952041307e-05,-2.5522150952041307e-05
10,202,0.0,1.0,1.0,0.0
10,202,0.05,1.0,1.0,0.0
10,202,0.1,1.0,0.9999320486154204,6.795138457960093e-05
10,202,0.2,0.775390625,0.7807284901533199,-0.0053378651533199095
10,202,0.35,0.0830078125,0.10934612123804051,-0.02633830873804051
10,202,0.5,0.0087890625,0.010147156807359465,-0.001358094307359465
10,202,0.75,0.0009765625,0.00035197965986148006,0.00062458284013852
10,202,1.0,0.0,2.5522150952041307e-05,-2.5522150952041307e-05
10,303,0.0,1.0,1.0,0.0
10,303,0.05,1.0,1.0,0.0
10,303,0.1,1.0,0.9999320486154204,6.795138457960093e-05
10,303,0.2,0.783203125,0.7807284901533199,0.0024746348466800905
10,303,0.35,0.1005859375,0.10934612123804051,-0.008760183738040508
10,303,0.5,0.0078125,0.010147156807359465,-0.002334656807359465
10,303,0.75,0.0,0.00035197965986148006,-0.00035197965986148006
10,303,1.0,0.0,2.5522150952041307e-05,-2.5522150952041307e-05
10,404,0.0,1.0,1.0,0.0
10,404,0.05,1.0,1.0,0.0
10,404,0.1,1.0,0.9999320486154204,6.795138457960093e-05
10,404,0.2,0.7705078125,0.7807284901533199,-0.01022067765331991
10,404,0.35,0.103515625,0.10934612123804051,-0.005830496238040508
10,404,0.5,0.005859375,0.010147156807359465,-0.004287781807359465
10,404,0.75,0.0,0.00035197965986148006,-0.00035197965986148006
10,404,1.0,0.0,2.5522150952041307e-05,-2.5522150952041307e-05
12,101,0.0,1.0,1.0,0.0
12,101,0.05,1.0,1.0,0.0
12,101,0.1,1.0,0.9999184588926014,8.15411073985528e-05
12,101,0.2,0.7353515625,0.743019195016295,-0.0076676325162949865
12,101,0.35,0.0576171875,0.07023669355652463,-0.012619506056524635
12,101,0.5,0.00390625,0.0040514757712117894,-0.00014522577121178944
12,101,0.75,0.0,7.174986375407646e-05,-7.174986375407646e-05
12,101,1.0,0.0,3.078227598337515e-06,-3.078227598337515e-06
12,202,0.0,1.0,1.0,0.0
12,202,0.05,1.0,1.0,0.0
12,202,0.1,0.9990234375,0.9999184588926014,-0.0008950213926014472
12,202,0.2,0.7421875,0.743019195016295,-0.0008316950162949865
12,202,0.35,0.0625,0.07023669355652463,-0.007736693556524635
12,202,0.5,0.0009765625,0.0040514757712117894,-0.0030749132712117894
12,202,0.75,0.0,7.174986375407646e-05,-7.174986375407646e-05
12,202,1.0,0.0,3.078227598337515e-06,-3.078227598337515e-06
12,303,0.0,1.0,1.0,0.0
12,303,0.05,1.0,1.0,0.0
12,303,0.1,1.0,0.9999184588926014,8.15411073985528e-05
12,303,0.2,0.7255859375,0.743019195016295,-0.017433257516294987
12,303,0.35,0.0810546875,0.07023669355652463,0.010817993943475365
12,303,0.5,0.0029296875,0.0040514757712117894,-0.0011217882712117894
12,303,0.75,0.0,7.174986375407646e-05,-7.174986375407646e-05
12,303,1.0,0.0,3.078227598337515e-06,-3.078227598337515e-06
12,404,0.0,1.0,1.0,0.0
12,404,0.05,1.0,1.0,0.0
12,404,0.1,1.0,0.9999184588926014,8.15411073985528e-05
12,404,0.2,0.7431640625,0.743019195016295,0.00014486748370501346
12,404,0.35,0.076171875,0.07023669355652463,0.005935181443475365
12,404,0.5,0.0068359375,0.0040514757712117894,0.0027844617287882106
12,404,0.75,0.0,7.174986375407646e-05,-7.174986375407646e-05
12,404,1.0,0.0,3.078227598337515e-06,-3.078227598337515e-06
