representation,readout,n,noise_seed,metric,threshold,lower_sigma,upper_sigma,status
phase,competitive,4,101,exact_accuracy,0.9,,0.0,ALREADY_BELOW_AT_ZERO
phase,competitive,4,101,exact_accuracy,0.75,,0.0,ALREADY_BELOW_AT_ZERO
phase,competitive,4,101,exact_accuracy,0.5,,0.0,ALREADY_BELOW_AT_ZERO
phase,competitive,4,101,pairwise_accuracy,0.9,,0.0,ALREADY_BELOW_AT_ZERO
phase,competitive,4,101,pairwise_accuracy,0.75,,0.0,ALREADY_BELOW_AT_ZERO
phase,competitive,4,101,pairwise_accuracy,0.5,,,NOT_REACHED
phase,competitive,4,202,exact_accuracy,0.9,,0.0,ALREADY_BELOW_AT_ZERO
phase,competitive,4,202,exact_accuracy,0.75,,0.0,ALREADY_BELOW_AT_ZERO
phase,competitive,4,202,exact_accuracy,0.5,,0.0,ALREADY_BELOW_AT_ZERO
phase,competitive,4,202,pairwise_accuracy,0.9,,0.0,ALREADY_BELOW_AT_ZERO
phase,competitive,4,202,pairwise_accuracy,0.75,,0.0,ALREADY_BELOW_AT_ZERO
phase,competitive,4,202,pairwise_accuracy,0.5,,,NOT_REACHED
phase,competitive,4,303,exact_accuracy,0.9,,0.0,ALREADY_BELOW_AT_ZERO
phase,competitive,4,303,exact_accuracy,0.75,,0.0,ALREADY_BELOW_AT_ZERO
phase,competitive,4,303,exact_accuracy,0.5,,0.0,ALREADY_BELOW_AT_ZERO
phase,competitive,4,303,pairwise_accuracy,0.9,,0.0,ALREADY_BELOW_AT_ZERO
phase,competitive,4,303,pairwise_accuracy,0.75,,0.0,ALREADY_BELOW_AT_ZERO
phase,competitive,4,303,pairwise_accuracy,0.5,0.0,0.05,GRID_INTERVAL
phase,competitive,4,404,exact_accuracy,0.9,,0.0,ALREADY_BELOW_AT_ZERO
phase,competitive,4,404,exact_accuracy,0.75,,0.0,ALREADY_BELOW_AT_ZERO
phase,competitive,4,404,exact_accuracy,0.5,,0.0,ALREADY_BELOW_AT_ZERO
phase,competitive,4,404,pairwise_accuracy,0.9,,0.0,ALREADY_BELOW_AT_ZERO
phase,competitive,4,404,pairwise_accuracy,0.75,,0.0,ALREADY_BELOW_AT_ZERO
phase,competitive,4,404,pairwise_accuracy,0.5,0.0,0.05,GRID_INTERVAL
phase,competitive,6,101,exact_accuracy,0.9,,0.0,ALREADY_BELOW_AT_ZERO
phase,competitive,6,101,exact_accuracy,0.75,,0.0,ALREADY_BELOW_AT_ZERO
phase,competitive,6,101,exact_accuracy,0.5,,0.0,ALREADY_BELOW_AT_ZERO
phase,competitive,6,101,pairwise_accuracy,0.9,,0.0,ALREADY_BELOW_AT_ZERO
phase,competitive,6,101,pairwise_accuracy,0.75,,0.0,ALREADY_BELOW_AT_ZERO
phase,competitive,6,101,pairwise_accuracy,0.5,0.0,0.05,GRID_INTERVAL
phase,competitive,6,202,exact_accuracy,0.9,,0.0,ALREADY_BELOW_AT_ZERO
phase,competitive,6,202,exact_accuracy,0.75,,0.0,ALREADY_BELOW_AT_ZERO
phase,competitive,6,202,exact_accuracy,0.5,,0.0,ALREADY_BELOW_AT_ZERO
phase,competitive,6,202,pairwise_accuracy,0.9,,0.0,ALREADY_BELOW_AT_ZERO
phase,competitive,6,202,pairwise_accuracy,0.75,,0.0,ALREADY_BELOW_AT_ZERO
phase,competitive,6,202,pairwise_accuracy,0.5,0.35,0.5,GRID_INTERVAL
phase,competitive,6,303,exact_accuracy,0.9,,0.0,ALREADY_BELOW_AT_ZERO
phase,competitive,6,303,exact_accuracy,0.75,,0.0,ALREADY_BELOW_AT_ZERO
phase,competitive,6,303,exact_accuracy,0.5,,0.0,ALREADY_BELOW_AT_ZERO
phase,competitive,6,303,pairwise_accuracy,0.9,,0.0,ALREADY_BELOW_AT_ZERO
phase,competitive,6,303,pairwise_accuracy,0.75,,0.0,ALREADY_BELOW_AT_ZERO
phase,competitive,6,303,pairwise_accuracy,0.5,0.0,0.05,GRID_INTERVAL
phase,competitive,6,404,exact_accuracy,0.9,,0.0,ALREADY_BELOW_AT_ZERO
phase,competitive,6,404,exact_accuracy,0.75,,0.0,ALREADY_BELOW_AT_ZERO
phase,competitive,6,404,exact_accuracy,0.5,,0.0,ALREADY_BELOW_AT_ZERO
phase,competitive,6,404,pairwise_accuracy,0.9,,0.0,ALREADY_BELOW_AT_ZERO
phase,competitive,6,404,pairwise_accuracy,0.75,,0.0,ALREADY_BELOW_AT_ZERO
phase,competitive,6,404,pairwise_accuracy,0.5,0.0,0.05,GRID_INTERVAL
phase,competitive,8,101,exact_accuracy,0.9,,0.0,ALREADY_BELOW_AT_ZERO
phase,competitive,8,101,exact_accuracy,0.75,,0.0,ALREADY_BELOW_AT_ZERO
phase,competitive,8,101,exact_accuracy,0.5,,0.0,ALREADY_BELOW_AT_ZERO
phase,competitive,8,101,pairwise_accuracy,0.9,,0.0,ALREADY_BELOW_AT_ZERO
phase,competitive,8,101,pairwise_accuracy,0.75,,0.0,ALREADY_BELOW_AT_ZERO
phase,competitive,8,101,pairwise_accuracy,0.5,,,NOT_REACHED
phase,competitive,8,202,exact_accuracy,0.9,,0.0,ALREADY_BELOW_AT_ZERO
phase,competitive,8,202,exact_accuracy,0.75,,0.0,ALREADY_BELOW_AT_ZERO
phase,competitive,8,202,exact_accuracy,0.5,,0.0,ALREADY_BELOW_AT_ZERO
phase,competitive,8,202,pairwise_accuracy,0.9,,0.0,ALREADY_BELOW_AT_ZERO
phase,competitive,8,202,pairwise_accuracy,0.75,,0.0,ALREADY_BELOW_AT_ZERO
phase,competitive,8,202,pairwise_accuracy,0.5,,,NOT_REACHED
phase,competitive,8,303,exact_accuracy,0.9,,0.0,ALREADY_BELOW_AT_ZERO
phase,competitive,8,303,exact_accuracy,0.75,,0.0,ALREADY_BELOW_AT_ZERO
phase,competitive,8,303,exact_accuracy,0.5,,0.0,ALREADY_BELOW_AT_ZERO
phase,competitive,8,303,pairwise_accuracy,0.9,,0.0,ALREADY_BELOW_AT_ZERO
phase,competitive,8,303,pairwise_accuracy,0.75,,0.0,ALREADY_BELOW_AT_ZERO
phase,competitive,8,303,pairwise_accuracy,0.5,0.0,0.05,GRID_INTERVAL
phase,competitive,8,404,exact_accuracy,0.9,,0.0,ALREADY_BELOW_AT_ZERO
phase,competitive,8,404,exact_accuracy,0.75,,0.0,ALREADY_BELOW_AT_ZERO
phase,competitive,8,404,exact_accuracy,0.5,,0.0,ALREADY_BELOW_AT_ZERO
phase,competitive,8,404,pairwise_accuracy,0.9,,0.0,ALREADY_BELOW_AT_ZERO
phase,competitive,8,404,pairwise_accuracy,0.75,,0.0,ALREADY_BELOW_AT_ZERO
phase,competitive,8,404,pairwise_accuracy,0.5,0.5,0.75,GRID_INTERVAL
phase,competitive,10,101,exact_accuracy,0.9,,0.0,ALREADY_BELOW_AT_ZERO
phase,competitive,10,101,exact_accuracy,0.75,,0.0,ALREADY_BELOW_AT_ZERO
phase,competitive,10,101,exact_accuracy,0.5,,0.0,ALREADY_BELOW_AT_ZERO
phase,competitive,10,101,pairwise_accuracy,0.9,,0.0,ALREADY_BELOW_AT_ZERO
phase,competitive,10,101,pairwise_accuracy,0.75,,0.0,ALREADY_BELOW_AT_ZERO
phase,competitive,10,101,pairwise_accuracy,0.5,0.5,0.75,GRID_INTERVAL
phase,competitive,10,202,exact_accuracy,0.9,,0.0,ALREADY_BELOW_AT_ZERO
phase,competitive,10,202,exact_accuracy,0.75,,0.0,ALREADY_BELOW_AT_ZERO
phase,competitive,10,202,exact_accuracy,0.5,,0.0,ALREADY_BELOW_AT_ZERO
phase,competitive,10,202,pairwise_accuracy,0.9,,0.0,ALREADY_BELOW_AT_ZERO
phase,competitive,10,202,pairwise_accuracy,0.75,,0.0,ALREADY_BELOW_AT_ZERO
phase,competitive,10,202,pairwise_accuracy,0.5,0.2,0.35,GRID_INTERVAL
phase,competitive,10,303,exact_accuracy,0.9,,0.0,ALREADY_BELOW_AT_ZERO
phase,competitive,10,303,exact_accuracy,0.75,,0.0,ALREADY_BELOW_AT_ZERO
phase,competitive,10,303,exact_accuracy,0.5,,0.0,ALREADY_BELOW_AT_ZERO
phase,competitive,10,303,pairwise_accuracy,0.9,,0.0,ALREADY_BELOW_AT_ZERO
phase,competitive,10,303,pairwise_accuracy,0.75,,0.0,ALREADY_BELOW_AT_ZERO
phase,competitive,10,303,pairwise_accuracy,0.5,,,NOT_REACHED
phase,competitive,10,404,exact_accuracy,0.9,,0.0,ALREADY_BELOW_AT_ZERO
phase,competitive,10,404,exact_accuracy,0.75,,0.0,ALREADY_BELOW_AT_ZERO
phase,competitive,10,404,exact_accuracy,0.5,,0.0,ALREADY_BELOW_AT_ZERO
phase,competitive,10,404,pairwise_accuracy,0.9,,0.0,ALREADY_BELOW_AT_ZERO
phase,competitive,10,404,pairwise_accuracy,0.75,,0.0,ALREADY_BELOW_AT_ZERO
phase,competitive,10,404,pairwise_accuracy,0.5,0.2,0.35,GRID_INTERVAL
phase,competitive,12,101,exact_accuracy,0.9,,0.0,ALREADY_BELOW_AT_ZERO
phase,competitive,12,101,exact_accuracy,0.75,,0.0,ALREADY_BELOW_AT_ZERO
phase,competitive,12,101,exact_accuracy,0.5,,0.0,ALREADY_BELOW_AT_ZERO
phase,competitive,12,101,pairwise_accuracy,0.9,,0.0,ALREADY_BELOW_AT_ZERO
phase,competitive,12,101,pairwise_accuracy,0.75,,0.0,ALREADY_BELOW_AT_ZERO
phase,competitive,12,101,pairwise_accuracy,0.5,0.0,0.05,GRID_INTERVAL
phase,competitive,12,202,exact_accuracy,0.9,,0.0,ALREADY_BELOW_AT_ZERO
phase,competitive,12,202,exact_accuracy,0.75,,0.0,ALREADY_BELOW_AT_ZERO
phase,competitive,12,202,exact_accuracy,0.5,,0.0,ALREADY_BELOW_AT_ZERO
phase,competitive,12,202,pairwise_accuracy,0.9,,0.0,ALREADY_BELOW_AT_ZERO
phase,competitive,12,202,pairwise_accuracy,0.75,,0.0,ALREADY_BELOW_AT_ZERO
phase,competitive,12,202,pairwise_accuracy,0.5,,,NOT_REACHED
phase,competitive,12,303,exact_accuracy,0.9,,0.0,ALREADY_BELOW_AT_ZERO
phase,competitive,12,303,exact_accuracy,0.75,,0.0,ALREADY_BELOW_AT_ZERO
phase,competitive,12,303,exact_accuracy,0.5,,0.0,ALREADY_BELOW_AT_ZERO
phase,competitive,12,303,pairwise_accuracy,0.9,,0.0,ALREADY_BELOW_AT_ZERO
phase,competitive,12,303,pairwise_accuracy,0.75,,0.0,ALREADY_BELOW_AT_ZERO
phase,competitive,12,303,pairwise_accuracy,0.5,,,NOT_REACHED
phase,competitive,12,404,exact_accuracy,0.9,,0.0,ALREADY_BELOW_AT_ZERO
phase,competitive,12,404,exact_accuracy,0.75,,0.0,ALREADY_BELOW_AT_ZERO
phase,competitive,12,404,exact_accuracy,0.5,,0.0,ALREADY_BELOW_AT_ZERO
phase,competitive,12,404,pairwise_accuracy,0.9,,0.0,ALREADY_BELOW_AT_ZERO
phase,competitive,12,404,pairwise_accuracy,0.75,,0.0,ALREADY_BELOW_AT_ZERO
phase,competitive,12,404,pairwise_accuracy,0.5,0.0,0.05,GRID_INTERVAL
phase,scan,4,101,exact_accuracy,0.9,0.2,0.35,GRID_INTERVAL
phase,scan,4,101,exact_accuracy,0.75,0.2,0.35,GRID_INTERVAL
phase,scan,4,101,exact_accuracy,0.5,0.2,0.35,GRID_INTERVAL
phase,scan,4,101,pairwise_accuracy,0.9,0.2,0.35,GRID_INTERVAL
phase,scan,4,101,pairwise_accuracy,0.75,0.2,0.35,GRID_INTERVAL
phase,scan,4,101,pairwise_accuracy,0.5,0.35,0.5,GRID_INTERVAL
phase,scan,4,202,exact_accuracy,0.9,0.2,0.35,GRID_INTERVAL
phase,scan,4,202,exact_accuracy,0.75,0.2,0.35,GRID_INTERVAL
phase,scan,4,202,exact_accuracy,0.5,0.2,0.35,GRID_INTERVAL
phase,scan,4,202,pairwise_accuracy,0.9,0.2,0.35,GRID_INTERVAL
phase,scan,4,202,pairwise_accuracy,0.75,0.2,0.35,GRID_INTERVAL
phase,scan,4,202,pairwise_accuracy,0.5,0.35,0.5,GRID_INTERVAL
phase,scan,4,303,exact_accuracy,0.9,0.2,0.35,GRID_INTERVAL
phase,scan,4,303,exact_accuracy,0.75,0.2,0.35,GRID_INTERVAL
phase,scan,4,303,exact_accuracy,0.5,0.2,0.35,GRID_INTERVAL
phase,scan,4,303,pairwise_accuracy,0.9,0.2,0.35,GRID_INTERVAL
phase,scan,4,303,pairwise_accuracy,0.75,0.2,0.35,GRID_INTERVAL
phase,scan,4,303,pairwise_accuracy,0.5,0.35,0.5,GRID_INTERVAL
phase,scan,4,404,exact_accuracy,0.9,0.1,0.2,GRID_INTERVAL
phase,scan,4,404,exact_accuracy,0.75,0.2,0.35,GRID_INTERVAL
phase,scan,4,404,exact_accuracy,0.5,0.2,0.35,GRID_INTERVAL
phase,scan,4,404,pairwise_accuracy,0.9,0.2,0.35,GRID_INTERVAL
phase,scan,4,404,pairwise_accuracy,0.75,0.2,0.35,GRID_INTERVAL
phase,scan,4,404,pairwise_accuracy,0.5,0.35,0.5,GRID_INTERVAL
phase,scan,6,101,exact_accuracy,0.9,0.1,0.2,GRID_INTERVAL
phase,scan,6,101,exact_accuracy,0.75,0.2,0.35,GRID_INTERVAL
phase,scan,6,101,exact_accuracy,0.5,0.2,0.35,GRID_INTERVAL
phase,scan,6,101,pairwise_accuracy,0.9,0.2,0.35,GRID_INTERVAL
phase,scan,6,101,pairwise_accuracy,0.75,0.2,0.35,GRID_INTERVAL
phase,scan,6,101,pairwise_accuracy,0.5,0.35,0.5,GRID_INTERVAL
phase,scan,6,202,exact_accuracy,0.9,0.1,0.2,GRID_INTERVAL
phase,scan,6,202,exact_accuracy,0.75,0.2,0.35,GRID_INTERVAL
phase,scan,6,202,exact_accuracy,0.5,0.2,0.35,GRID_INTERVAL
phase,scan,6,202,pairwise_accuracy,0.9,0.2,0.35,GRID_INTERVAL
phase,scan,6,202,pairwise_accuracy,0.75,0.2,0.35,GRID_INTERVAL
phase,scan,6,202,pairwise_accuracy,0.5,0.35,0.5,GRID_INTERVAL
phase,scan,6,303,exact_accuracy,0.9,0.1,0.2,GRID_INTERVAL
phase,scan,6,303,exact_accuracy,0.75,0.2,0.35,GRID_INTERVAL
phase,scan,6,303,exact_accuracy,0.5,0.2,0.35,GRID_INTERVAL
phase,scan,6,303,pairwise_accuracy,0.9,0.2,0.35,GRID_INTERVAL
phase,scan,6,303,pairwise_accuracy,0.75,0.2,0.35,GRID_INTERVAL
phase,scan,6,303,pairwise_accuracy,0.5,0.35,0.5,GRID_INTERVAL
phase,scan,6,404,exact_accuracy,0.9,0.1,0.2,GRID_INTERVAL
phase,scan,6,404,exact_accuracy,0.75,0.2,0.35,GRID_INTERVAL
phase,scan,6,404,exact_accuracy,0.5,0.2,0.35,GRID_INTERVAL
phase,scan,6,404,pairwise_accuracy,0.9,0.2,0.35,GRID_INTERVAL
phase,scan,6,404,pairwise_accuracy,0.75,0.2,0.35,GRID_INTERVAL
phase,scan,6,404,pairwise_accuracy,0.5,0.35,0.5,GRID_INTERVAL
phase,scan,8,101,exact_accuracy,0.9,0.1,0.2,GRID_INTERVAL
phase,scan,8,101,exact_accuracy,0.75,0.2,0.35,GRID_INTERVAL
phase,scan,8,101,exact_accuracy,0.5,0.2,0.35,GRID_INTERVAL
phase,scan,8,101,pairwise_accuracy,0.9,0.2,0.35,GRID_INTERVAL
phase,scan,8,101,pairwise_accuracy,0.75,0.2,0.35,GRID_INTERVAL
phase,scan,8,101,pairwise_accuracy,0.5,0.35,0.5,GRID_INTERVAL
phase,scan,8,202,exact_accuracy,0.9,0.1,0.2,GRID_INTERVAL
phase,scan,8,202,exact_accuracy,0.75,0.2,0.35,GRID_INTERVAL
phase,scan,8,202,exact_accuracy,0.5,0.2,0.35,GRID_INTERVAL
phase,scan,8,202,pairwise_accuracy,0.9,0.2,0.35,GRID_INTERVAL
phase,scan,8,202,pairwise_accuracy,0.75,0.2,0.35,GRID_INTERVAL
phase,scan,8,202,pairwise_accuracy,0.5,0.35,0.5,GRID_INTERVAL
phase,scan,8,303,exact_accuracy,0.9,0.1,0.2,GRID_INTERVAL
phase,scan,8,303,exact_accuracy,0.75,0.2,0.35,GRID_INTERVAL
phase,scan,8,303,exact_accuracy,0.5,0.2,0.35,GRID_INTERVAL
phase,scan,8,303,pairwise_accuracy,0.9,0.2,0.35,GRID_INTERVAL
phase,scan,8,303,pairwise_accuracy,0.75,0.2,0.35,GRID_INTERVAL
phase,scan,8,303,pairwise_accuracy,0.5,0.35,0.5,GRID_INTERVAL
phase,scan,8,404,exact_accuracy,0.9,0.1,0.2,GRID_INTERVAL
phase,scan,8,404,exact_accuracy,0.75,0.2,0.35,GRID_INTERVAL
phase,scan,8,404,exact_accuracy,0.5,0.2,0.35,GRID_INTERVAL
phase,scan,8,404,pairwise_accuracy,0.9,0.2,0.35,GRID_INTERVAL
phase,scan,8,404,pairwise_accuracy,0.75,0.2,0.35,GRID_INTERVAL
phase,scan,8,404,pairwise_accuracy,0.5,0.35,0.5,GRID_INTERVAL
phase,scan,10,101,exact_accuracy,0.9,0.1,0.2,GRID_INTERVAL
phase,scan,10,101,exact_accuracy,0.75,0.2,0.35,GRID_INTERVAL
phase,scan,10,101,exact_accuracy,0.5,0.2,0.35,GRID_INTERVAL
phase,scan,10,101,pairwise_accuracy,0.9,0.2,0.35,GRID_INTERVAL
phase,scan,10,101,pairwise_accuracy,0.75,0.2,0.35,GRID_INTERVAL
phase,scan,10,101,pairwise_accuracy,0.5,0.35,0.5,GRID_INTERVAL
phase,scan,10,202,exact_accuracy,0.9,0.1,0.2,GRID_INTERVAL
phase,scan,10,202,exact_accuracy,0.75,0.2,0.35,GRID_INTERVAL
phase,scan,10,202,exact_accuracy,0.5,0.2,0.35,GRID_INTERVAL
phase,scan,10,202,pairwise_accuracy,0.9,0.2,0.35,GRID_INTERVAL
phase,scan,10,202,pairwise_accuracy,0.75,0.2,0.35,GRID_INTERVAL
phase,scan,10,202,pairwise_accuracy,0.5,0.35,0.5,GRID_INTERVAL
phase,scan,10,303,exact_accuracy,0.9,0.1,0.2,GRID_INTERVAL
phase,scan,10,303,exact_accuracy,0.75,0.2,0.35,GRID_INTERVAL
phase,scan,10,303,exact_accuracy,0.5,0.2,0.35,GRID_INTERVAL
phase,scan,10,303,pairwise_accuracy,0.9,0.2,0.35,GRID_INTERVAL
phase,scan,10,303,pairwise_accuracy,0.75,0.2,0.35,GRID_INTERVAL
phase,scan,10,303,pairwise_accuracy,0.5,0.35,0.5,GRID_INTERVAL
phase,scan,10,404,exact_accuracy,0.9,0.1,0.2,GRID_INTERVAL
phase,scan,10,404,exact_accuracy,0.75,0.2,0.35,GRID_INTERVAL
phase,scan,10,404,exact_accuracy,0.5,0.2,0.35,GRID_INTERVAL
phase,scan,10,404,pairwise_accuracy,0.9,0.2,0.35,GRID_INTERVAL
phase,scan,10,404,pairwise_accuracy,0.75,0.2,0.35,GRID_INTERVAL
phase,scan,10,404,pairwise_accuracy,0.5,0.35,0.5,GRID_INTERVAL
phase,scan,12,101,exact_accuracy,0.9,0.1,0.2,GRID_INTERVAL
phase,scan,12,101,exact_accuracy,0.75,0.1,0.2,GRID_INTERVAL
phase,scan,12,101,exact_accuracy,0.5,0.2,0.35,GRID_INTERVAL
phase,scan,12,101,pairwise_accuracy,0.9,0.2,0.35,GRID_INTERVAL
phase,scan,12,101,pairwise_accuracy,0.75,0.2,0.35,GRID_INTERVAL
phase,scan,12,101,pairwise_accuracy,0.5,0.5,0.75,GRID_INTERVAL
phase,scan,12,202,exact_accuracy,0.9,0.1,0.2,GRID_INTERVAL
phase,scan,12,202,exact_accuracy,0.75,0.1,0.2,GRID_INTERVAL
phase,scan,12,202,exact_accuracy,0.5,0.2,0.35,GRID_INTERVAL
phase,scan,12,202,pairwise_accuracy,0.9,0.2,0.35,GRID_INTERVAL
phase,scan,12,202,pairwise_accuracy,0.75,0.2,0.35,GRID_INTERVAL
phase,scan,12,202,pairwise_accuracy,0.5,0.35,0.5,GRID_INTERVAL
phase,scan,12,303,exact_accuracy,0.9,0.1,0.2,GRID_INTERVAL
phase,scan,12,303,exact_accuracy,0.75,0.1,0.2,GRID_INTERVAL
phase,scan,12,303,exact_accuracy,0.5,0.2,0.35,GRID_INTERVAL
phase,scan,12,303,pairwise_accuracy,0.9,0.2,0.35,GRID_INTERVAL
phase,scan,12,303,pairwise_accuracy,0.75,0.2,0.35,GRID_INTERVAL
phase,scan,12,303,pairwise_accuracy,0.5,0.5,0.75,GRID_INTERVAL
phase,scan,12,404,exact_accuracy,0.9,0.1,0.2,GRID_INTERVAL
phase,scan,12,404,exact_accuracy,0.75,0.1,0.2,GRID_INTERVAL
phase,scan,12,404,exact_accuracy,0.5,0.2,0.35,GRID_INTERVAL
phase,scan,12,404,pairwise_accuracy,0.9,0.2,0.35,GRID_INTERVAL
phase,scan,12,404,pairwise_accuracy,0.75,0.2,0.35,GRID_INTERVAL
phase,scan,12,404,pairwise_accuracy,0.5,0.35,0.5,GRID_INTERVAL
position,competitive,4,101,exact_accuracy,0.9,0.35,0.5,GRID_INTERVAL
position,competitive,4,101,exact_accuracy,0.75,0.5,0.75,GRID_INTERVAL
position,competitive,4,101,exact_accuracy,0.5,0.75,1.0,GRID_INTERVAL
position,competitive,4,101,pairwise_accuracy,0.9,0.75,1.0,GRID_INTERVAL
position,competitive,4,101,pairwise_accuracy,0.75,,,NOT_REACHED
position,competitive,4,101,pairwise_accuracy,0.5,,,NOT_REACHED
position,competitive,4,202,exact_accuracy,0.9,0.35,0.5,GRID_INTERVAL
position,competitive,4,202,exact_accuracy,0.75,0.5,0.75,GRID_INTERVAL
position,competitive,4,202,exact_accuracy,0.5,0.75,1.0,GRID_INTERVAL
position,competitive,4,202,pairwise_accuracy,0.9,0.75,1.0,GRID_INTERVAL
position,competitive,4,202,pairwise_accuracy,0.75,,,NOT_REACHED
position,competitive,4,202,pairwise_accuracy,0.5,,,NOT_REACHED
position,competitive,4,303,exact_accuracy,0.9,0.35,0.5,GRID_INTERVAL
position,competitive,4,303,exact_accuracy,0.75,0.5,0.75,GRID_INTERVAL
position,competitive,4,303,exact_accuracy,0.5,0.75,1.0,GRID_INTERVAL
position,competitive,4,303,pairwise_accuracy,0.9,0.5,0.75,GRID_INTERVAL
position,competitive,4,303,pairwise_accuracy,0.75,,,NOT_REACHED
position,competitive,4,303,pairwise_accuracy,0.5,,,NOT_REACHED
position,competitive,4,404,exact_accuracy,0.9,0.35,0.5,GRID_INTERVAL
position,competitive,4,404,exact_accuracy,0.75,0.5,0.75,GRID_INTERVAL
position,competitive,4,404,exact_accuracy,0.5,0.75,1.0,GRID_INTERVAL
position,competitive,4,404,pairwise_accuracy,0.9,0.75,1.0,GRID_INTERVAL
position,competitive,4,404,pairwise_accuracy,0.75,,,NOT_REACHED
position,competitive,4,404,pairwise_accuracy,0.5,,,NOT_REACHED
position,competitive,6,101,exact_accuracy,0.9,0.35,0.5,GRID_INTERVAL
position,competitive,6,101,exact_accuracy,0.75,0.35,0.5,GRID_INTERVAL
position,competitive,6,101,exact_accuracy,0.5,0.5,0.75,GRID_INTERVAL
position,competitive,6,101,pairwise_accuracy,0.9,0.75,1.0,GRID_INTERVAL
position,competitive,6,101,pairwise_accuracy,0.75,,,NOT_REACHED
position,competitive,6,101,pairwise_accuracy,0.5,,,NOT_REACHED
position,competitive,6,202,exact_accuracy,0.9,0.2,0.35,GRID_INTERVAL
position,competitive,6,202,exact_accuracy,0.75,0.35,0.5,GRID_INTERVAL
position,competitive,6,202,exact_accuracy,0.5,0.5,0.75,GRID_INTERVAL
position,competitive,6,202,pairwise_accuracy,0.9,0.75,1.0,GRID_INTERVAL
position,competitive,6,202,pairwise_accuracy,0.75,,,NOT_REACHED
position,competitive,6,202,pairwise_accuracy,0.5,,,NOT_REACHED
position,competitive,6,303,exact_accuracy,0.9,0.35,0.5,GRID_INTERVAL
position,competitive,6,303,exact_accuracy,0.75,0.35,0.5,GRID_INTERVAL
position,competitive,6,303,exact_accuracy,0.5,0.5,0.75,GRID_INTERVAL
position,competitive,6,303,pairwise_accuracy,0.9,0.75,1.0,GRID_INTERVAL
position,competitive,6,303,pairwise_accuracy,0.75,,,NOT_REACHED
position,competitive,6,303,pairwise_accuracy,0.5,,,NOT_REACHED
position,competitive,6,404,exact_accuracy,0.9,0.2,0.35,GRID_INTERVAL
position,competitive,6,404,exact_accuracy,0.75,0.35,0.5,GRID_INTERVAL
position,competitive,6,404,exact_accuracy,0.5,0.5,0.75,GRID_INTERVAL
position,competitive,6,404,pairwise_accuracy,0.9,0.75,1.0,GRID_INTERVAL
position,competitive,6,404,pairwise_accuracy,0.75,,,NOT_REACHED
position,competitive,6,404,pairwise_accuracy,0.5,,,NOT_REACHED
position,competitive,8,101,exact_accuracy,0.9,0.2,0.35,GRID_INTERVAL
position,competitive,8,101,exact_accuracy,0.75,0.35,0.5,GRID_INTERVAL
position,competitive,8,101,exact_accuracy,0.5,0.5,0.75,GRID_INTERVAL
position,competitive,8,101,pairwise_accuracy,0.9,,,NOT_REACHED
position,competitive,8,101,pairwise_accuracy,0.75,,,NOT_REACHED
position,competitive,8,101,pairwise_accuracy,0.5,,,NOT_REACHED
position,competitive,8,202,exact_accuracy,0.9,0.2,0.35,GRID_INTERVAL
position,competitive,8,202,exact_accuracy,0.75,0.35,0.5,GRID_INTERVAL
position,competitive,8,202,exact_accuracy,0.5,0.5,0.75,GRID_INTERVAL
position,competitive,8,202,pairwise_accuracy,0.9,,,NOT_REACHED
position,competitive,8,202,pairwise_accuracy,0.75,,,NOT_REACHED
position,competitive,8,202,pairwise_accuracy,0.5,,,NOT_REACHED
position,competitive,8,303,exact_accuracy,0.9,0.2,0.35,GRID_INTERVAL
position,competitive,8,303,exact_accuracy,0.75,0.35,0.5,GRID_INTERVAL
position,competitive,8,303,exact_accuracy,0.5,0.5,0.75,GRID_INTERVAL
position,competitive,8,303,pairwise_accuracy,0.9,,,NOT_REACHED
position,competitive,8,303,pairwise_accuracy,0.75,,,NOT_REACHED
position,competitive,8,303,pairwise_accuracy,0.5,,,NOT_REACHED
position,competitive,8,404,exact_accuracy,0.9,0.2,0.35,GRID_INTERVAL
position,competitive,8,404,exact_accuracy,0.75,0.35,0.5,GRID_INTERVAL
position,competitive,8,404,exact_accuracy,0.5,0.5,0.75,GRID_INTERVAL
position,competitive,8,404,pairwise_accuracy,0.9,,,NOT_REACHED
position,competitive,8,404,pairwise_accuracy,0.75,,,NOT_REACHED
position,competitive,8,404,pairwise_accuracy,0.5,,,NOT_REACHED
position,competitive,10,101,exact_accuracy,0.9,0.2,0.35,GRID_INTERVAL
position,competitive,10,101,exact_accuracy,0.75,0.35,0.5,GRID_INTERVAL
position,competitive,10,101,exact_accuracy,0.5,0.35,0.5,GRID_INTERVAL
position,competitive,10,101,pairwise_accuracy,0.9,,,NOT_REACHED
position,competitive,10,101,pairwise_accuracy,0.75,,,NOT_REACHED
position,competitive,10,101,pairwise_accuracy,0.5,,,NOT_REACHED
position,competitive,10,202,exact_accuracy,0.9,0.2,0.35,GRID_INTERVAL
position,competitive,10,202,exact_accuracy,0.75,0.35,0.5,GRID_INTERVAL
position,competitive,10,202,exact_accuracy,0.5,0.35,0.5,GRID_INTERVAL
position,competitive,10,202,pairwise_accuracy,0.9,,,NOT_REACHED
position,competitive,10,202,pairwise_accuracy,0.75,,,NOT_REACHED
position,competitive,10,202,pairwise_accuracy,0.5,,,NOT_REACHED
position,competitive,10,303,exact_accuracy,0.9,0.2,0.35,GRID_INTERVAL
position,competitive,10,303,exact_accuracy,0.75,0.35,0.5,GRID_INTERVAL
position,competitive,10,303,exact_accuracy,0.5,0.35,0.5,GRID_INTERVAL
position,competitive,10,303,pairwise_accuracy,0.9,,,NOT_REACHED
position,competitive,10,303,pairwise_accuracy,0.75,,,NOT_REACHED
position,competitive,10,303,pairwise_accuracy,0.5,,,NOT_REACHED
position,competitive,10,404,exact_accuracy,0.9,0.2,0.35,GRID_INTERVAL
position,competitive,10,404,exact_accuracy,0.75,0.35,0.5,GRID_INTERVAL
position,competitive,10,404,exact_accuracy,0.5,0.35,0.5,GRID_INTERVAL
position,competitive,10,404,pairwise_accuracy,0.9,,,NOT_REACHED
position,competitive,10,404,pairwise_accuracy,0.75,,,NOT_REACHED
position,competitive,10,404,pairwise_accuracy,0.5,,,NOT_REACHED
position,competitive,12,101,exact_accuracy,0.9,0.2,0.35,GRID_INTERVAL
position,competitive,12,101,exact_accuracy,0.75,0.35,0.5,GRID_INTERVAL
position,competitive,12,101,exact_accuracy,0.5,0.35,0.5,GRID_INTERVAL
position,competitive,12,101,pairwise_accuracy,0.9,,,NOT_REACHED
position,competitive,12,101,pairwise_accuracy,0.75,,,NOT_REACHED
position,competitive,12,101,pairwise_accuracy,0.5,,,NOT_REACHED
position,competitive,12,202,exact_accuracy,0.9,0.2,0.35,GRID_INTERVAL
position,competitive,12,202,exact_accuracy,0.75,0.35,0.5,GRID_INTERVAL
position,competitive,12,202,exact_accuracy,0.5,0.35,0.5,GRID_INTERVAL
position,competitive,12,202,pairwise_accuracy,0.9,,,NOT_REACHED
position,competitive,12,202,pairwise_accuracy,0.75,,,NOT_REACHED
position,competitive,12,202,pairwise_accuracy,0.5,,,NOT_REACHED
position,competitive,12,303,exact_accuracy,0.9,0.2,0.35,GRID_INTERVAL
position,competitive,12,303,exact_accuracy,0.75,0.35,0.5,GRID_INTERVAL
position,competitive,12,303,exact_accuracy,0.5,0.35,0.5,GRID_INTERVAL
position,competitive,12,303,pairwise_accuracy,0.9,,,NOT_REACHED
position,competitive,12,303,pairwise_accuracy,0.75,,,NOT_REACHED
position,competitive,12,303,pairwise_accuracy,0.5,,,NOT_REACHED
position,competitive,12,404,exact_accuracy,0.9,0.2,0.35,GRID_INTERVAL
position,competitive,12,404,exact_accuracy,0.75,0.35,0.5,GRID_INTERVAL
position,competitive,12,404,exact_accuracy,0.5,0.35,0.5,GRID_INTERVAL
position,competitive,12,404,pairwise_accuracy,0.9,,,NOT_REACHED
position,competitive,12,404,pairwise_accuracy,0.75,,,NOT_REACHED
position,competitive,12,404,pairwise_accuracy,0.5,,,NOT_REACHED
position,scan,4,101,exact_accuracy,0.9,0.2,0.35,GRID_INTERVAL
position,scan,4,101,exact_accuracy,0.75,0.2,0.35,GRID_INTERVAL
position,scan,4,101,exact_accuracy,0.5,0.2,0.35,GRID_INTERVAL
position,scan,4,101,pairwise_accuracy,0.9,0.2,0.35,GRID_INTERVAL
position,scan,4,101,pairwise_accuracy,0.75,0.2,0.35,GRID_INTERVAL
position,scan,4,101,pairwise_accuracy,0.5,0.35,0.5,GRID_INTERVAL
position,scan,4,202,exact_accuracy,0.9,0.2,0.35,GRID_INTERVAL
position,scan,4,202,exact_accuracy,0.75,0.2,0.35,GRID_INTERVAL
position,scan,4,202,exact_accuracy,0.5,0.2,0.35,GRID_INTERVAL
position,scan,4,202,pairwise_accuracy,0.9,0.2,0.35,GRID_INTERVAL
position,scan,4,202,pairwise_accuracy,0.75,0.2,0.35,GRID_INTERVAL
position,scan,4,202,pairwise_accuracy,0.5,0.35,0.5,GRID_INTERVAL
position,scan,4,303,exact_accuracy,0.9,0.2,0.35,GRID_INTERVAL
position,scan,4,303,exact_accuracy,0.75,0.2,0.35,GRID_INTERVAL
position,scan,4,303,exact_accuracy,0.5,0.2,0.35,GRID_INTERVAL
position,scan,4,303,pairwise_accuracy,0.9,0.2,0.35,GRID_INTERVAL
position,scan,4,303,pairwise_accuracy,0.75,0.2,0.35,GRID_INTERVAL
position,scan,4,303,pairwise_accuracy,0.5,0.35,0.5,GRID_INTERVAL
position,scan,4,404,exact_accuracy,0.9,0.1,0.2,GRID_INTERVAL
position,scan,4,404,exact_accuracy,0.75,0.2,0.35,GRID_INTERVAL
position,scan,4,404,exact_accuracy,0.5,0.2,0.35,GRID_INTERVAL
position,scan,4,404,pairwise_accuracy,0.9,0.2,0.35,GRID_INTERVAL
position,scan,4,404,pairwise_accuracy,0.75,0.2,0.35,GRID_INTERVAL
position,scan,4,404,pairwise_accuracy,0.5,0.35,0.5,GRID_INTERVAL
position,scan,6,101,exact_accuracy,0.9,0.1,0.2,GRID_INTERVAL
position,scan,6,101,exact_accuracy,0.75,0.2,0.35,GRID_INTERVAL
position,scan,6,101,exact_accuracy,0.5,0.2,0.35,GRID_INTERVAL
position,scan,6,101,pairwise_accuracy,0.9,0.2,0.35,GRID_INTERVAL
position,scan,6,101,pairwise_accuracy,0.75,0.2,0.35,GRID_INTERVAL
position,scan,6,101,pairwise_accuracy,0.5,0.35,0.5,GRID_INTERVAL
position,scan,6,202,exact_accuracy,0.9,0.1,0.2,GRID_INTERVAL
position,scan,6,202,exact_accuracy,0.75,0.2,0.35,GRID_INTERVAL
position,scan,6,202,exact_accuracy,0.5,0.2,0.35,GRID_INTERVAL
position,scan,6,202,pairwise_accuracy,0.9,0.2,0.35,GRID_INTERVAL
position,scan,6,202,pairwise_accuracy,0.75,0.2,0.35,GRID_INTERVAL
position,scan,6,202,pairwise_accuracy,0.5,0.35,0.5,GRID_INTERVAL
position,scan,6,303,exact_accuracy,0.9,0.1,0.2,GRID_INTERVAL
position,scan,6,303,exact_accuracy,0.75,0.2,0.35,GRID_INTERVAL
position,scan,6,303,exact_accuracy,0.5,0.2,0.35,GRID_INTERVAL
position,scan,6,303,pairwise_accuracy,0.9,0.2,0.35,GRID_INTERVAL
position,scan,6,303,pairwise_accuracy,0.75,0.2,0.35,GRID_INTERVAL
position,scan,6,303,pairwise_accuracy,0.5,0.35,0.5,GRID_INTERVAL
position,scan,6,404,exact_accuracy,0.9,0.1,0.2,GRID_INTERVAL
position,scan,6,404,exact_accuracy,0.75,0.2,0.35,GRID_INTERVAL
position,scan,6,404,exact_accuracy,0.5,0.2,0.35,GRID_INTERVAL
position,scan,6,404,pairwise_accuracy,0.9,0.2,0.35,GRID_INTERVAL
position,scan,6,404,pairwise_accuracy,0.75,0.2,0.35,GRID_INTERVAL
position,scan,6,404,pairwise_accuracy,0.5,0.35,0.5,GRID_INTERVAL
position,scan,8,101,exact_accuracy,0.9,0.1,0.2,GRID_INTERVAL
position,scan,8,101,exact_accuracy,0.75,0.2,0.35,GRID_INTERVAL
position,scan,8,101,exact_accuracy,0.5,0.2,0.35,GRID_INTERVAL
position,scan,8,101,pairwise_accuracy,0.9,0.2,0.35,GRID_INTERVAL
position,scan,8,101,pairwise_accuracy,0.75,0.2,0.35,GRID_INTERVAL
position,scan,8,101,pairwise_accuracy,0.5,0.35,0.5,GRID_INTERVAL
position,scan,8,202,exact_accuracy,0.9,0.1,0.2,GRID_INTERVAL
position,scan,8,202,exact_accuracy,0.75,0.2,0.35,GRID_INTERVAL
position,scan,8,202,exact_accuracy,0.5,0.2,0.35,GRID_INTERVAL
position,scan,8,202,pairwise_accuracy,0.9,0.2,0.35,GRID_INTERVAL
position,scan,8,202,pairwise_accuracy,0.75,0.2,0.35,GRID_INTERVAL
position,scan,8,202,pairwise_accuracy,0.5,0.35,0.5,GRID_INTERVAL
position,scan,8,303,exact_accuracy,0.9,0.1,0.2,GRID_INTERVAL
position,scan,8,303,exact_accuracy,0.75,0.2,0.35,GRID_INTERVAL
position,scan,8,303,exact_accuracy,0.5,0.2,0.35,GRID_INTERVAL
position,scan,8,303,pairwise_accuracy,0.9,0.2,0.35,GRID_INTERVAL
position,scan,8,303,pairwise_accuracy,0.75,0.2,0.35,GRID_INTERVAL
position,scan,8,303,pairwise_accuracy,0.5,0.5,0.75,GRID_INTERVAL
position,scan,8,404,exact_accuracy,0.9,0.1,0.2,GRID_INTERVAL
position,scan,8,404,exact_accuracy,0.75,0.2,0.35,GRID_INTERVAL
position,scan,8,404,exact_accuracy,0.5,0.2,0.35,GRID_INTERVAL
position,scan,8,404,pairwise_accuracy,0.9,0.2,0.35,GRID_INTERVAL
position,scan,8,404,pairwise_accuracy,0.75,0.2,0.35,GRID_INTERVAL
position,scan,8,404,pairwise_accuracy,0.5,0.35,0.5,GRID_INTERVAL
position,scan,10,101,exact_accuracy,0.9,0.1,0.2,GRID_INTERVAL
position,scan,10,101,exact_accuracy,0.75,0.2,0.35,GRID_INTERVAL
position,scan,10,101,exact_accuracy,0.5,0.2,0.35,GRID_INTERVAL
position,scan,10,101,pairwise_accuracy,0.9,0.2,0.35,GRID_INTERVAL
position,scan,10,101,pairwise_accuracy,0.75,0.2,0.35,GRID_INTERVAL
position,scan,10,101,pairwise_accuracy,0.5,0.5,0.75,GRID_INTERVAL
position,scan,10,202,exact_accuracy,0.9,0.1,0.2,GRID_INTERVAL
position,scan,10,202,exact_accuracy,0.75,0.2,0.35,GRID_INTERVAL
position,scan,10,202,exact_accuracy,0.5,0.2,0.35,GRID_INTERVAL
position,scan,10,202,pairwise_accuracy,0.9,0.2,0.35,GRID_INTERVAL
position,scan,10,202,pairwise_accuracy,0.75,0.2,0.35,GRID_INTERVAL
position,scan,10,202,pairwise_accuracy,0.5,0.35,0.5,GRID_INTERVAL
position,scan,10,303,exact_accuracy,0.9,0.1,0.2,GRID_INTERVAL
position,scan,10,303,exact_accuracy,0.75,0.2,0.35,GRID_INTERVAL
position,scan,10,303,exact_accuracy,0.5,0.2,0.35,GRID_INTERVAL
position,scan,10,303,pairwise_accuracy,0.9,0.2,0.35,GRID_INTERVAL
position,scan,10,303,pairwise_accuracy,0.75,0.2,0.35,GRID_INTERVAL
position,scan,10,303,pairwise_accuracy,0.5,0.35,0.5,GRID_INTERVAL
position,scan,10,404,exact_accuracy,0.9,0.1,0.2,GRID_INTERVAL
position,scan,10,404,exact_accuracy,0.75,0.2,0.35,GRID_INTERVAL
position,scan,10,404,exact_accuracy,0.5,0.2,0.35,GRID_INTERVAL
position,scan,10,404,pairwise_accuracy,0.9,0.2,0.35,GRID_INTERVAL
position,scan,10,404,pairwise_accuracy,0.75,0.2,0.35,GRID_INTERVAL
position,scan,10,404,pairwise_accuracy,0.5,0.5,0.75,GRID_INTERVAL
position,scan,12,101,exact_accuracy,0.9,0.1,0.2,GRID_INTERVAL
position,scan,12,101,exact_accuracy,0.75,0.1,0.2,GRID_INTERVAL
position,scan,12,101,exact_accuracy,0.5,0.2,0.35,GRID_INTERVAL
position,scan,12,101,pairwise_accuracy,0.9,0.2,0.35,GRID_INTERVAL
position,scan,12,101,pairwise_accuracy,0.75,0.2,0.35,GRID_INTERVAL
position,scan,12,101,pairwise_accuracy,0.5,0.5,0.75,GRID_INTERVAL
position,scan,12,202,exact_accuracy,0.9,0.1,0.2,GRID_INTERVAL
position,scan,12,202,exact_accuracy,0.75,0.1,0.2,GRID_INTERVAL
position,scan,12,202,exact_accuracy,0.5,0.2,0.35,GRID_INTERVAL
position,scan,12,202,pairwise_accuracy,0.9,0.2,0.35,GRID_INTERVAL
position,scan,12,202,pairwise_accuracy,0.75,0.2,0.35,GRID_INTERVAL
position,scan,12,202,pairwise_accuracy,0.5,0.5,0.75,GRID_INTERVAL
position,scan,12,303,exact_accuracy,0.9,0.1,0.2,GRID_INTERVAL
position,scan,12,303,exact_accuracy,0.75,0.1,0.2,GRID_INTERVAL
position,scan,12,303,exact_accuracy,0.5,0.2,0.35,GRID_INTERVAL
position,scan,12,303,pairwise_accuracy,0.9,0.2,0.35,GRID_INTERVAL
position,scan,12,303,pairwise_accuracy,0.75,0.2,0.35,GRID_INTERVAL
position,scan,12,303,pairwise_accuracy,0.5,0.5,0.75,GRID_INTERVAL
position,scan,12,404,exact_accuracy,0.9,0.1,0.2,GRID_INTERVAL
position,scan,12,404,exact_accuracy,0.75,0.1,0.2,GRID_INTERVAL
position,scan,12,404,exact_accuracy,0.5,0.2,0.35,GRID_INTERVAL
position,scan,12,404,pairwise_accuracy,0.9,0.2,0.35,GRID_INTERVAL
position,scan,12,404,pairwise_accuracy,0.75,0.2,0.35,GRID_INTERVAL
position,scan,12,404,pairwise_accuracy,0.5,0.5,0.75,GRID_INTERVAL
priority,competitive,4,101,exact_accuracy,0.9,0.35,0.5,GRID_INTERVAL
priority,competitive,4,101,exact_accuracy,0.75,0.5,0.75,GRID_INTERVAL
priority,competitive,4,101,exact_accuracy,0.5,0.75,1.0,GRID_INTERVAL
priority,competitive,4,101,pairwise_accuracy,0.9,0.75,1.0,GRID_INTERVAL
priority,competitive,4,101,pairwise_accuracy,0.75,,,NOT_REACHED
priority,competitive,4,101,pairwise_accuracy,0.5,,,NOT_REACHED
priority,competitive,4,202,exact_accuracy,0.9,0.35,0.5,GRID_INTERVAL
priority,competitive,4,202,exact_accuracy,0.75,0.5,0.75,GRID_INTERVAL
priority,competitive,4,202,exact_accuracy,0.5,0.75,1.0,GRID_INTERVAL
priority,competitive,4,202,pairwise_accuracy,0.9,0.75,1.0,GRID_INTERVAL
priority,competitive,4,202,pairwise_accuracy,0.75,,,NOT_REACHED
priority,competitive,4,202,pairwise_accuracy,0.5,,,NOT_REACHED
priority,competitive,4,303,exact_accuracy,0.9,0.35,0.5,GRID_INTERVAL
priority,competitive,4,303,exact_accuracy,0.75,0.5,0.75,GRID_INTERVAL
priority,competitive,4,303,exact_accuracy,0.5,0.75,1.0,GRID_INTERVAL
priority,competitive,4,303,pairwise_accuracy,0.9,0.75,1.0,GRID_INTERVAL
priority,competitive,4,303,pairwise_accuracy,0.75,,,NOT_REACHED
priority,competitive,4,303,pairwise_accuracy,0.5,,,NOT_REACHED
priority,competitive,4,404,exact_accuracy,0.9,0.35,0.5,GRID_INTERVAL
priority,competitive,4,404,exact_accuracy,0.75,0.5,0.75,GRID_INTERVAL
priority,competitive,4,404,exact_accuracy,0.5,0.75,1.0,GRID_INTERVAL
priority,competitive,4,404,pairwise_accuracy,0.9,0.75,1.0,GRID_INTERVAL
priority,competitive,4,404,pairwise_accuracy,0.75,,,NOT_REACHED
priority,competitive,4,404,pairwise_accuracy,0.5,,,NOT_REACHED
priority,competitive,6,101,exact_accuracy,0.9,0.2,0.35,GRID_INTERVAL
priority,competitive,6,101,exact_accuracy,0.75,0.35,0.5,GRID_INTERVAL
priority,competitive,6,101,exact_accuracy,0.5,0.5,0.75,GRID_INTERVAL
priority,competitive,6,101,pairwise_accuracy,0.9,0.75,1.0,GRID_INTERVAL
priority,competitive,6,101,pairwise_accuracy,0.75,,,NOT_REACHED
priority,competitive,6,101,pairwise_accuracy,0.5,,,NOT_REACHED
priority,competitive,6,202,exact_accuracy,0.9,0.2,0.35,GRID_INTERVAL
priority,competitive,6,202,exact_accuracy,0.75,0.35,0.5,GRID_INTERVAL
priority,competitive,6,202,exact_accuracy,0.5,0.5,0.75,GRID_INTERVAL
priority,competitive,6,202,pairwise_accuracy,0.9,0.75,1.0,GRID_INTERVAL
priority,competitive,6,202,pairwise_accuracy,0.75,,,NOT_REACHED
priority,competitive,6,202,pairwise_accuracy,0.5,,,NOT_REACHED
priority,competitive,6,303,exact_accuracy,0.9,0.2,0.35,GRID_INTERVAL
priority,competitive,6,303,exact_accuracy,0.75,0.35,0.5,GRID_INTERVAL
priority,competitive,6,303,exact_accuracy,0.5,0.5,0.75,GRID_INTERVAL
priority,competitive,6,303,pairwise_accuracy,0.9,0.75,1.0,GRID_INTERVAL
priority,competitive,6,303,pairwise_accuracy,0.75,,,NOT_REACHED
priority,competitive,6,303,pairwise_accuracy,0.5,,,NOT_REACHED
priority,competitive,6,404,exact_accuracy,0.9,0.2,0.35,GRID_INTERVAL
priority,competitive,6,404,exact_accuracy,0.75,0.35,0.5,GRID_INTERVAL
priority,competitive,6,404,exact_accuracy,0.5,0.5,0.75,GRID_INTERVAL
priority,competitive,6,404,pairwise_accuracy,0.9,0.75,1.0,GRID_INTERVAL
priority,competitive,6,404,pairwise_accuracy,0.75,,,NOT_REACHED
priority,competitive,6,404,pairwise_accuracy,0.5,,,NOT_REACHED
priority,competitive,8,101,exact_accuracy,0.9,0.2,0.35,GRID_INTERVAL
priority,competitive,8,101,exact_accuracy,0.75,0.35,0.5,GRID_INTERVAL
priority,competitive,8,101,exact_accuracy,0.5,0.5,0.75,GRID_INTERVAL
priority,competitive,8,101,pairwise_accuracy,0.9,,,NOT_REACHED
priority,competitive,8,101,pairwise_accuracy,0.75,,,NOT_REACHED
priority,competitive,8,101,pairwise_accuracy,0.5,,,NOT_REACHED
priority,competitive,8,202,exact_accuracy,0.9,0.2,0.35,GRID_INTERVAL
priority,competitive,8,202,exact_accuracy,0.75,0.35,0.5,GRID_INTERVAL
priority,competitive,8,202,exact_accuracy,0.5,0.5,0.75,GRID_INTERVAL
priority,competitive,8,202,pairwise_accuracy,0.9,,,NOT_REACHED
priority,competitive,8,202,pairwise_accuracy,0.75,,,NOT_REACHED
priority,competitive,8,202,pairwise_accuracy,0.5,,,NOT_REACHED
priority,competitive,8,303,exact_accuracy,0.9,0.2,0.35,GRID_INTERVAL
priority,competitive,8,303,exact_accuracy,0.75,0.35,0.5,GRID_INTERVAL
priority,competitive,8,303,exact_accuracy,0.5,0.5,0.75,GRID_INTERVAL
priority,competitive,8,303,pairwise_accuracy,0.9,,,NOT_REACHED
priority,competitive,8,303,pairwise_accuracy,0.75,,,NOT_REACHED
priority,competitive,8,303,pairwise_accuracy,0.5,,,NOT_REACHED
priority,competitive,8,404,exact_accuracy,0.9,0.2,0.35,GRID_INTERVAL
priority,competitive,8,404,exact_accuracy,0.75,0.35,0.5,GRID_INTERVAL
priority,competitive,8,404,exact_accuracy,0.5,0.5,0.75,GRID_INTERVAL
priority,competitive,8,404,pairwise_accuracy,0.9,,,NOT_REACHED
priority,competitive,8,404,pairwise_accuracy,0.75,,,NOT_REACHED
priority,competitive,8,404,pairwise_accuracy,0.5,,,NOT_REACHED
priority,competitive,10,101,exact_accuracy,0.9,0.2,0.35,GRID_INTERVAL
priority,competitive,10,101,exact_accuracy,0.75,0.35,0.5,GRID_INTERVAL
priority,competitive,10,101,exact_accuracy,0.5,0.35,0.5,GRID_INTERVAL
priority,competitive,10,101,pairwise_accuracy,0.9,,,NOT_REACHED
priority,competitive,10,101,pairwise_accuracy,0.75,,,NOT_REACHED
priority,competitive,10,101,pairwise_accuracy,0.5,,,NOT_REACHED
priority,competitive,10,202,exact_accuracy,0.9,0.2,0.35,GRID_INTERVAL
priority,competitive,10,202,exact_accuracy,0.75,0.35,0.5,GRID_INTERVAL
priority,competitive,10,202,exact_accuracy,0.5,0.35,0.5,GRID_INTERVAL
priority,competitive,10,202,pairwise_accuracy,0.9,,,NOT_REACHED
priority,competitive,10,202,pairwise_accuracy,0.75,,,NOT_REACHED
priority,competitive,10,202,pairwise_accuracy,0.5,,,NOT_REACHED
priority,competitive,10,303,exact_accuracy,0.9,0.2,0.35,GRID_INTERVAL
priority,competitive,10,303,exact_accuracy,0.75,0.35,0.5,GRID_INTERVAL
priority,competitive,10,303,exact_accuracy,0.5,0.35,0.5,GRID_INTERVAL
priority,competitive,10,303,pairwise_accuracy,0.9,,,NOT_REACHED
priority,competitive,10,303,pairwise_accuracy,0.75,,,NOT_REACHED
priority,competitive,10,303,pairwise_accuracy,0.5,,,NOT_REACHED
priority,competitive,10,404,exact_accuracy,0.9,0.2,0.35,GRID_INTERVAL
priority,competitive,10,404,exact_accuracy,0.75,0.35,0.5,GRID_INTERVAL
priority,competitive,10,404,exact_accuracy,0.5,0.35,0.5,GRID_INTERVAL
priority,competitive,10,404,pairwise_accuracy,0.9,,,NOT_REACHED
priority,competitive,10,404,pairwise_accuracy,0.75,,,NOT_REACHED
priority,competitive,10,404,pairwise_accuracy,0.5,,,NOT_REACHED
priority,competitive,12,101,exact_accuracy,0.9,0.2,0.35,GRID_INTERVAL
priority,competitive,12,101,exact_accuracy,0.75,0.35,0.5,GRID_INTERVAL
priority,competitive,12,101,exact_accuracy,0.5,0.35,0.5,GRID_INTERVAL
priority,competitive,12,101,pairwise_accuracy,0.9,,,NOT_REACHED
priority,competitive,12,101,pairwise_accuracy,0.75,,,NOT_REACHED
priority,competitive,12,101,pairwise_accuracy,0.5,,,NOT_REACHED
priority,competitive,12,202,exact_accuracy,0.9,0.2,0.35,GRID_INTERVAL
priority,competitive,12,202,exact_accuracy,0.75,0.35,0.5,GRID_INTERVAL
priority,competitive,12,202,exact_accuracy,0.5,0.35,0.5,GRID_INTERVAL
priority,competitive,12,202,pairwise_accuracy,0.9,,,NOT_REACHED
priority,competitive,12,202,pairwise_accuracy,0.75,,,NOT_REACHED
priority,competitive,12,202,pairwise_accuracy,0.5,,,NOT_REACHED
priority,competitive,12,303,exact_accuracy,0.9,0.2,0.35,GRID_INTERVAL
priority,competitive,12,303,exact_accuracy,0.75,0.35,0.5,GRID_INTERVAL
priority,competitive,12,303,exact_accuracy,0.5,0.35,0.5,GRID_INTERVAL
priority,competitive,12,303,pairwise_accuracy,0.9,,,NOT_REACHED
priority,competitive,12,303,pairwise_accuracy,0.75,,,NOT_REACHED
priority,competitive,12,303,pairwise_accuracy,0.5,,,NOT_REACHED
priority,competitive,12,404,exact_accuracy,0.9,0.2,0.35,GRID_INTERVAL
priority,competitive,12,404,exact_accuracy,0.75,0.35,0.5,GRID_INTERVAL
priority,competitive,12,404,exact_accuracy,0.5,0.35,0.5,GRID_INTERVAL
priority,competitive,12,404,pairwise_accuracy,0.9,,,NOT_REACHED
priority,competitive,12,404,pairwise_accuracy,0.75,,,NOT_REACHED
priority,competitive,12,404,pairwise_accuracy,0.5,,,NOT_REACHED
priority,scan,4,101,exact_accuracy,0.9,0.1,0.2,GRID_INTERVAL
priority,scan,4,101,exact_accuracy,0.75,0.2,0.35,GRID_INTERVAL
priority,scan,4,101,exact_accuracy,0.5,0.2,0.35,GRID_INTERVAL
priority,scan,4,101,pairwise_accuracy,0.9,0.2,0.35,GRID_INTERVAL
priority,scan,4,101,pairwise_accuracy,0.75,0.2,0.35,GRID_INTERVAL
priority,scan,4,101,pairwise_accuracy,0.5,,,NOT_REACHED
priority,scan,4,202,exact_accuracy,0.9,0.1,0.2,GRID_INTERVAL
priority,scan,4,202,exact_accuracy,0.75,0.2,0.35,GRID_INTERVAL
priority,scan,4,202,exact_accuracy,0.5,0.2,0.35,GRID_INTERVAL
priority,scan,4,202,pairwise_accuracy,0.9,0.2,0.35,GRID_INTERVAL
priority,scan,4,202,pairwise_accuracy,0.75,0.2,0.35,GRID_INTERVAL
priority,scan,4,202,pairwise_accuracy,0.5,,,NOT_REACHED
priority,scan,4,303,exact_accuracy,0.9,0.1,0.2,GRID_INTERVAL
priority,scan,4,303,exact_accuracy,0.75,0.2,0.35,GRID_INTERVAL
priority,scan,4,303,exact_accuracy,0.5,0.2,0.35,GRID_INTERVAL
priority,scan,4,303,pairwise_accuracy,0.9,0.2,0.35,GRID_INTERVAL
priority,scan,4,303,pairwise_accuracy,0.75,0.2,0.35,GRID_INTERVAL
priority,scan,4,303,pairwise_accuracy,0.5,,,NOT_REACHED
priority,scan,4,404,exact_accuracy,0.9,0.1,0.2,GRID_INTERVAL
priority,scan,4,404,exact_accuracy,0.75,0.2,0.35,GRID_INTERVAL
priority,scan,4,404,exact_accuracy,0.5,0.2,0.35,GRID_INTERVAL
priority,scan,4,404,pairwise_accuracy,0.9,0.2,0.35,GRID_INTERVAL
priority,scan,4,404,pairwise_accuracy,0.75,0.2,0.35,GRID_INTERVAL
priority,scan,4,404,pairwise_accuracy,0.5,,,NOT_REACHED
priority,scan,6,101,exact_accuracy,0.9,0.1,0.2,GRID_INTERVAL
priority,scan,6,101,exact_accuracy,0.75,0.2,0.35,GRID_INTERVAL
priority,scan,6,101,exact_accuracy,0.5,0.2,0.35,GRID_INTERVAL
priority,scan,6,101,pairwise_accuracy,0.9,0.2,0.35,GRID_INTERVAL
priority,scan,6,101,pairwise_accuracy,0.75,0.2,0.35,GRID_INTERVAL
priority,scan,6,101,pairwise_accuracy,0.5,0.75,1.0,GRID_INTERVAL
priority,scan,6,202,exact_accuracy,0.9,0.1,0.2,GRID_INTERVAL
priority,scan,6,202,exact_accuracy,0.75,0.1,0.2,GRID_INTERVAL
priority,scan,6,202,exact_accuracy,0.5,0.2,0.35,GRID_INTERVAL
priority,scan,6,202,pairwise_accuracy,0.9,0.2,0.35,GRID_INTERVAL
priority,scan,6,202,pairwise_accuracy,0.75,0.2,0.35,GRID_INTERVAL
priority,scan,6,202,pairwise_accuracy,0.5,0.75,1.0,GRID_INTERVAL
priority,scan,6,303,exact_accuracy,0.9,0.1,0.2,GRID_INTERVAL
priority,scan,6,303,exact_accuracy,0.75,0.2,0.35,GRID_INTERVAL
priority,scan,6,303,exact_accuracy,0.5,0.2,0.35,GRID_INTERVAL
priority,scan,6,303,pairwise_accuracy,0.9,0.2,0.35,GRID_INTERVAL
priority,scan,6,303,pairwise_accuracy,0.75,0.2,0.35,GRID_INTERVAL
priority,scan,6,303,pairwise_accuracy,0.5,0.5,0.75,GRID_INTERVAL
priority,scan,6,404,exact_accuracy,0.9,0.1,0.2,GRID_INTERVAL
priority,scan,6,404,exact_accuracy,0.75,0.1,0.2,GRID_INTERVAL
priority,scan,6,404,exact_accuracy,0.5,0.2,0.35,GRID_INTERVAL
priority,scan,6,404,pairwise_accuracy,0.9,0.2,0.35,GRID_INTERVAL
priority,scan,6,404,pairwise_accuracy,0.75,0.2,0.35,GRID_INTERVAL
priority,scan,6,404,pairwise_accuracy,0.5,0.75,1.0,GRID_INTERVAL
priority,scan,8,101,exact_accuracy,0.9,0.1,0.2,GRID_INTERVAL
priority,scan,8,101,exact_accuracy,0.75,0.1,0.2,GRID_INTERVAL
priority,scan,8,101,exact_accuracy,0.5,0.2,0.35,GRID_INTERVAL
priority,scan,8,101,pairwise_accuracy,0.9,0.1,0.2,GRID_INTERVAL
priority,scan,8,101,pairwise_accuracy,0.75,0.2,0.35,GRID_INTERVAL
priority,scan,8,101,pairwise_accuracy,0.5,0.5,0.75,GRID_INTERVAL
priority,scan,8,202,exact_accuracy,0.9,0.1,0.2,GRID_INTERVAL
priority,scan,8,202,exact_accuracy,0.75,0.1,0.2,GRID_INTERVAL
priority,scan,8,202,exact_accuracy,0.5,0.2,0.35,GRID_INTERVAL
priority,scan,8,202,pairwise_accuracy,0.9,0.1,0.2,GRID_INTERVAL
priority,scan,8,202,pairwise_accuracy,0.75,0.2,0.35,GRID_INTERVAL
priority,scan,8,202,pairwise_accuracy,0.5,0.5,0.75,GRID_INTERVAL
priority,scan,8,303,exact_accuracy,0.9,0.1,0.2,GRID_INTERVAL
priority,scan,8,303,exact_accuracy,0.75,0.1,0.2,GRID_INTERVAL
priority,scan,8,303,exact_accuracy,0.5,0.2,0.35,GRID_INTERVAL
priority,scan,8,303,pairwise_accuracy,0.9,0.1,0.2,GRID_INTERVAL
priority,scan,8,303,pairwise_accuracy,0.75,0.2,0.35,GRID_INTERVAL
priority,scan,8,303,pairwise_accuracy,0.5,0.75,1.0,GRID_INTERVAL
priority,scan,8,404,exact_accuracy,0.9,0.1,0.2,GRID_INTERVAL
priority,scan,8,404,exact_accuracy,0.75,0.1,0.2,GRID_INTERVAL
priority,scan,8,404,exact_accuracy,0.5,0.2,0.35,GRID_INTERVAL
priority,scan,8,404,pairwise_accuracy,0.9,0.1,0.2,GRID_INTERVAL
priority,scan,8,404,pairwise_accuracy,0.75,0.2,0.35,GRID_INTERVAL
priority,scan,8,404,pairwise_accuracy,0.5,0.5,0.75,GRID_INTERVAL
priority,scan,10,101,exact_accuracy,0.9,0.1,0.2,GRID_INTERVAL
priority,scan,10,101,exact_accuracy,0.75,0.1,0.2,GRID_INTERVAL
priority,scan,10,101,exact_accuracy,0.5,0.2,0.35,GRID_INTERVAL
priority,scan,10,101,pairwise_accuracy,0.9,0.1,0.2,GRID_INTERVAL
priority,scan,10,101,pairwise_accuracy,0.75,0.2,0.35,GRID_INTERVAL
priority,scan,10,101,pairwise_accuracy,0.5,0.5,0.75,GRID_INTERVAL
priority,scan,10,202,exact_accuracy,0.9,0.1,0.2,GRID_INTERVAL
priority,scan,10,202,exact_accuracy,0.75,0.1,0.2,GRID_INTERVAL
priority,scan,10,202,exact_accuracy,0.5,0.2,0.35,GRID_INTERVAL
priority,scan,10,202,pairwise_accuracy,0.9,0.1,0.2,GRID_INTERVAL
priority,scan,10,202,pairwise_accuracy,0.75,0.2,0.35,GRID_INTERVAL
priority,scan,10,202,pairwise_accuracy,0.5,0.5,0.75,GRID_INTERVAL
priority,scan,10,303,exact_accuracy,0.9,0.1,0.2,GRID_INTERVAL
priority,scan,10,303,exact_accuracy,0.75,0.1,0.2,GRID_INTERVAL
priority,scan,10,303,exact_accuracy,0.5,0.2,0.35,GRID_INTERVAL
priority,scan,10,303,pairwise_accuracy,0.9,0.1,0.2,GRID_INTERVAL
priority,scan,10,303,pairwise_accuracy,0.75,0.2,0.35,GRID_INTERVAL
priority,scan,10,303,pairwise_accuracy,0.5,0.5,0.75,GRID_INTERVAL
priority,scan,10,404,exact_accuracy,0.9,0.1,0.2,GRID_INTERVAL
priority,scan,10,404,exact_accuracy,0.75,0.1,0.2,GRID_INTERVAL
priority,scan,10,404,exact_accuracy,0.5,0.2,0.35,GRID_INTERVAL
priority,scan,10,404,pairwise_accuracy,0.9,0.1,0.2,GRID_INTERVAL
priority,scan,10,404,pairwise_accuracy,0.75,0.2,0.35,GRID_INTERVAL
priority,scan,10,404,pairwise_accuracy,0.5,0.5,0.75,GRID_INTERVAL
priority,scan,12,101,exact_accuracy,0.9,0.1,0.2,GRID_INTERVAL
priority,scan,12,101,exact_accuracy,0.75,0.1,0.2,GRID_INTERVAL
priority,scan,12,101,exact_accuracy,0.5,0.2,0.35,GRID_INTERVAL
priority,scan,12,101,pairwise_accuracy,0.9,0.1,0.2,GRID_INTERVAL
priority,scan,12,101,pairwise_accuracy,0.75,0.2,0.35,GRID_INTERVAL
priority,scan,12,101,pairwise_accuracy,0.5,0.5,0.75,GRID_INTERVAL
priority,scan,12,202,exact_accuracy,0.9,0.1,0.2,GRID_INTERVAL
priority,scan,12,202,exact_accuracy,0.75,0.1,0.2,GRID_INTERVAL
priority,scan,12,202,exact_accuracy,0.5,0.1,0.2,GRID_INTERVAL
priority,scan,12,202,pairwise_accuracy,0.9,0.1,0.2,GRID_INTERVAL
priority,scan,12,202,pairwise_accuracy,0.75,0.2,0.35,GRID_INTERVAL
priority,scan,12,202,pairwise_accuracy,0.5,0.5,0.75,GRID_INTERVAL
priority,scan,12,303,exact_accuracy,0.9,0.1,0.2,GRID_INTERVAL
priority,scan,12,303,exact_accuracy,0.75,0.1,0.2,GRID_INTERVAL
priority,scan,12,303,exact_accuracy,0.5,0.2,0.35,GRID_INTERVAL
priority,scan,12,303,pairwise_accuracy,0.9,0.1,0.2,GRID_INTERVAL
priority,scan,12,303,pairwise_accuracy,0.75,0.2,0.35,GRID_INTERVAL
priority,scan,12,303,pairwise_accuracy,0.5,0.5,0.75,GRID_INTERVAL
priority,scan,12,404,exact_accuracy,0.9,0.1,0.2,GRID_INTERVAL
priority,scan,12,404,exact_accuracy,0.75,0.1,0.2,GRID_INTERVAL
priority,scan,12,404,exact_accuracy,0.5,0.2,0.35,GRID_INTERVAL
priority,scan,12,404,pairwise_accuracy,0.9,0.1,0.2,GRID_INTERVAL
priority,scan,12,404,pairwise_accuracy,0.75,0.2,0.35,GRID_INTERVAL
priority,scan,12,404,pairwise_accuracy,0.5,0.5,0.75,GRID_INTERVAL
