n,noise_seed,representation,readout,sigma,error_failure_spearman,mean_error_correct,mean_error_failed,exact_replay
4,101,priority,competitive,0.0,,0.0,,True
4,101,priority,scan,0.0,,0.0,,True
4,101,priority,competitive,0.05,,0.039748297058102594,,True
4,101,priority,scan,0.05,,0.039748297058102594,,True
4,101,priority,competitive,0.1,,0.07949659411620519,,True
4,101,priority,scan,0.1,0.09312361649161126,0.07917936837673753,0.18745908744836406,True
4,101,priority,competitive,0.2,0.05335980418647737,0.1588230941161827,0.33299946913330586,True
4,101,priority,scan,0.2,0.45753482104731275,0.14716383858217386,0.23307344171580657,True
4,101,priority,competitive,0.35,0.3250698394846953,0.2680525720413416,0.4418852310770997,True
4,101,priority,scan,0.35,0.5003528938888951,0.22554152105052336,0.3260280680835651,True
4,101,priority,competitive,0.5,0.4598325226474952,0.36044919829838284,0.5320445956623036,True
4,101,priority,scan,0.5,0.39092039138207346,0.30468185690481225,0.4332723040014872,True
4,101,priority,competitive,0.75,0.4323624339753312,0.5073633408328244,0.6949793857805434,True
4,101,priority,scan,0.75,0.2724313105450729,0.442340590526767,0.6218133446418539,True
4,101,priority,competitive,1.0,0.3655983295916468,0.6603640312108509,0.8767413558419809,True
4,101,priority,scan,1.0,0.19856625017432816,0.5999015532078806,0.8149133220615634,True
4,101,position,competitive,0.0,,0.0,,True
4,101,position,scan,0.0,,0.0,,True
4,101,position,competitive,0.05,,0.039748297058102594,,True
4,101,position,scan,0.05,,0.039748297058102594,,True
4,101,position,competitive,0.1,,0.07949659411620519,,True
4,101,position,scan,0.1,,0.07949659411620519,,True
4,101,position,competitive,0.2,0.053782874982802265,0.15877450442403437,0.38270672420105967,True
4,101,position,scan,0.2,0.40963159867203586,0.14971714900898767,0.24866156739216327,True
4,101,position,competitive,0.35,0.3546637944156757,0.2665860673075344,0.43230357271814734,True
4,101,position,scan,0.35,0.7083421657979744,0.1960636647779739,0.3382031927844504,True
4,101,position,competitive,0.5,0.5352327991642603,0.35090283869335964,0.5372233662440249,True
4,101,position,scan,0.5,0.5732110585761463,0.2086169654247641,0.43245815672107435,True
4,101,position,competitive,0.75,0.485539602725893,0.4933317791269718,0.702799176714321,True
4,101,position,scan,0.75,0.3258888226993595,0.20880915475331957,0.6119730453478893,True
4,101,position,competitive,1.0,0.4066606693811593,0.6434499267626693,0.884369800590259,True
4,101,position,scan,1.0,0.23145662082106525,0.22060497254771422,0.8058245067378453,True
4,101,phase,competitive,0.0,,,0.0,True
4,101,phase,scan,0.0,,0.0,,True
4,101,phase,competitive,0.05,,,0.039748297058102594,True
4,101,phase,scan,0.05,,0.039748297058102594,,True
4,101,phase,competitive,0.1,,,0.07949659411620519,True
4,101,phase,scan,0.1,,0.07949659411620519,,True
4,101,phase,competitive,0.2,,,0.15899318823241038,True
4,101,phase,scan,0.2,0.40963159867203586,0.14971714900898767,0.24866156739216327,True
4,101,phase,competitive,0.35,-0.10083881558534667,0.5248028595529615,0.27727115870026225,True
4,101,phase,scan,0.35,0.7083421657979744,0.1960636647779739,0.3382031927844504,True
4,101,phase,competitive,0.5,-0.13049717169010824,0.5871130190815664,0.39523439293082185,True
4,101,phase,scan,0.5,0.5732110585761463,0.2086169654247641,0.43245815672107435,True
4,101,phase,competitive,0.75,-0.125589470135972,0.7299720351954628,0.5865148767982991,True
4,101,phase,scan,0.75,0.3258888226993595,0.20880915475331957,0.6072629903577446,True
4,101,phase,competitive,1.0,-0.0627273430730356,0.8279918363927256,0.7556904179294242,True
4,101,phase,scan,1.0,0.23133421528887357,0.22060497254771422,0.7687560712819097,True
4,202,priority,competitive,0.0,,0.0,,True
4,202,priority,scan,0.0,,0.0,,True
4,202,priority,competitive,0.05,,0.04060214801377776,,True
4,202,priority,scan,0.05,,0.04060214801377776,,True
4,202,priority,competitive,0.1,,0.08120429602755552,,True
4,202,priority,scan,0.1,0.05283096569107125,0.08112641975175634,0.16087172617010598,True
4,202,priority,competitive,0.2,0.07527459169024896,0.16207729513483407,0.33170131831664634,True
4,202,priority,scan,0.2,0.4518868455327622,0.15045942826083236,0.232032386429775,True
4,202,priority,competitive,0.35,0.334674326469705,0.2734475047006836,0.45128544259195774,True
4,202,priority,scan,0.35,0.46601706939094906,0.23447219388393478,0.32985921715286687,True
4,202,priority,competitive,0.5,0.4671731686763337,0.36738701222873094,0.5343139959370169,True
4,202,priority,scan,0.5,0.3889677536053632,0.31656871435909717,0.4437904256887759,True
4,202,priority,competitive,0.75,0.4334755594785135,0.5169705766299253,0.7055128226750912,True
4,202,priority,scan,0.75,0.28052060079119157,0.4649837332687011,0.6373034185776689,True
4,202,priority,competitive,1.0,0.37467051330526735,0.6693299212492382,0.8962525174649969,True
4,202,priority,scan,1.0,0.19865991148950912,0.6193948871614942,0.8315149160526754,True
4,202,position,competitive,0.0,,0.0,,True
4,202,position,scan,0.0,,0.0,,True
4,202,position,competitive,0.05,,0.04060214801377776,,True
4,202,position,scan,0.05,,0.04060214801377776,,True
4,202,position,competitive,0.1,,0.08120429602755552,,True
4,202,position,scan,0.1,,0.08120429602755552,,True
4,202,position,competitive,0.2,,0.16240859205511105,,True
4,202,position,scan,0.2,0.4015794208156496,0.15352494091338775,0.24359284951858243,True
4,202,position,competitive,0.35,0.330981647606731,0.27383734548872374,0.43732588675496764,True
4,202,position,scan,0.35,0.7095709344489602,0.1973302277762244,0.3412946998149059,True
4,202,position,competitive,0.5,0.43505599870669,0.36937383017367487,0.5250883262867089,True
4,202,position,scan,0.5,0.57408121532297,0.208435237472789,0.4415323716766465,True
4,202,position,competitive,0.75,0.43507257999853394,0.5150347197534256,0.7079273860141843,True
4,202,position,scan,0.75,0.3075558344622657,0.21685890753273168,0.6233219360530851,True
4,202,position,competitive,1.0,0.3614163963734337,0.6737487522781208,0.8950194850740157,True
4,202,position,scan,1.0,0.1752820463819633,0.20989827682172477,0.818581550125498,True
4,202,phase,competitive,0.0,,,0.0,True
4,202,phase,scan,0.0,,0.0,,True
4,202,phase,competitive,0.05,,,0.04060214801377776,True
4,202,phase,scan,0.05,,0.04060214801377776,,True
4,202,phase,competitive,0.1,,,0.08120429602755552,True
4,202,phase,scan,0.1,,0.08120429602755552,,True
4,202,phase,competitive,0.2,,,0.16240859205511105,True
4,202,phase,scan,0.2,0.4015794208156496,0.15352494091338775,0.24359284951858243,True
4,202,phase,competitive,0.35,-0.07003679703983402,0.4830430567467331,0.2838259401656218,True
4,202,phase,scan,0.35,0.7095709344489602,0.1973302277762244,0.3412946998149059,True
4,202,phase,competitive,0.5,-0.12272467256965505,0.5726336362948993,0.4042122662012244,True
4,202,phase,scan,0.5,0.57408121532297,0.208435237472789,0.4415323716766465,True
4,202,phase,competitive,0.75,-0.08623545095149934,0.7104561682118428,0.6032236044851829,True
4,202,phase,scan,0.75,0.3075558344622657,0.2168589075327317,0.6203406499048536,True
4,202,phase,competitive,1.0,-0.03256096475840658,0.8214225421358308,0.7757742192433887,True
4,202,phase,scan,1.0,0.1752820463819633,0.20989827682172477,0.783676410713718,True
4,303,priority,competitive,0.0,,0.0,,True
4,303,priority,scan,0.0,,0.0,,True
4,303,priority,competitive,0.05,,0.0393236304926203,,True
4,303,priority,scan,0.05,,0.0393236304926203,,True
4,303,priority,competitive,0.1,,0.0786472609852406,,True
4,303,priority,scan,0.1,,0.0786472609852406,,True
4,303,priority,competitive,0.2,,0.1572945219704812,,True
4,303,priority,scan,0.2,0.48883245872298725,0.1441342928645073,0.2364361737173652,True
4,303,priority,competitive,0.35,0.36041377213773096,0.2633381628286003,0.4329701716427053,True
4,303,priority,scan,0.35,0.5290580127281967,0.21903064192887248,0.32871522485446647,True
4,303,priority,competitive,0.5,0.5092835716323904,0.34816980138141657,0.532026772018314,True
4,303,priority,scan,0.5,0.4299514272450789,0.2914735203315244,0.43363599157975197,True
4,303,priority,competitive,0.75,0.46279553495275894,0.48922991535259547,0.6965529154443257,True
4,303,priority,scan,0.75,0.2882941862826356,0.42535625055084864,0.6169901115321669,True
4,303,priority,competitive,1.0,0.41215572077936635,0.6240870824653614,0.8791220211836644,True
4,303,priority,scan,1.0,0.18461674260208488,0.5890340761157317,0.8041160532927044,True
4,303,position,competitive,0.0,,0.0,,True
4,303,position,scan,0.0,,0.0,,True
4,303,position,competitive,0.05,,0.039323630492620304,,True
4,303,position,scan,0.05,,0.039323630492620304,,True
4,303,position,competitive,0.1,,0.07864726098524061,,True
4,303,position,scan,0.1,,0.07864726098524061,,True
4,303,position,competitive,0.2,,0.15729452197048122,,True
4,303,position,scan,0.2,0.41275160372823494,0.14762608779800745,0.24865135915120223,True
4,303,position,competitive,0.35,0.34006428444147224,0.2642998305311994,0.4397491572054829,True
4,303,position,scan,0.35,0.7202458729342651,0.1898470206858914,0.33885627824764514,True
4,303,position,competitive,0.5,0.4860563694222537,0.352121268184725,0.53281567858504,True
4,303,position,scan,0.5,0.5964303265278859,0.2021086348308948,0.4334499281850266,True
4,303,position,competitive,0.75,0.4967484125238032,0.4802840777181002,0.7011503548506063,True
4,303,position,scan,0.75,0.39215153851119955,0.22088669184064605,0.6128192560749055,True
4,303,position,competitive,1.0,0.4313515448978295,0.6121076719682018,0.8818202042845537,True
4,303,position,scan,1.0,0.23378937704597197,0.2373427298825606,0.7974114520828809,True
4,303,phase,competitive,0.0,,,0.0,True
4,303,phase,scan,0.0,,0.0,,True
4,303,phase,competitive,0.05,,,0.0393236304926203,True
4,303,phase,scan,0.05,,0.0393236304926203,,True
4,303,phase,competitive,0.1,,,0.07864726098524061,True
4,303,phase,scan,0.1,,0.07864726098524061,,True
4,303,phase,competitive,0.2,,,0.1572945219704812,True
4,303,phase,scan,0.2,0.41275160372823494,0.14762608779800748,0.24865135915120223,True
4,303,phase,competitive,0.35,-0.0588877769982365,0.41188687393522194,0.2749980524689156,True
4,303,phase,scan,0.35,0.7202458729342651,0.1898470206858914,0.33885627824764514,True
4,303,phase,competitive,0.5,-0.13172460714921286,0.5403764587107301,0.3909007469296232,True
4,303,phase,scan,0.5,0.5964303265278859,0.2021086348308948,0.43344992818502665,True
4,303,phase,competitive,0.75,-0.08572901771828641,0.6863432506451501,0.5842822696218336,True
4,303,phase,scan,0.75,0.39215153851119955,0.220886691840646,0.6098646784761118,True
4,303,phase,competitive,1.0,-0.09325592594800318,0.8892531961882729,0.7489628616236897,True
4,303,phase,scan,1.0,0.23378937704597197,0.2373427298825606,0.7644642912534475,True
4,404,priority,competitive,0.0,,0.0,,True
4,404,priority,scan,0.0,,0.0,,True
4,404,priority,competitive,0.05,,0.040306191987356396,,True
4,404,priority,scan,0.05,,0.040306191987356396,,True
4,404,priority,competitive,0.1,,0.08061238397471279,,True
4,404,priority,scan,0.1,,0.08061238397471279,,True
4,404,priority,competitive,0.2,,0.16122476794942558,,True
4,404,priority,scan,0.2,0.4350696375965566,0.1509872960812856,0.23101150366124995,True
4,404,priority,competitive,0.35,0.3479677392585283,0.2710322437179602,0.43357176654909413,True
4,404,priority,scan,0.35,0.4833937824378142,0.2326878752145028,0.3291495893968261,True
4,404,priority,competitive,0.5,0.4725996047004316,0.3649334261275183,0.5361771875132672,True
4,404,priority,scan,0.5,0.39564687246447644,0.3099770874956274,0.4398393059629394,True
4,404,priority,competitive,0.75,0.4318362943862513,0.5121341686321554,0.7030166691290648,True
4,404,priority,scan,0.75,0.2729268167644374,0.45788597015814153,0.6307603953409462,True
4,404,priority,competitive,1.0,0.33947174716702794,0.6702765944845466,0.8813654854540203,True
4,404,priority,scan,1.0,0.2074772648903513,0.614763234027125,0.8277559082198238,True
4,404,position,competitive,0.0,,0.0,,True
4,404,position,scan,0.0,,0.0,,True
4,404,position,competitive,0.05,,0.040306191987356396,,True
4,404,position,scan,0.05,,0.040306191987356396,,True
4,404,position,competitive,0.1,,0.08061238397471279,,True
4,404,position,scan,0.1,,0.08061238397471279,,True
4,404,position,competitive,0.2,0.05357133958463982,0.16105468284937113,0.33522182530512834,True
4,404,position,scan,0.2,0.4210234496324087,0.15151246348251038,0.2444601249228952,True
4,404,position,competitive,0.35,0.31970048652459715,0.2724671986270747,0.43227966267943135,True
4,404,position,scan,0.35,0.6821516876522528,0.1984241041176087,0.33736819090681347,True
4,404,position,competitive,0.5,0.4627055372699095,0.3653726913862352,0.5235438797920741,True
4,404,position,scan,0.5,0.5448055796484268,0.2059015015729756,0.43480430014418026,True
4,404,position,competitive,0.75,0.4266710596057155,0.5202689710597451,0.6990426409574991,True
4,404,position,scan,0.75,0.3126500755089987,0.20103902942390486,0.6192972711199732,True
4,404,position,competitive,1.0,0.39058537298780277,0.6695258775474868,0.8947695382438353,True
4,404,position,scan,1.0,0.22353991661127245,0.23341475160864988,0.8163711196541781,True
4,404,phase,competitive,0.0,,,0.0,True
4,404,phase,scan,0.0,,0.0,,True
4,404,phase,competitive,0.05,,,0.040306191987356396,True
4,404,phase,scan,0.05,,0.040306191987356396,,True
4,404,phase,competitive,0.1,,,0.08061238397471279,True
4,404,phase,scan,0.1,,0.08061238397471279,,True
4,404,phase,competitive,0.2,,,0.16122476794942558,True
4,404,phase,scan,0.2,0.4210234496324087,0.15151246348251038,0.2444601249228952,True
4,404,phase,competitive,0.35,,,0.28214334391149476,True
4,404,phase,scan,0.35,0.6821516876522528,0.1984241041176087,0.33736819090681347,True
4,404,phase,competitive,0.5,-0.037126055528008406,0.47147991498445996,0.40269364002541236,True
4,404,phase,scan,0.5,0.5448055796484268,0.20590150157297557,0.4346886839710838,True
4,404,phase,competitive,0.75,-0.08054746204605409,0.691592040213809,0.5977667585047414,True
4,404,phase,scan,0.75,0.3126321380405243,0.2010390294239049,0.6151663354074653,True
4,404,phase,competitive,1.0,-0.06330660551755526,0.85087692018777,0.7670678956603265,True
4,404,phase,scan,1.0,0.22866577468709712,0.23987063509223025,0.7806206678050767,True
6,101,priority,competitive,0.0,,0.0,,True
6,101,priority,scan,0.0,,0.0,,True
6,101,priority,competitive,0.05,,0.03939666071986629,,True
6,101,priority,scan,0.05,,0.03939666071986629,,True
6,101,priority,competitive,0.1,,0.07879332143973258,,True
6,101,priority,scan,0.1,0.08927275476599819,0.07864314584998837,0.12990308048268145,True
6,101,priority,competitive,0.2,0.07228156617572613,0.15739434496011848,0.25585087966563774,True
6,101,priority,scan,0.2,0.4817743035118988,0.14449786984339885,0.2008125908052977,True
6,101,priority,competitive,0.35,0.38033186266643654,0.2639328001674491,0.3751995585943637,True
6,101,priority,scan,0.35,0.45929915357412504,0.2147464300855573,0.300709180611542,True
6,101,priority,competitive,0.5,0.47691160470941224,0.35363510436749906,0.4758228525897233,True
6,101,priority,scan,0.5,0.31669757825005507,0.26893172569027973,0.407648647320382,True
6,101,priority,competitive,0.75,0.4180338938709362,0.48437793864485035,0.6465320240606296,True
6,101,priority,scan,0.75,0.18120396952882667,0.4043187300589128,0.5983393687155824,True
6,101,priority,competitive,1.0,0.31551756520999413,0.6241626084183154,0.8267001694358356,True
6,101,priority,scan,1.0,0.11097365285816393,0.5298935870202266,0.7920290814985497,True
6,101,position,competitive,0.0,,0.0,,True
6,101,position,scan,0.0,,0.0,,True
6,101,position,competitive,0.05,,0.03939666071986629,,True
6,101,position,scan,0.05,,0.03939666071986629,,True
6,101,position,competitive,0.1,,0.07879332143973258,,True
6,101,position,scan,0.1,,0.07879332143973258,,True
6,101,position,competitive,0.2,0.053782874982802265,0.15743497189027933,0.3127460648165771,True
6,101,position,scan,0.2,0.4152750005806208,0.1487973158398897,0.2149757782555167,True
6,101,position,competitive,0.35,0.3577787802357411,0.2654447842825148,0.37565108568570676,True
6,101,position,scan,0.35,0.6227926888153514,0.1910289442936176,0.30798531233046006,True
6,101,position,competitive,0.5,0.5212570501391862,0.3502794968999739,0.48381860420104117,True
6,101,position,scan,0.5,0.38681580518736614,0.20107380346677936,0.4072556730090014,True
6,101,position,competitive,0.75,0.4504171513736052,0.4775980133594003,0.6503247142182103,True
6,101,position,scan,0.75,0.1995693505893911,0.1946431607109944,0.5964432716902894,True
6,101,position,competitive,1.0,0.3435341069734094,0.6085537673996732,0.8295941449274667,True
6,101,position,scan,1.0,0.13193387614129715,0.21377175317716537,0.7913172701609025,True
6,101,phase,competitive,0.0,,,7.067899292141147e-17,True
6,101,phase,scan,0.0,,7.067899292141147e-17,,True
6,101,phase,competitive,0.05,,,0.0393966607198663,True
6,101,phase,scan,0.05,,0.0393966607198663,,True
6,101,phase,competitive,0.1,,,0.07879332143973258,True
6,101,phase,scan,0.1,,0.07879332143973258,,True
6,101,phase,competitive,0.2,,,0.15758664287946517,True
6,101,phase,scan,0.2,0.4152750005806208,0.1487973158398897,0.21497577825551673,True
6,101,phase,competitive,0.35,,,0.275776625039064,True
6,101,phase,scan,0.35,0.6227926888153514,0.1910289442936176,0.30798531233046017,True
6,101,phase,competitive,0.5,,,0.39396660719866294,True
6,101,phase,scan,0.5,0.38681580518736614,0.20107380346677942,0.40725567300900145,True
6,101,phase,competitive,0.75,,,0.5909499107979943,True
6,101,phase,scan,0.75,0.1995693505893911,0.19464316071099447,0.5964432716902894,True
6,101,phase,competitive,1.0,,,0.7860415875468519,True
6,101,phase,scan,1.0,0.13193387614129715,0.21377175317716537,0.7894144942327244,True
6,202,priority,competitive,0.0,,0.0,,True
6,202,priority,scan,0.0,,0.0,,True
6,202,priority,competitive,0.05,,0.04027835488156843,,True
6,202,priority,scan,0.05,,0.04027835488156843,,True
6,202,priority,competitive,0.1,,0.08055670976313686,,True
6,202,priority,scan,0.1,0.07602284806887967,0.08040572303247787,0.15771092912988682,True
6,202,priority,competitive,0.2,,0.16111341952627373,,True
6,202,priority,scan,0.2,0.48803951237937737,0.14653331084462767,0.20395650811387983,True
6,202,priority,competitive,0.35,0.35181935064760345,0.270695153496141,0.38257292641880203,True
6,202,priority,scan,0.35,0.40772418837795404,0.22498554708006316,0.3032809129607314,True
6,202,priority,competitive,0.5,0.49230073914204847,0.3576632989025844,0.4860053430998464,True
6,202,priority,scan,0.5,0.27569057171125133,0.2934574474392387,0.41422328110642354,True
6,202,priority,competitive,0.75,0.43586364384922716,0.488787058543248,0.6590429418755321,True
6,202,priority,scan,0.75,0.12626496699876866,0.4001399176319698,0.6076198136853502,True
6,202,priority,competitive,1.0,0.33815832236311566,0.6276813630745144,0.8440174583075533,True
6,202,priority,scan,1.0,0.1318270629334138,0.4202763132914552,0.8089834691181265,True
6,202,position,competitive,0.0,,0.0,,True
6,202,position,scan,0.0,,0.0,,True
6,202,position,competitive,0.05,,0.04027835488156843,,True
6,202,position,scan,0.05,,0.04027835488156843,,True
6,202,position,competitive,0.1,,0.08055670976313686,,True
6,202,position,scan,0.1,,0.08055670976313686,,True
6,202,position,competitive,0.2,0.10624089499170453,0.16056735952174714,0.30035872068056074,True
6,202,position,scan,0.2,0.3881911456990158,0.15262312641705986,0.21750417226657487,True
6,202,position,competitive,0.35,0.4260962054141162,0.26652423745664733,0.39705670551842953,True
6,202,position,scan,0.35,0.6169458208424441,0.19869820365400534,0.31327923490317344,True
6,202,position,competitive,0.5,0.5192043515349027,0.35503824210235535,0.490096789269341,True
6,202,position,scan,0.5,0.4064693512896013,0.21530339474010438,0.4167511153837496,True
6,202,position,competitive,0.75,0.4633239674178512,0.47880184732195,0.661422671394801,True
6,202,position,scan,0.75,0.13102488290016617,0.19547366225121088,0.6065841738775873,True
6,202,position,competitive,1.0,0.3478896840943082,0.625945610666376,0.8470182100079053,True
6,202,position,scan,1.0,0.054100178080045934,0.15307218585517854,0.8062049225695664,True
6,202,phase,competitive,0.0,,,7.067899292141147e-17,True
6,202,phase,scan,0.0,,7.067899292141147e-17,,True
6,202,phase,competitive,0.05,,,0.040278354881568446,True
6,202,phase,scan,0.05,,0.040278354881568446,,True
6,202,phase,competitive,0.1,,,0.08055670976313686,True
6,202,phase,scan,0.1,,0.08055670976313686,,True
6,202,phase,competitive,0.2,,,0.16111341952627373,True
6,202,phase,scan,0.2,0.3881911456990158,0.15262312641705986,0.2175041722665749,True
6,202,phase,competitive,0.35,,,0.281948484170979,True
6,202,phase,scan,0.35,0.6169458208424441,0.19869820365400537,0.31327923490317344,True
6,202,phase,competitive,0.5,,,0.40278354881568434,True
6,202,phase,scan,0.5,0.4064693512896013,0.2153033947401044,0.4167511153837496,True
6,202,phase,competitive,0.75,,,0.6040789959385768,True
6,202,phase,scan,0.75,0.13102488290016617,0.19547366225121085,0.6064872788483255,True
6,202,phase,competitive,1.0,,,0.8034903657789823,True
6,202,phase,scan,1.0,0.054100178080045934,0.1530721858551784,0.8041261606762685,True
6,303,priority,competitive,0.0,,0.0,,True
6,303,priority,scan,0.0,,0.0,,True
6,303,priority,competitive,0.05,,0.03945513215260838,,True
6,303,priority,scan,0.05,,0.03945513215260838,,True
6,303,priority,competitive,0.1,,0.07891026430521678,,True
6,303,priority,scan,0.1,0.09903812244989404,0.07870329681710715,0.13168697377317118,True
6,303,priority,competitive,0.2,0.07168296107282157,0.15761926826233796,0.26066456648727604,True
6,303,priority,scan,0.2,0.5172503518689999,0.14318142314479151,0.20314319913206133,True
6,303,priority,competitive,0.35,0.37565363568312754,0.2641508048404802,0.37932803019791195,True
6,303,priority,scan,0.35,0.5111833288900008,0.20388679255963,0.30286314508481155,True
6,303,priority,competitive,0.5,0.5360244358072725,0.3459571437713528,0.48341691730959757,True
6,303,priority,scan,0.5,0.3835129673389842,0.24885700263086427,0.41066934812837497,True
6,303,priority,competitive,0.75,0.5100784502266184,0.4654649206044513,0.6618150741175116,True
6,303,priority,scan,0.75,0.1867363606259667,0.3575592115498506,0.5976895391144329,True
6,303,priority,competitive,1.0,0.40433467826537545,0.589485005415333,0.8399855702929295,True
6,303,priority,scan,1.0,0.0958852405716443,0.4739553500121527,0.7912717984614893,True
6,303,position,competitive,0.0,,0.0,,True
6,303,position,scan,0.0,,0.0,,True
6,303,position,competitive,0.05,,0.03945513215260839,,True
6,303,position,scan,0.05,,0.03945513215260839,,True
6,303,position,competitive,0.1,,0.07891026430521678,,True
6,303,position,scan,0.1,,0.07891026430521678,,True
6,303,position,competitive,0.2,0.09355149001667937,0.1573286316023995,0.3252294770113681,True
6,303,position,scan,0.2,0.3742980746542667,0.1500076526106685,0.20926976389777546,True
6,303,position,competitive,0.35,0.3862156273228205,0.26416695310051064,0.3848280050120202,True
6,303,position,scan,0.35,0.6512089262267641,0.18626472287179285,0.30969543473396577,True
6,303,position,competitive,0.5,0.4826200943304023,0.3514597616314642,0.4761087936430194,True
6,303,position,scan,0.5,0.4165438917435928,0.19648008610867998,0.409531498994627,True
6,303,position,competitive,0.75,0.47614766946717335,0.47027373108560944,0.6549481068013375,True
6,303,position,scan,0.75,0.22949813230599989,0.23038059055199875,0.5986602971577878,True
6,303,position,competitive,1.0,0.3913163826632627,0.5882227707413719,0.8360552879055343,True
6,303,position,scan,1.0,0.07557389424170124,0.2530307903977461,0.7901517073430766,True
6,303,phase,competitive,0.0,,,7.067899292141147e-17,True
6,303,phase,scan,0.0,,7.067899292141147e-17,,True
6,303,phase,competitive,0.05,,,0.0394551321526084,True
6,303,phase,scan,0.05,,0.0394551321526084,,True
6,303,phase,competitive,0.1,,,0.07891026430521678,True
6,303,phase,scan,0.1,,0.07891026430521678,,True
6,303,phase,competitive,0.2,,,0.15782052861043355,True
6,303,phase,scan,0.2,0.3742980746542667,0.1500076526106685,0.20926976389777546,True
6,303,phase,competitive,0.35,,,0.2761859250682587,True
6,303,phase,scan,0.35,0.6512089262267641,0.18626472287179288,0.3096954347339658,True
6,303,phase,competitive,0.5,,,0.3945513215260839,True
6,303,phase,scan,0.5,0.4165438917435928,0.19648008610868,0.409531498994627,True
6,303,phase,competitive,0.75,-0.02755248561065878,0.724989189151503,0.5916573109755384,True
6,303,phase,scan,0.75,0.22949813230599989,0.23038059055199875,0.5986200866633227,True
6,303,phase,competitive,1.0,-0.0014278639375965203,0.7881943855001081,0.7873241713253574,True
6,303,phase,scan,1.0,0.07557389424170124,0.25303079039774606,0.788370606722647,True
6,404,priority,competitive,0.0,,0.0,,True
6,404,priority,scan,0.0,,0.0,,True
6,404,priority,competitive,0.05,,0.03942303218688073,,True
6,404,priority,scan,0.05,,0.03942303218688073,,True
6,404,priority,competitive,0.1,,0.07884606437376147,,True
6,404,priority,scan,0.1,0.053782874982802265,0.07877415270283034,0.15241170373629478,True
6,404,priority,competitive,0.2,0.04849449002874107,0.15760409159780564,0.2477541329083438,True
6,404,priority,scan,0.2,0.5264735079932207,0.14226310792004263,0.20233655783388232,True
6,404,priority,competitive,0.35,0.37254259402376927,0.26425116173899754,0.37955024918926217,True
6,404,priority,scan,0.35,0.4603044797442386,0.2090643987750893,0.298260167485857,True
6,404,priority,competitive,0.5,0.45839684312222134,0.3535134438405953,0.47230000538158984,True
6,404,priority,scan,0.5,0.32984083486038407,0.27195367558269823,0.40834941174498113,True
6,404,priority,competitive,0.75,0.4027287324417366,0.48827203443309397,0.6439463871336837,True
6,404,priority,scan,0.75,0.13781280310572627,0.43567104880772056,0.5962054097456684,True
6,404,priority,competitive,1.0,0.28578306053346697,0.6374435073819382,0.8230876221817134,True
6,404,priority,scan,1.0,0.10944309219064684,0.5061760826637413,0.7923734990396287,True
6,404,position,competitive,0.0,,0.0,,True
6,404,position,scan,0.0,,0.0,,True
6,404,position,competitive,0.05,,0.03942303218688073,,True
6,404,position,scan,0.05,,0.03942303218688073,,True
6,404,position,competitive,0.1,,0.07884606437376147,,True
6,404,position,scan,0.1,,0.07884606437376147,,True
6,404,position,competitive,0.2,,0.15769212874752292,,True
6,404,position,scan,0.2,0.4521690072317184,0.14747266415516247,0.21631958351422242,True
6,404,position,competitive,0.35,0.3767657499496782,0.26418845986665646,0.37791781658462675,True
6,404,position,scan,0.35,0.6014955779180191,0.19801885785538695,0.3067558936478186,True
6,404,position,competitive,0.5,0.5021007852164416,0.3507566572413577,0.4801666356672542,True
6,404,position,scan,0.5,0.38205200823209906,0.19654858495756616,0.40653416441515006,True
6,404,position,competitive,0.75,0.45790652651219826,0.46791566037134946,0.6469413518305933,True
6,404,position,scan,0.75,0.1768203109813479,0.19887336557086463,0.5956072728225158,True
6,404,position,competitive,1.0,0.38065763583571793,0.5728868647977696,0.8283817139116599,True
6,404,position,scan,1.0,0.09361261480597481,0.17244989433452587,0.7902706655282211,True
6,404,phase,competitive,0.0,,,7.067899292141147e-17,True
6,404,phase,scan,0.0,,7.067899292141147e-17,,True
6,404,phase,competitive,0.05,,,0.03942303218688074,True
6,404,phase,scan,0.05,,0.03942303218688074,,True
6,404,phase,competitive,0.1,,,0.07884606437376147,True
6,404,phase,scan,0.1,,0.07884606437376147,,True
6,404,phase,competitive,0.2,,,0.15769212874752295,True
6,404,phase,scan,0.2,0.4521690072317184,0.14747266415516247,0.21631958351422248,True
6,404,phase,competitive,0.35,,,0.27596122530816514,True
6,404,phase,scan,0.35,0.6014955779180191,0.19801885785538698,0.30675589364781863,True
6,404,phase,competitive,0.5,,,0.39423032186880735,True
6,404,phase,scan,0.5,0.38205200823209906,0.1965485849575662,0.40653416441515006,True
6,404,phase,competitive,0.75,,,0.5912611095659756,True
6,404,phase,scan,0.75,0.1768203109813479,0.19887336557086466,0.5955219833902069,True
6,404,phase,competitive,1.0,,,0.7863288724689145,True
6,404,phase,scan,1.0,0.09361261480597481,0.17244989433452593,0.7881326304849802,True
8,101,priority,competitive,0.0,,0.0,,True
8,101,priority,scan,0.0,,0.0,,True
8,101,priority,competitive,0.05,,0.03967873887076105,,True
8,101,priority,scan,0.05,,0.03967873887076105,,True
8,101,priority,competitive,0.1,,0.0793574777415221,,True
8,101,priority,scan,0.1,0.112156716939302,0.07914283481692748,0.12310170577390626,True
8,101,priority,competitive,0.2,0.0698123201262448,0.15855835251032865,0.23873907454070387,True
8,101,priority,scan,0.2,0.48995280966639004,0.14398221225127483,0.18684110165278575,True
8,101,priority,competitive,0.35,0.4329290252249236,0.2634142718567644,0.355170433383567,True
8,101,priority,scan,0.35,0.37606663150070674,0.20071383452808028,0.2876887338322269,True
8,101,priority,competitive,0.5,0.49745006591699914,0.3490436244873751,0.45328587301940293,True
8,101,priority,scan,0.5,0.21716652400718678,0.2503411496710359,0.4007533350004766,True
8,101,priority,competitive,0.75,0.4062671571639165,0.46858529161348417,0.6272561489484682,True
8,101,priority,scan,0.75,0.09012850181613442,0.27326379492045816,0.5961269712733871,True
8,101,priority,competitive,1.0,0.275268822395425,0.5905223541084179,0.811484821128786,True
8,101,priority,scan,1.0,0.049023328524147196,0.45537331168746625,0.7939053751334298,True
8,101,position,competitive,0.0,,0.0,,True
8,101,position,scan,0.0,,0.0,,True
8,101,position,competitive,0.05,,0.039678738870761045,,True
8,101,position,scan,0.05,,0.039678738870761045,,True
8,101,position,competitive,0.1,,0.0793574777415221,,True
8,101,position,scan,0.1,,0.0793574777415221,,True
8,101,position,competitive,0.2,,0.1587149554830442,,True
8,101,position,scan,0.2,0.422648649860386,0.149667288808963,0.19947809888562512,True
8,101,position,competitive,0.35,0.3789642077946028,0.265669603307243,0.350406085766136,True
8,101,position,scan,0.35,0.5427670770901969,0.1942842006882323,0.2955521849546604,True
8,101,position,competitive,0.5,0.4770661612496758,0.3535568094751303,0.4528126685201072,True
8,101,position,scan,0.5,0.25519315907634116,0.2042892353210106,0.4016046598133812,True
8,101,position,competitive,0.75,0.40664087879983907,0.47608961021602947,0.6287174802957235,True
8,101,position,scan,0.75,,,0.5951810830614157,True
8,101,position,competitive,1.0,0.2819398937947366,0.5948347933378867,0.8115650848130628,True
8,101,position,scan,1.0,,,0.793574777415221,True
8,101,phase,competitive,0.0,,,0.0,True
8,101,phase,scan,0.0,,0.0,,True
8,101,phase,competitive,0.05,,,0.039678738870761066,True
8,101,phase,scan,0.05,,0.039678738870761066,,True
8,101,phase,competitive,0.1,,,0.07935747774152212,True
8,101,phase,scan,0.1,,0.07935747774152212,,True
8,101,phase,competitive,0.2,,,0.1587149554830442,True
8,101,phase,scan,0.2,0.422648649860386,0.149667288808963,0.19947809888562512,True
8,101,phase,competitive,0.35,,,0.2777511720953273,True
8,101,phase,scan,0.35,0.5427670770901969,0.1942842006882323,0.2955521849546604,True
8,101,phase,competitive,0.5,,,0.3967873887076105,True
8,101,phase,scan,0.5,0.25519315907634116,0.20428923532101056,0.4016046598133813,True
8,101,phase,competitive,0.75,,,0.5951810830614157,True
8,101,phase,scan,0.75,,,0.5951810830614157,True
8,101,phase,competitive,1.0,,,0.7935747774152209,True
8,101,phase,scan,1.0,,,0.7935747774152209,True
8,202,priority,competitive,0.0,,0.0,,True
8,202,priority,scan,0.0,,0.0,,True
8,202,priority,competitive,0.05,,0.039772491354858844,,True
8,202,priority,scan,0.05,,0.039772491354858844,,True
8,202,priority,competitive,0.1,,0.0795449827097177,,True
8,202,priority,scan,0.1,0.05187905639934024,0.07949678403457816,0.1288522273774545,True
8,202,priority,competitive,0.2,,0.1590899654194354,,True
8,202,priority,scan,0.2,0.5064584601112841,0.14373447471018824,0.18840499313708908,True
8,202,priority,competitive,0.35,0.4022717251229396,0.2658445906256554,0.35974500836986734,True
8,202,priority,scan,0.35,0.3835231663299176,0.21029264796045757,0.28991541796059417,True
8,202,priority,competitive,0.5,0.4833229010374275,0.3520016951860175,0.4526911050855286,True
8,202,priority,scan,0.5,0.19337646577002887,0.26783434882085666,0.4013764555288861,True
8,202,priority,competitive,0.75,0.3936303994834733,0.4795076588317319,0.6291825958691082,True
8,202,priority,scan,0.75,0.041473169536959786,0.43537495528518927,0.5970610600830325,True
8,202,priority,competitive,1.0,0.27753211204492634,0.5973823170596422,0.8138403002810248,True
8,202,priority,scan,1.0,0.053782874982802265,0.2979212641185265,0.7959361697784854,True
8,202,position,competitive,0.0,,0.0,,True
8,202,position,scan,0.0,,0.0,,True
8,202,position,competitive,0.05,,0.039772491354858844,,True
8,202,position,scan,0.05,,0.039772491354858844,,True
8,202,position,competitive,0.1,,0.0795449827097177,,True
8,202,position,scan,0.1,,0.0795449827097177,,True
8,202,position,competitive,0.2,0.06749272535248962,0.1588853332109234,0.26365702396904955,True
8,202,position,scan,0.2,0.39814035490821764,0.15056478008825366,0.1985306579955619,True
8,202,position,competitive,0.35,0.3657809062266971,0.2652016003120857,0.34428218108432224,True
8,202,position,scan,0.35,0.5177624343554372,0.20075285344315347,0.29553032198408197,True
8,202,position,competitive,0.5,0.4757723913901499,0.35215051841083955,0.45060659567044903,True
8,202,position,scan,0.5,0.22776762639153092,0.21011309675822862,0.40165297750930395,True
8,202,position,competitive,0.75,0.38661815042975384,0.474631709326742,0.627113512574664,True
8,202,position,scan,0.75,0.09330699085949758,0.2149404359686827,0.5977087619027678,True
8,202,position,competitive,1.0,0.30051511400352104,0.5655952911095373,0.813615359446042,True
8,202,position,scan,1.0,,,0.7954498270971769,True
8,202,phase,competitive,0.0,,,0.0,True
8,202,phase,scan,0.0,,0.0,,True
8,202,phase,competitive,0.05,,,0.03977249135485886,True
8,202,phase,scan,0.05,,0.03977249135485886,,True
8,202,phase,competitive,0.1,,,0.0795449827097177,True
8,202,phase,scan,0.1,,0.0795449827097177,,True
8,202,phase,competitive,0.2,,,0.1590899654194354,True
8,202,phase,scan,0.2,0.39814035490821764,0.15056478008825366,0.1985306579955619,True
8,202,phase,competitive,0.35,,,0.2784074394840119,True
8,202,phase,scan,0.35,0.5177624343554372,0.20075285344315347,0.295530321984082,True
8,202,phase,competitive,0.5,,,0.3977249135485884,True
8,202,phase,scan,0.5,0.22776762639153092,0.21011309675822862,0.40165297750930395,True
8,202,phase,competitive,0.75,,,0.5965873703228827,True
8,202,phase,scan,0.75,0.09330699085949758,0.2149404359686827,0.5977087619027678,True
8,202,phase,competitive,1.0,,,0.795430875940915,True
8,202,phase,scan,1.0,,,0.795430875940915,True
8,303,priority,competitive,0.0,,0.0,,True
8,303,priority,scan,0.0,,0.0,,True
8,303,priority,competitive,0.05,,0.03940427895642202,,True
8,303,priority,scan,0.05,,0.03940427895642202,,True
8,303,priority,competitive,0.1,,0.07880855791284402,,True
8,303,priority,scan,0.1,0.046061832949872934,0.0787773474158514,0.11073689633630486,True
8,303,priority,competitive,0.2,,0.15761711582568805,,True
8,303,priority,scan,0.2,0.5123822927946905,0.14166845842048234,0.18741474744829936,True
8,303,priority,competitive,0.35,0.35384505924945436,0.2648385583058595,0.3452327572660942,True
8,303,priority,scan,0.35,0.4183993243692194,0.20152821693470874,0.28898221396745727,True
8,303,priority,competitive,0.5,0.4876055129399756,0.3456229785607559,0.44743383373025764,True
8,303,priority,scan,0.5,0.24291340223979005,0.24727347220452334,0.3990833519785935,True
8,303,priority,competitive,0.75,0.3800058841622825,0.46842522513227974,0.6210161051264325,True
8,303,priority,scan,0.75,0.10920904511302254,0.3388041550026745,0.5925509821617152,True
8,303,priority,competitive,1.0,0.30923314339071845,0.5581622389528498,0.8078350919112852,True
8,303,priority,scan,1.0,,,0.7880855791284402,True
8,303,position,competitive,0.0,,0.0,,True
8,303,position,scan,0.0,,0.0,,True
8,303,position,competitive,0.05,,0.03940427895642201,,True
8,303,position,scan,0.05,,0.03940427895642201,,True
8,303,position,competitive,0.1,,0.07880855791284404,,True
8,303,position,scan,0.1,,0.07880855791284404,,True
8,303,position,competitive,0.2,0.0828546518899764,0.15729758968583457,0.2663625120891486,True
8,303,position,scan,0.2,0.4132390077223445,0.14916602838414403,0.19890116367231117,True
8,303,position,competitive,0.35,0.3926003647258374,0.26355243207482043,0.34907747367357445,True
8,303,position,scan,0.35,0.5241565841679867,0.19616406130693398,0.29374524884441316,True
8,303,position,competitive,0.5,0.5091981546755414,0.34509400117793354,0.4512879827617417,True
8,303,position,scan,0.5,0.2677208644056883,0.20325623471191237,0.3994062670098674,True
8,303,position,competitive,0.75,0.3986159102668204,0.4701368886631537,0.623201846363491,True
8,303,position,scan,0.75,0.05399441038096471,0.1991592205466757,0.5914472781525859,True
8,303,position,competitive,1.0,0.27278602137056657,0.5978981761214313,0.8064119884117709,True
8,303,position,scan,1.0,,,0.7880855791284402,True
8,303,phase,competitive,0.0,,,0.0,True
8,303,phase,scan,0.0,,0.0,,True
8,303,phase,competitive,0.05,,,0.03940427895642202,True
8,303,phase,scan,0.05,,0.03940427895642202,,True
8,303,phase,competitive,0.1,,,0.07880855791284402,True
8,303,phase,scan,0.1,,0.07880855791284402,,True
8,303,phase,competitive,0.2,,,0.1576171158256881,True
8,303,phase,scan,0.2,0.4132390077223445,0.14916602838414406,0.19890116367231125,True
8,303,phase,competitive,0.35,,,0.2758299526949541,True
8,303,phase,scan,0.35,0.5241565841679867,0.196164061306934,0.29374524884441316,True
8,303,phase,competitive,0.5,,,0.3940427895642202,True
8,303,phase,scan,0.5,0.2677208644056883,0.20325623471191237,0.39940626700986737,True
8,303,phase,competitive,0.75,,,0.5910641843463302,True
8,303,phase,scan,0.75,0.05399441038096471,0.19915922054667565,0.5914472781525859,True
8,303,phase,competitive,1.0,,,0.7880855791284402,True
8,303,phase,scan,1.0,,,0.7880855791284402,True
8,404,priority,competitive,0.0,,0.0,,True
8,404,priority,scan,0.0,,0.0,,True
8,404,priority,competitive,0.05,,0.04033899770085633,,True
8,404,priority,scan,0.05,,0.04033899770085633,,True
8,404,priority,competitive,0.1,,0.08067799540171268,,True
8,404,priority,scan,0.1,0.12302900300819171,0.08041616885316495,0.118717652526431,True
8,404,priority,competitive,0.2,0.08892246395367494,0.16108312336337918,0.23093718801519064,True
8,404,priority,scan,0.2,0.5055526699913971,0.14571971738236875,0.19253709745009379,True
8,404,priority,competitive,0.35,0.3994899870692261,0.2688787218654225,0.3563352049638121,True
8,404,priority,scan,0.35,0.3784318769393918,0.2067917720118539,0.2931702998908715,True
8,404,priority,competitive,0.5,0.48976866476680314,0.3529157737548776,0.4590463366537979,True
8,404,priority,scan,0.5,0.2412285542484768,0.24221681364689102,0.40775474672848827,True
8,404,priority,competitive,0.75,0.3701024709479366,0.47800969305241386,0.6327363030399068,True
8,404,priority,scan,0.75,0.09485415898810709,0.3304954466408221,0.6061617871554804,True
8,404,priority,competitive,1.0,0.2587177453314613,0.5951310064548097,0.8215975919342376,True
8,404,priority,scan,1.0,0.05784021806815353,0.5489994758233744,0.8072844167924569,True
8,404,position,competitive,0.0,,0.0,,True
8,404,position,scan,0.0,,0.0,,True
8,404,position,competitive,0.05,,0.04033899770085633,,True
8,404,position,scan,0.05,,0.04033899770085633,,True
8,404,position,competitive,0.1,,0.08067799540171267,,True
8,404,position,scan,0.1,,0.08067799540171267,,True
8,404,position,competitive,0.2,0.0903730009733162,0.16103943296022497,0.26909117677261424,True
8,404,position,scan,0.2,0.4316955556842496,0.15189388071074725,0.20315949306472794,True
8,404,position,competitive,0.35,0.4135434266655497,0.26878058956883816,0.362194091590636,True
8,404,position,scan,0.35,0.5222840895628907,0.19681300291726425,0.29940483023864545,True
8,404,position,competitive,0.5,0.5076692891110784,0.3519215420175467,0.45926100725339386,True
8,404,position,scan,0.5,0.2590431164836735,0.2234480144037407,0.40826302915533386,True
8,404,position,competitive,0.75,0.38295353135086185,0.4816644712015356,0.6341163242471095,True
8,404,position,scan,0.75,0.054100178080045934,0.2196828849749015,0.6054617026394705,True
8,404,position,competitive,1.0,0.25531288281340586,0.6018892237565205,0.8215835774600396,True
8,404,position,scan,1.0,,,0.8067799540171267,True
8,404,phase,competitive,0.0,,,0.0,True
8,404,phase,scan,0.0,,0.0,,True
8,404,phase,competitive,0.05,,,0.04033899770085633,True
8,404,phase,scan,0.05,,0.04033899770085633,,True
8,404,phase,competitive,0.1,,,0.08067799540171268,True
8,404,phase,scan,0.1,,0.08067799540171268,,True
8,404,phase,competitive,0.2,,,0.16135599080342536,True
8,404,phase,scan,0.2,0.4316955556842496,0.15189388071074728,0.2031594930647279,True
8,404,phase,competitive,0.35,,,0.2823729839059943,True
8,404,phase,scan,0.35,0.5222840895628907,0.19681300291726425,0.2994048302386455,True
8,404,phase,competitive,0.5,,,0.4033899770085633,True
8,404,phase,scan,0.5,0.2590431164836735,0.2234480144037408,0.40826302915533386,True
8,404,phase,competitive,0.75,,,0.605084965512845,True
8,404,phase,scan,0.75,0.054100178080045934,0.2196828849749015,0.6054617026394705,True
8,404,phase,competitive,1.0,,,0.806712501812618,True
8,404,phase,scan,1.0,,,0.806712501812618,True
10,101,priority,competitive,0.0,,0.0,,True
10,101,priority,scan,0.0,,0.0,,True
10,101,priority,competitive,0.05,,0.03995760493669105,,True
10,101,priority,scan,0.05,,0.03995760493669105,,True
10,101,priority,competitive,0.1,,0.07991520987338212,,True
10,101,priority,scan,0.1,0.09466515325492679,0.07977816046608575,0.10316792597799873,True
10,101,priority,competitive,0.2,0.08544536466631253,0.15957114407176234,0.2038208592720847,True
10,101,priority,scan,0.2,0.49177523944434776,0.14364400908144223,0.1812287812385618,True
10,101,priority,competitive,0.35,0.41292369073639446,0.26584195985064735,0.3375285522705394,True
10,101,priority,scan,0.35,0.35437279467324406,0.196512914717473,0.2869448547551685,True
10,101,priority,competitive,0.5,0.4864957186469753,0.3482592087536673,0.44093724188940114,True
10,101,priority,scan,0.5,0.18625708250459067,0.2306082884619445,0.40208795859741053,True
10,101,priority,competitive,0.75,0.3882562497887265,0.45935124870541244,0.621721727927646,True
10,101,priority,scan,0.75,,,0.5993640740503658,True
10,101,priority,competitive,1.0,0.24504852961816792,0.5628183332491342,0.8095112749986952,True
10,101,priority,scan,1.0,,,0.7991520987338212,True
10,101,position,competitive,0.0,,0.0,,True
10,101,position,scan,0.0,,0.0,,True
10,101,position,competitive,0.05,,0.03995760493669106,,True
10,101,position,scan,0.05,,0.03995760493669106,,True
10,101,position,competitive,0.1,,0.07991520987338213,,True
10,101,position,scan,0.1,,0.07991520987338213,,True
10,101,position,competitive,0.2,0.07347877638153527,0.1596620094673622,0.2458880725212078,True
10,101,position,scan,0.2,0.4466310146773364,0.15012695744449572,0.19118623594665668,True
10,101,position,competitive,0.35,0.419961132200557,0.265670822789786,0.3405103522140602,True
10,101,position,scan,0.35,0.42322922115152894,0.19196511695487292,0.2893040469921553,True
10,101,position,competitive,0.5,0.4484677253967332,0.3515577502852282,0.438894763179798,True
10,101,position,scan,0.5,0.18751024598957325,0.204332030079998,0.4020866055001745,True
10,101,position,competitive,0.75,0.3686267133775305,0.45399075498159924,0.6199464726253195,True
10,101,position,scan,0.75,,,0.5993640740503658,True
10,101,position,competitive,1.0,0.22272707210647932,0.5767923509987087,0.8081911128693948,True
10,101,position,scan,1.0,,,0.7991520987338212,True
10,101,phase,competitive,0.0,,,1.4135798584282295e-16,True
10,101,phase,scan,0.0,,1.4135798584282295e-16,,True
10,101,phase,competitive,0.05,,,0.039957604936691066,True
10,101,phase,scan,0.05,,0.039957604936691066,,True
10,101,phase,competitive,0.1,,,0.07991520987338213,True
10,101,phase,scan,0.1,,0.07991520987338213,,True
10,101,phase,competitive,0.2,,,0.15983041974676424,True
10,101,phase,scan,0.2,0.4466310146773364,0.15012695744449572,0.1911862359466567,True
10,101,phase,competitive,0.35,,,0.2797032345568374,True
10,101,phase,scan,0.35,0.42322922115152894,0.19196511695487292,0.2893040469921553,True
10,101,phase,competitive,0.5,,,0.3995760493669106,True
10,101,phase,scan,0.5,0.18751024598957325,0.20433203007999798,0.40208660550017455,True
10,101,phase,competitive,0.75,,,0.5993640740503658,True
10,101,phase,scan,0.75,,,0.5993640740503658,True
10,101,phase,competitive,1.0,,,0.7991520987338212,True
10,101,phase,scan,1.0,,,0.7991520987338212,True
10,202,priority,competitive,0.0,,0.0,,True
10,202,priority,scan,0.0,,0.0,,True
10,202,priority,competitive,0.05,,0.040332610313976294,,True
10,202,priority,scan,0.05,,0.040332610313976294,,True
10,202,priority,competitive,0.1,,0.08066522062795259,,True
10,202,priority,scan,0.1,0.052326024053740816,0.08059716364686369,0.09801975080562071,True
10,202,priority,competitive,0.2,0.12334975647863836,0.16083972735729254,0.23262416052576887,True
10,202,priority,scan,0.2,0.5056323856084073,0.1445557856454476,0.18350645989739445,True
10,202,priority,competitive,0.35,0.40166556498002254,0.2680340853968922,0.3367535562145654,True
10,202,priority,scan,0.35,0.33649481582899327,0.20158831895293977,0.28944986212272905,True
10,202,priority,competitive,0.5,0.4661047967350633,0.3528837868179561,0.4416345289374238,True
10,202,priority,scan,0.5,0.17289110114295214,0.22364959542656412,0.405456654614623,True
10,202,priority,competitive,0.75,0.35481364041874836,0.4730245849570208,0.6257157933487569,True
10,202,priority,scan,0.75,0.05388864268188349,0.264269369953273,0.6053222141277835,True
10,202,priority,competitive,1.0,0.25414621908750756,0.5570936348884034,0.8181232335651237,True
10,202,priority,scan,1.0,,,0.8066522062795257,True
10,202,position,competitive,0.0,,0.0,,True
10,202,position,scan,0.0,,0.0,,True
10,202,position,competitive,0.05,,0.04033261031397629,,True
10,202,position,scan,0.05,,0.04033261031397629,,True
10,202,position,competitive,0.1,,0.08066522062795259,,True
10,202,position,scan,0.1,,0.08066522062795259,,True
10,202,position,competitive,0.2,0.07063540214273858,0.16117546048466047,0.24052561536193529,True
10,202,position,scan,0.2,0.43332481819961727,0.15177700140383463,0.19431057709305302,True
10,202,position,competitive,0.35,0.3917267589864356,0.26881554471471575,0.33731570779745373,True
10,202,position,scan,0.35,0.4046281421573057,0.18992371322812993,0.2906929021365186,True
10,202,position,competitive,0.5,0.43788666978591584,0.3562498052596044,0.4405262546114965,True
10,202,position,scan,0.5,0.15950561393728807,0.1899714653807706,0.4052179176617638,True
10,202,position,competitive,0.75,0.33886341152874616,0.46787885339630264,0.6231896371848668,True
10,202,position,scan,0.75,0.054100178080045934,0.20529428442004508,0.6053798632827525,True
10,202,position,competitive,1.0,0.2566818910175688,0.5477303029560301,0.8169039364618773,True
10,202,position,scan,1.0,,,0.8066522062795258,True
10,202,phase,competitive,0.0,,,1.4135798584282295e-16,True
10,202,phase,scan,0.0,,1.4135798584282295e-16,,True
10,202,phase,competitive,0.05,,,0.040332610313976294,True
10,202,phase,scan,0.05,,0.040332610313976294,,True
10,202,phase,competitive,0.1,,,0.08066522062795259,True
10,202,phase,scan,0.1,,0.08066522062795259,,True
10,202,phase,competitive,0.2,,,0.16133044125590518,True
10,202,phase,scan,0.2,0.43332481819961727,0.15177700140383463,0.194310577093053,True
10,202,phase,competitive,0.35,,,0.282328272197834,True
10,202,phase,scan,0.35,0.4046281421573057,0.18992371322812993,0.2906929021365186,True
10,202,phase,competitive,0.5,,,0.4033261031397629,True
10,202,phase,scan,0.5,0.15950561393728807,0.1899714653807705,0.4052179176617638,True
10,202,phase,competitive,0.75,,,0.6049891547096443,True
10,202,phase,scan,0.75,0.054100178080045934,0.2052942844200449,0.6053798632827524,True
10,202,phase,competitive,1.0,,,0.8066522062795258,True
10,202,phase,scan,1.0,,,0.8066522062795258,True
10,303,priority,competitive,0.0,,0.0,,True
10,303,priority,scan,0.0,,0.0,,True
10,303,priority,competitive,0.05,,0.039693398913669006,,True
10,303,priority,scan,0.05,,0.039693398913669006,,True
10,303,priority,competitive,0.1,,0.07938679782733801,,True
10,303,priority,scan,0.1,0.07003679703983402,0.07930938317262792,0.11894568638418777,True
10,303,priority,competitive,0.2,,0.15877359565467603,,True
10,303,priority,scan,0.2,0.48846509266575405,0.14365557207407362,0.18069111309449679,True
10,303,priority,competitive,0.35,0.37725456120022616,0.2667744292914062,0.3368069466912792,True
10,303,priority,scan,0.35,0.323044538468312,0.2007091441159194,0.2840383844518666,True
10,303,priority,competitive,0.5,0.4137988015624055,0.35413431425211855,0.4322570719736893,True
10,303,priority,scan,0.5,0.10577666198859101,0.2964227467595717,0.3978252218277187,True
10,303,priority,competitive,0.75,0.3357555207689197,0.46091746839173975,0.6125816971151037,True
10,303,priority,scan,0.75,0.013591149331937249,0.5435568740471135,0.5954516622090995,True
10,303,priority,competitive,1.0,0.22242460908270703,0.5616053955875712,0.8023309873590977,True
10,303,priority,scan,1.0,,,0.79386797827338,True
10,303,position,competitive,0.0,,0.0,,True
10,303,position,scan,0.0,,0.0,,True
10,303,position,competitive,0.05,,0.039693398913669006,,True
10,303,position,scan,0.05,,0.039693398913669006,,True
10,303,position,competitive,0.1,,0.07938679782733801,,True
10,303,position,scan,0.1,,0.07938679782733801,,True
10,303,position,competitive,0.2,,0.158773595654676,,True
10,303,position,scan,0.2,0.4193038894955624,0.15002149776283027,0.19039153488557814,True
10,303,position,competitive,0.35,0.39648234064582455,0.26553485410795996,0.3372086768728939,True
10,303,position,scan,0.35,0.422718119310647,0.1935991485250143,0.28727640729109977,True
10,303,position,competitive,0.5,0.4599019308462049,0.3473721331909281,0.4341265613763302,True
10,303,position,scan,0.5,0.13418270299793297,0.23612005359692279,0.39820024059763304,True
10,303,position,competitive,0.75,0.34236410169368126,0.4578609438555659,0.6129721782232492,True
10,303,position,scan,0.75,,,0.5954009837050349,True
10,303,position,competitive,1.0,0.16091322997887172,0.6028770871619684,0.7996322908823763,True
10,303,position,scan,1.0,,,0.7938679782733801,True
10,303,phase,competitive,0.0,,,1.4135798584282295e-16,True
10,303,phase,scan,0.0,,1.4135798584282295e-16,,True
10,303,phase,competitive,0.05,,,0.039693398913669006,True
10,303,phase,scan,0.05,,0.039693398913669006,,True
10,303,phase,competitive,0.1,,,0.07938679782733801,True
10,303,phase,scan,0.1,,0.07938679782733801,,True
10,303,phase,competitive,0.2,,,0.15877359565467603,True
10,303,phase,scan,0.2,0.4193038894955624,0.1500214977628303,0.19039153488557814,True
10,303,phase,competitive,0.35,,,0.277853792395683,True
10,303,phase,scan,0.35,0.422718119310647,0.19359914852501434,0.2872764072910998,True
10,303,phase,competitive,0.5,,,0.39693398913669,True
10,303,phase,scan,0.5,0.13418270299793297,0.2361200535969229,0.39820024059763304,True
10,303,phase,competitive,0.75,,,0.5954009837050351,True
10,303,phase,scan,0.75,,,0.5954009837050351,True
10,303,phase,competitive,1.0,,,0.7938679782733801,True
10,303,phase,scan,1.0,,,0.7938679782733801,True
10,404,priority,competitive,0.0,,0.0,,True
10,404,priority,scan,0.0,,0.0,,True
10,404,priority,competitive,0.05,,0.03991969262841572,,True
10,404,priority,scan,0.05,,0.03991969262841572,,True
10,404,priority,competitive,0.1,,0.07983938525683146,,True
10,404,priority,scan,0.1,0.07265569436504149,0.07975994097425974,0.12043541365098025,True
10,404,priority,competitive,0.2,0.054100178080045934,0.1595453478657905,0.29617013928713504,True
10,404,priority,scan,0.2,0.5004707687078934,0.1430355704496917,0.18008478102687978,True
10,404,priority,competitive,0.35,0.39958370467202575,0.2662020294985236,0.33868052443967717,True
10,404,priority,scan,0.35,0.314650825039009,0.20766345715327875,0.28519191351986783,True
10,404,priority,competitive,0.5,0.4937428327164252,0.34854009393116825,0.4405127824585809,True
10,404,priority,scan,0.5,0.10679082011524531,0.28090259544779556,0.4001283777080656,True
10,404,priority,competitive,0.75,0.3357268824952252,0.4785273189009411,0.6164382978683564,True
10,404,priority,scan,0.75,,,0.5987953894262359,True
10,404,priority,competitive,1.0,0.16326683805409672,0.6378787726799117,0.8042425801755843,True
10,404,priority,scan,1.0,,,0.7983938525683145,True
10,404,position,competitive,0.0,,0.0,,True
10,404,position,scan,0.0,,0.0,,True
10,404,position,competitive,0.05,,0.03991969262841573,,True
10,404,position,scan,0.05,,0.03991969262841573,,True
10,404,position,competitive,0.1,,0.07983938525683146,,True
10,404,position,scan,0.1,,0.07983938525683146,,True
10,404,position,competitive,0.2,0.05357133958463982,0.15956368106789742,0.27741527353176365,True
10,404,position,scan,0.2,0.42066202507197803,0.15083082010893922,0.18938529336186274,True
10,404,position,competitive,0.35,0.41950342512511274,0.265472321610072,0.3388092417729957,True
10,404,position,scan,0.35,0.415600536391731,0.2008917664908683,0.28850743955604774,True
10,404,position,competitive,0.5,0.45717447221427726,0.352901867109107,0.4378591083192351,True
10,404,position,scan,0.5,0.11873183144868046,0.23809436988614255,0.4001464501922006,True
10,404,position,competitive,0.75,0.31920400935691096,0.480654922914977,0.6158234566664061,True
10,404,position,scan,0.75,,,0.5987953894262359,True
10,404,position,competitive,1.0,0.19360197901783888,0.6083815897974416,0.805516905985257,True
10,404,position,scan,1.0,,,0.7983938525683145,True
10,404,phase,competitive,0.0,,,1.4135798584282295e-16,True
10,404,phase,scan,0.0,,1.4135798584282295e-16,,True
10,404,phase,competitive,0.05,,,0.03991969262841574,True
10,404,phase,scan,0.05,,0.03991969262841574,,True
10,404,phase,competitive,0.1,,,0.07983938525683146,True
10,404,phase,scan,0.1,,0.07983938525683146,,True
10,404,phase,competitive,0.2,,,0.15967877051366292,True
10,404,phase,scan,0.2,0.42066202507197803,0.15083082010893928,0.18938529336186274,True
10,404,phase,competitive,0.35,,,0.27943784839891006,True
10,404,phase,scan,0.35,0.415600536391731,0.2008917664908683,0.28850743955604774,True
10,404,phase,competitive,0.5,,,0.39919692628415726,True
10,404,phase,scan,0.5,0.11873183144868046,0.23809436988614255,0.4001464501922006,True
10,404,phase,competitive,0.75,,,0.5987953894262359,True
10,404,phase,scan,0.75,,,0.5987953894262359,True
10,404,phase,competitive,1.0,,,0.7983938525683145,True
10,404,phase,scan,1.0,,,0.7983938525683145,True
12,101,priority,competitive,0.0,,0.0,,True
12,101,priority,scan,0.0,,0.0,,True
12,101,priority,competitive,0.05,,0.03966667128430149,,True
12,101,priority,scan,0.05,,0.03966667128430149,,True
12,101,priority,competitive,0.1,,0.07933334256860297,,True
12,101,priority,scan,0.1,0.07136319150243266,0.07923972730005673,0.11119373896384367,True
12,101,priority,competitive,0.2,0.07851479184999977,0.1585127004082456,0.21107282122671076,True
12,101,priority,scan,0.2,0.4801342215446941,0.1423816176464115,0.17669418783277674,True
12,101,priority,competitive,0.35,0.4136236699329566,0.2641530345066522,0.3316554366093898,True
12,101,priority,scan,0.35,0.2792364133154713,0.19597407810211592,0.28194863492565786,True
12,101,priority,competitive,0.5,0.45023013062031425,0.3475586813850309,0.4280172801257919,True
12,101,priority,scan,0.5,0.07273052000290456,0.22387390129927237,0.3970048592452531,True
12,101,priority,competitive,0.75,0.30564866548876246,0.4593648019136226,0.6068069609022863,True
12,101,priority,scan,0.75,,,0.5950000692645223,True
12,101,priority,competitive,1.0,0.09721496662406941,0.6376267555525769,0.7953355886056488,True
12,101,priority,scan,1.0,,,0.7933334256860297,True
12,101,position,competitive,0.0,,0.0,,True
12,101,position,scan,0.0,,0.0,,True
12,101,position,competitive,0.05,,0.039666671284301486,,True
12,101,position,scan,0.05,,0.039666671284301486,,True
12,101,position,competitive,0.1,,0.07933334256860297,,True
12,101,position,scan,0.1,,0.07933334256860297,,True
12,101,position,competitive,0.2,0.040555495721784234,0.15860229717008517,0.1915689363359234,True
12,101,position,scan,0.2,0.43462773500568946,0.14915023829954335,0.18510906325071125,True
12,101,position,competitive,0.35,0.44277358841096,0.2622771412832417,0.33169963948515147,True
12,101,position,scan,0.35,0.3102402545842796,0.19824513918855888,0.2825225249261638,True
12,101,position,competitive,0.5,0.4481203359532622,0.34564413222925816,0.42715290375575876,True
12,101,position,scan,0.5,0.10602904874047481,0.2132715453374867,0.39738590957833064,True
12,101,position,competitive,0.75,0.2280312526461446,0.4842220925882891,0.603503531196557,True
12,101,position,scan,0.75,,,0.5950000692645223,True
12,101,position,competitive,1.0,0.15421873000817604,0.5930488571228199,0.797119900116578,True
12,101,position,scan,1.0,,,0.7933334256860298,True
12,101,phase,competitive,0.0,,,2.562113493401166e-16,True
12,101,phase,scan,0.0,,2.562113493401166e-16,,True
12,101,phase,competitive,0.05,,,0.0396666712843015,True
12,101,phase,scan,0.05,,0.0396666712843015,,True
12,101,phase,competitive,0.1,,,0.079333342568603,True
12,101,phase,scan,0.1,,0.079333342568603,,True
12,101,phase,competitive,0.2,,,0.15866668513720597,True
12,101,phase,scan,0.2,0.43462773500568946,0.14915023829954335,0.18510906325071125,True
12,101,phase,competitive,0.35,,,0.2776666989901104,True
12,101,phase,scan,0.35,0.3102402545842796,0.19824513918855893,0.28252252492616386,True
12,101,phase,competitive,0.5,,,0.3966667128430149,True
12,101,phase,scan,0.5,0.10602904874047481,0.2132715453374866,0.3973859095783307,True
12,101,phase,competitive,0.75,,,0.5950000692645223,True
12,101,phase,scan,0.75,,,0.5950000692645223,True
12,101,phase,competitive,1.0,,,0.7933334256860298,True
12,101,phase,scan,1.0,,,0.7933334256860298,True
12,202,priority,competitive,0.0,,0.0,,True
12,202,priority,scan,0.0,,0.0,,True
12,202,priority,competitive,0.05,,0.040195272010082425,,True
12,202,priority,scan,0.05,,0.040195272010082425,,True
12,202,priority,competitive,0.1,,0.08039054402016485,,True
12,202,priority,scan,0.1,0.0931064274154619,0.08026720809197889,0.11184120570758266,True
12,202,priority,competitive,0.2,0.09586042868144826,0.1605201542325545,0.22731920902300845,True
12,202,priority,scan,0.2,0.4430880527607876,0.14482769663542056,0.1761833066135913,True
12,202,priority,competitive,0.35,0.4062131250792848,0.26808465431090267,0.3290757922207972,True
12,202,priority,scan,0.35,0.21194539892175113,0.20313724458092453,0.2836469644979136,True
12,202,priority,competitive,0.5,0.44040889699697744,0.35119308031896007,0.4303070394310283,True
12,202,priority,scan,0.5,0.08493289472602154,0.25389070334090763,0.4023877701010982,True
12,202,priority,competitive,0.75,0.3051292556564057,0.45831136524675664,0.6151848187024634,True
12,202,priority,scan,0.75,,,0.6029290801512364,True
12,202,priority,competitive,1.0,0.15572984864426356,0.5342313948729507,0.8073730589843122,True
12,202,priority,scan,1.0,,,0.8039054402016486,True
12,202,position,competitive,0.0,,0.0,,True
12,202,position,scan,0.0,,0.0,,True
12,202,position,competitive,0.05,,0.040195272010082425,,True
12,202,position,scan,0.05,,0.040195272010082425,,True
12,202,position,competitive,0.1,,0.08039054402016485,,True
12,202,position,scan,0.1,0.03590813383807545,0.0803735322680334,0.09779356645063743,True
12,202,position,competitive,0.2,0.07888154058577244,0.1606253014258829,0.21380046582372522,True
12,202,position,scan,0.2,0.4076607535076988,0.1520463181796215,0.18592663763933817,True
12,202,position,competitive,0.35,0.3682268826019067,0.26901855819475423,0.32546813934137236,True
12,202,position,scan,0.35,0.37120875195744285,0.18795142941533385,0.28759460238092655,True
12,202,position,competitive,0.5,0.4357288399074893,0.3517821026200441,0.4303367085838344,True
12,202,position,scan,0.5,0.054100178080045934,0.18463302338928478,0.4021651538219499,True
12,202,position,competitive,0.75,0.3255712777540741,0.46429536029216817,0.6164506969863651,True
12,202,position,scan,0.75,,,0.6029290801512364,True
12,202,position,competitive,1.0,0.17016888163986765,0.5704984730463705,0.8080817080036315,True
12,202,position,scan,1.0,,,0.8039054402016486,True
12,202,phase,competitive,0.0,,,2.562113493401166e-16,True
12,202,phase,scan,0.0,,2.562113493401166e-16,,True
12,202,phase,competitive,0.05,,,0.04019527201008244,True
12,202,phase,scan,0.05,,0.04019527201008244,,True
12,202,phase,competitive,0.1,,,0.08039054402016488,True
12,202,phase,scan,0.1,0.03590813383807545,0.08037353226803343,0.09779356645063732,True
12,202,phase,competitive,0.2,,,0.16078108804032973,True
12,202,phase,scan,0.2,0.4076607535076988,0.15204631817962153,0.18592663763933823,True
12,202,phase,competitive,0.35,,,0.281366904070577,True
12,202,phase,scan,0.35,0.37120875195744285,0.1879514294153339,0.28759460238092655,True
12,202,phase,competitive,0.5,,,0.4019527201008243,True
12,202,phase,scan,0.5,0.054100178080045934,0.18463302338928442,0.4021651538219499,True
12,202,phase,competitive,0.75,,,0.6029290801512364,True
12,202,phase,scan,0.75,,,0.6029290801512364,True
12,202,phase,competitive,1.0,,,0.8039054402016486,True
12,202,phase,scan,1.0,,,0.8039054402016486,True
12,303,priority,competitive,0.0,,0.0,,True
12,303,priority,scan,0.0,,0.0,,True
12,303,priority,competitive,0.05,,0.039695839941173566,,True
12,303,priority,scan,0.05,,0.039695839941173566,,True
12,303,priority,competitive,0.1,,0.07939167988234713,,True
12,303,priority,scan,0.1,0.09665904255132322,0.07924585406111036,0.10911098225040243,True
12,303,priority,competitive,0.2,0.07564871987956431,0.15860915249481108,0.2478032746749897,True
12,303,priority,scan,0.2,0.47662046751865494,0.14287328554875253,0.17507074799366232,True
12,303,priority,competitive,0.35,0.41193068490079343,0.26429704784441177,0.3260730643139872,True
12,303,priority,scan,0.35,0.22784163253175688,0.21036608667481005,0.28075804995722,True
12,303,priority,competitive,0.5,0.4348141875071194,0.35165734526662273,0.4265980228830938,True
12,303,priority,scan,0.5,0.11045055095163461,0.22621762981899943,0.39779618532730354,True
12,303,priority,competitive,0.75,0.26601259875863553,0.4780238594488224,0.6055229786649748,True
12,303,priority,scan,0.75,,,0.5954375991176035,True
12,303,priority,competitive,1.0,0.16367776668080375,0.5656390711020967,0.7977705439786483,True
12,303,priority,scan,1.0,,,0.7939167988234712,True
12,303,position,competitive,0.0,,0.0,,True
12,303,position,scan,0.0,,0.0,,True
12,303,position,competitive,0.05,,0.039695839941173566,,True
12,303,position,scan,0.05,,0.039695839941173566,,True
12,303,position,competitive,0.1,,0.07939167988234713,,True
12,303,position,scan,0.1,,0.07939167988234713,,True
12,303,position,competitive,0.2,0.06745120498752413,0.1586563957431844,0.20199344841856368,True
12,303,position,scan,0.2,0.436505512318886,0.1494715682403359,0.18340492952483045,True
12,303,position,competitive,0.35,0.3960101272682811,0.2643057878014279,0.32417929637759135,True
12,303,position,scan,0.35,0.3969824174872654,0.19691086086059043,0.28501188017736784,True
12,303,position,competitive,0.5,0.4669442182464053,0.34669162872738934,0.4281365230007606,True
12,303,position,scan,0.5,0.08762238545502117,0.24249385796679437,0.39741226192332707,True
12,303,position,competitive,0.75,0.31846104182963714,0.455025379810874,0.6073369397368179,True
12,303,position,scan,0.75,,,0.5954375991176035,True
12,303,position,competitive,1.0,0.17027833583171179,0.5701228969162222,0.798147728312265,True
12,303,position,scan,1.0,,,0.7939167988234712,True
12,303,phase,competitive,0.0,,,2.562113493401166e-16,True
12,303,phase,scan,0.0,,2.562113493401166e-16,,True
12,303,phase,competitive,0.05,,,0.039695839941173566,True
12,303,phase,scan,0.05,,0.039695839941173566,,True
12,303,phase,competitive,0.1,,,0.07939167988234713,True
12,303,phase,scan,0.1,,0.07939167988234713,,True
12,303,phase,competitive,0.2,,,0.1587833597646943,True
12,303,phase,scan,0.2,0.436505512318886,0.14947156824033592,0.18340492952483045,True
12,303,phase,competitive,0.35,,,0.277870879588215,True
12,303,phase,scan,0.35,0.3969824174872654,0.19691086086059048,0.28501188017736784,True
12,303,phase,competitive,0.5,,,0.3969583994117357,True
12,303,phase,scan,0.5,0.08762238545502117,0.24249385796679432,0.39741226192332707,True
12,303,phase,competitive,0.75,,,0.5954375991176035,True
12,303,phase,scan,0.75,,,0.5954375991176035,True
12,303,phase,competitive,1.0,,,0.7939167988234714,True
12,303,phase,scan,1.0,,,0.7939167988234714,True
12,404,priority,competitive,0.0,,0.0,,True
12,404,priority,scan,0.0,,0.0,,True
12,404,priority,competitive,0.05,,0.03979697441913317,,True
12,404,priority,scan,0.05,,0.03979697441913317,,True
12,404,priority,competitive,0.1,,0.07959394883826634,,True
12,404,priority,scan,0.1,0.10514021822415051,0.07944151971835871,0.10545608951592862,True
12,404,priority,competitive,0.2,0.04838872232965985,0.1591314330253006,0.2169512358869516,True
12,404,priority,scan,0.2,0.45522439534422743,0.14392857266872688,0.17462709684945996,True
12,404,priority,competitive,0.35,0.3661235425378303,0.2664416272260449,0.31932880321275386,True
12,404,priority,scan,0.35,0.2787054115791839,0.20237299104399084,0.2823266486334375,True
12,404,priority,competitive,0.5,0.4359210584688418,0.35060983484779124,0.4268622675015419,True
12,404,priority,scan,0.5,0.07205708926213693,0.22536487136114058,0.39830752280743775,True
12,404,priority,competitive,0.75,0.2882194117680472,0.4709559225868192,0.6086535344854134,True
12,404,priority,scan,0.75,,,0.5969546162869976,True
12,404,priority,competitive,1.0,0.15672697440077668,0.5813458388888717,0.8002142622769621,True
12,404,priority,scan,1.0,,,0.7959394883826634,True
12,404,position,competitive,0.0,,0.0,,True
12,404,position,scan,0.0,,0.0,,True
12,404,position,competitive,0.05,,0.03979697441913317,,True
12,404,position,scan,0.05,,0.03979697441913317,,True
12,404,position,competitive,0.1,,0.07959394883826636,,True
12,404,position,scan,0.1,,0.07959394883826636,,True
12,404,position,competitive,0.2,0.07430507261882426,0.1590320193961483,0.1989368591745534,True
12,404,position,scan,0.2,0.41840138613437833,0.15042137313591905,0.18455415309633116,True
12,404,position,competitive,0.35,0.40112455857454204,0.26587700100868167,0.32609303620986935,True
12,404,position,scan,0.35,0.3926897105462454,0.19502076932320814,0.2854683854430617,True
12,404,position,competitive,0.5,0.4377353934892091,0.35197251221245973,0.42697436817800893,True
12,404,position,scan,0.5,0.14199355194834967,0.19864045125265578,0.3993417255586579,True
12,404,position,competitive,0.75,0.3040632836874752,0.46721497417791813,0.6091523604169111,True
12,404,position,scan,0.75,,,0.5969546162869976,True
12,404,position,competitive,1.0,0.18787088542830252,0.5822301953488388,0.8012875687889154,True
12,404,position,scan,1.0,,,0.7959394883826634,True
12,404,phase,competitive,0.0,,,2.562113493401166e-16,True
12,404,phase,scan,0.0,,2.562113493401166e-16,,True
12,404,phase,competitive,0.05,,,0.039796974419133185,True
12,404,phase,scan,0.05,,0.039796974419133185,,True
12,404,phase,competitive,0.1,,,0.07959394883826637,True
12,404,phase,scan,0.1,,0.07959394883826637,,True
12,404,phase,competitive,0.2,,,0.15918789767653274,True
12,404,phase,scan,0.2,0.41840138613437833,0.15042137313591905,0.1845541530963312,True
12,404,phase,competitive,0.35,,,0.2785788209339322,True
12,404,phase,scan,0.35,0.3926897105462454,0.19502076932320817,0.2854683854430617,True
12,404,phase,competitive,0.5,,,0.3979697441913318,True
12,404,phase,scan,0.5,0.14199355194834967,0.19864045125265578,0.39934172555865793,True
12,404,phase,competitive,0.75,,,0.5969546162869976,True
12,404,phase,scan,0.75,,,0.5969546162869976,True
12,404,phase,competitive,1.0,,,0.7959394883826635,True
12,404,phase,scan,1.0,,,0.7959394883826635,True
