n,noise_seed,sequence_preserved,sorted_score_sequences_equal,max_score_discrepancy
4,101,1.0,1.0,0.0
4,202,1.0,1.0,0.0
4,303,1.0,1.0,0.0
4,404,1.0,1.0,0.0
6,101,0.5166015625,1.0,1.1102230246251565e-16
6,202,0.4853515625,1.0,1.1102230246251565e-16
6,303,0.5068359375,1.0,1.1102230246251565e-16
6,404,0.501953125,1.0,1.1102230246251565e-16
8,101,0.484375,1.0,1.1102230246251565e-16
8,202,0.5009765625,1.0,1.1102230246251565e-16
8,303,0.458984375,1.0,1.1102230246251565e-16
8,404,0.4873046875,1.0,1.1102230246251565e-16
10,101,1.0,1.0,0.0
10,202,1.0,1.0,0.0
10,303,1.0,1.0,0.0
10,404,1.0,1.0,0.0
12,101,0.5048828125,1.0,2.220446049250313e-16
12,202,0.4970703125,1.0,2.220446049250313e-16
12,303,0.4970703125,1.0,2.220446049250313e-16
12,404,0.4794921875,1.0,2.220446049250313e-16
