system,seed,step,n,exact_accuracy,pairwise_accuracy,kendall_tau_present,pair_coverage,first_error,omission_rate,no_match_rate,duplicate_rate,validation_loss,code_pairwise_decoding,code_rank_spearman,phase_probe_pairwise,circular_rank_association,raw_norm_min,raw_norm_mean,raw_norm_p05,unit_norm_min,unit_norm_ge099,phase_resultant,phase_dispersion,unanchored_pairwise_decoding
priority_scan,11,900,4,0.3681640625,0.65869140625,0.9951171875,0.6604817708333333,2.23828125,0.176513671875,0.176513671875,0.0,0.8162983059883118,0.9803059895833334,0.9755859375,,,,,,,,,,
priority_scan,11,900,6,0.0478515625,0.5368489583333333,0.9942708333333334,0.5384765625000001,1.5869140625,0.25260416666666663,0.2526041666666667,0.0,0.9720749855041504,0.978125,0.9795200892857143,,,,,,,,,,
priority_scan,22,900,4,0.201171875,0.5558268229166667,0.9977213541666667,0.5569661458333334,1.751953125,0.233154296875,0.233154296875,0.0,0.889879047870636,0.9794921875,0.9751953125000001,,,,,,,,,,
priority_scan,22,900,6,0.025390625,0.4681640625000001,0.9962239583333333,0.46920572916666675,1.423828125,0.29833984375,0.29833984375,0.0,1.0498028993606567,0.9763020833333335,0.978125,,,,,,,,,,
priority_scan,33,900,4,0.1708984375,0.53515625,0.9938151041666666,0.537109375,1.6552734375,0.244140625,0.244140625,0.0,0.9043806195259094,0.9703776041666667,0.9626953125000001,,,,,,,,,,
priority_scan,33,900,6,0.0166015625,0.4541015625000001,0.9951171875,0.45533854166666676,1.361328125,0.3074544270833333,0.3074544270833333,0.0,1.0716474056243896,0.9677734375000001,0.9701450892857144,,,,,,,,,,
priority_scan,44,900,4,0.427734375,0.6954752604166667,0.9899088541666666,0.6990559895833334,2.4365234375,0.15576171875,0.15576171875,0.0,0.8293099403381348,0.97314453125,0.9658203125,,,,,,,,,,
priority_scan,44,900,6,0.0615234375,0.5304036458333334,0.9886067708333333,0.5337239583333335,1.8212890625,0.25634765625,0.25634765625,0.0,0.9893381595611572,0.9712239583333334,0.9726562500000001,,,,,,,,,,
position_scan,11,900,4,0.509765625,0.7376302083333333,0.9872673849167483,0.7418619791666666,2.5966796875,0.134765625,0.134765625,0.0,0.7637301087379456,0.9768880208333334,0.9708984375,,,,,,,,,,
position_scan,11,900,6,0.0068359375,0.4242838541666668,0.9919843597262952,0.4259765625000001,1.3935546875,0.3294270833333333,0.3294270833333333,0.0,0.9219158291816711,0.9761067708333333,0.9776785714285715,,,,,,,,,,
position_scan,22,900,4,0.5458984375,0.7607421875,0.9905414220482713,0.7639973958333333,2.8408203125,0.122314453125,0.122314453125,0.0,0.7563715577125549,0.9806315104166667,0.9759765625000001,,,,,,,,,,
position_scan,22,900,6,0.01171875,0.4535156250000001,0.9884114583333334,0.4563802083333335,1.892578125,0.30729166666666663,0.30729166666666663,0.0,0.921195924282074,0.9807291666666668,0.9825892857142857,,,,,,,,,,
position_scan,33,900,4,0.375,0.6569010416666666,0.9970617042115573,0.6578776041666666,2.2080078125,0.17919921875,0.17919921875,0.0,0.7583227753639221,0.98193359375,0.9779296875000001,,,,,,,,,,
position_scan,33,900,6,0.0,0.4361328125000001,0.9934895833333333,0.4375000000000001,1.322265625,0.3181966145833333,0.3181966145833333,0.0,0.9174651503562927,0.9828125000000001,0.9842633928571429,,,,,,,,,,
position_scan,44,900,4,0.48046875,0.7102864583333333,0.9980411361410382,0.7111002604166666,2.564453125,0.152587890625,0.152587890625,0.0,0.7616932392120361,0.9825846354166667,0.9783203125000001,,,,,,,,,,
position_scan,44,900,6,0.0087890625,0.4472005208333334,0.9936197916666667,0.44869791666666675,1.6943359375,0.3128255208333333,0.3128255208333333,0.0,0.9222179055213928,0.9821614583333333,0.9838727678571428,,,,,,,,,,
phase_scan,11,900,4,0.7314453125,0.8662109375,0.9843597262952102,0.8736979166666666,3.18359375,0.06640625,0.06640625,0.0,0.8812584280967712,0.97900390625,0.973828125,0.8450520833333335,0.8736351255941794,1.3334819078445435,3.756580114364624,1.811165452003479,0.9999998807907104,1.0,0.1310306191444397,0.8689693808555603,0.6585286458333334
phase_scan,11,900,6,0.2197265625,0.6412760416666667,0.9923177083333334,0.6439453125,2.52734375,0.19368489583333331,0.19368489583333331,0.0,1.089419960975647,0.9785807291666667,0.9803013392857144,0.8207031250000001,0.8578133251191379,1.4561257362365723,3.9986915588378906,1.8250939846038818,0.9999998807907104,1.0,0.11494298279285431,0.8850569725036621,0.696875
phase_scan,22,900,4,0.7392578125,0.8743489583333333,0.9873046875,0.8802083333333333,3.2626953125,0.061279296875,0.061279296875,0.0,0.8771056532859802,0.9816080729166667,0.9775390625,0.76318359375,0.8404464311361761,1.2456589937210083,3.7595374584198,1.7564688920974731,0.9999998807907104,1.0,0.13232845067977905,0.867671549320221,0.6090494791666666
phase_scan,22,900,6,0.103515625,0.588671875,0.9925130208333334,0.591015625,2.6171875,0.22102864583333331,0.22102864583333331,0.0,1.087912678718567,0.9821614583333333,0.9838169642857144,0.7858723958333333,0.8256588974500476,1.2038581371307373,3.9859275817871094,1.721174955368042,0.9999998211860657,1.0,0.1214614063501358,0.8785386085510254,0.6548828125
phase_scan,33,900,4,0.7431640625,0.8741861979166667,0.9850260416666667,0.8806966145833333,3.2734375,0.06201171875,0.06201171875,0.0,0.8787915110588074,0.9791666666666667,0.9742187500000001,0.78466796875,0.8532475752746672,0.8570877313613892,3.645139217376709,1.5694406032562256,0.9999998807907104,1.0,0.13221293687820435,0.8677870631217957,0.6251627604166666
phase_scan,33,900,6,0.234375,0.6577473958333333,0.9923177083333334,0.6604817708333333,2.9091796875,0.18277994791666663,0.18277994791666663,0.0,1.0877734422683716,0.9813151041666667,0.9829799107142858,0.7924479166666667,0.8344242574062939,1.0343538522720337,3.8678042888641357,1.6366207599639893,0.9999998807907104,1.0,0.11146445572376251,0.8885355591773987,0.6727864583333333
phase_scan,44,900,4,0.6953125,0.83544921875,0.9915364583333334,0.8385416666666667,3.021484375,0.08447265625,0.08447265625,0.0,0.8812326192855835,0.9816080729166667,0.9773437500000001,0.8445638020833335,0.8792093972313455,1.1944016218185425,3.5126144886016846,1.656011700630188,0.9999998807907104,1.0,0.1306513547897339,0.8693486452102661,0.6739908854166666
phase_scan,44,900,6,0.173828125,0.6139973958333333,0.995703125,0.6154947916666667,2.3369140625,0.20947265624999997,0.20947265625,0.0,1.0879453420639038,0.9842447916666668,0.9859933035714286,0.8187500000000001,0.8600996448543143,1.1602224111557007,3.767590284347534,1.6674039363861084,0.9999998211860657,1.0,0.10738623887300491,0.8926137685775757,0.7074869791666667
phase_competitive,11,900,4,0.9072265625,0.9837239583333334,0.9674479166666666,1.0,3.71484375,0.0,0.0,0.0,0.06551048159599304,0.9837239583333334,0.9796875,0.9837239583333334,0.9651636728393668,2.5068843364715576,3.4804627895355225,2.989023208618164,0.9999998807907104,1.0,0.6290833353996277,0.3709166347980499,0.9763997395833334
phase_competitive,11,900,6,0.775390625,0.9830078125,0.966015625,1.0,5.1015625,0.0,0.0,0.0,0.14005699753761292,0.9830078125,0.9845424107142857,0.9830729166666667,0.9701741552399905,2.5445117950439453,3.6121397018432617,3.04175066947937,0.9999998807907104,1.0,0.6145200729370117,0.38547995686531067,0.9629557291666667
phase_competitive,22,900,4,0.9169921875,0.9860026041666667,0.9720052083333333,1.0,3.751953125,0.0,0.0,0.0,0.05709655210375786,0.9860026041666667,0.9830078125,0.9860026041666667,0.9721987711584502,2.1107208728790283,3.2162952423095703,2.6472508907318115,0.9999998807907104,1.0,0.5995582342147827,0.4004417657852173,0.9742838541666666
phase_competitive,22,900,6,0.7822265625,0.9840494791666667,0.9680989583333334,1.0,5.10546875,0.0,0.0,0.0,0.13242508471012115,0.9840494791666667,0.9857142857142858,0.9840494791666667,0.9752336898589077,2.136990547180176,3.367361307144165,2.761457681655884,0.9999998807907104,1.0,0.5878859758377075,0.4121139645576477,0.9576171875
phase_competitive,33,900,4,0.9140625,0.9856770833333334,0.9713541666666666,1.0,3.7431640625,0.0,0.0,0.0,0.06046765297651291,0.9856770833333334,0.9828125,0.9856770833333334,0.966463417960826,2.2433972358703613,3.6201162338256836,3.068488359451294,0.9999998807907104,1.0,0.671715259552002,0.32828474044799805,0.9827473958333334
phase_competitive,33,900,6,0.796875,0.98515625,0.9703125000000001,1.0,5.201171875,0.0,0.0,0.0,0.1294734925031662,0.98515625,0.9865513392857144,0.98515625,0.9737753125429581,2.3819127082824707,3.761492967605591,3.2373619079589844,0.9999998807907104,1.0,0.6620973348617554,0.33790260553359985,0.9792317708333333
phase_competitive,44,900,4,0.916015625,0.9855143229166667,0.9710286458333333,1.0,3.7412109375,0.0,0.0,0.0,0.06888684630393982,0.9855143229166667,0.9822265625000001,0.9855143229166667,0.9604088515242207,2.358102798461914,3.686551570892334,2.98518967628479,0.9999998807907104,1.0,0.6991878747940063,0.30081212520599365,0.984375
phase_competitive,44,900,6,0.77734375,0.9837890625,0.9675781250000001,1.0,5.0888671875,0.0,0.0,0.0,0.1445808708667755,0.9837890625,0.9856584821428571,0.9837890625,0.9682522790766278,2.5119998455047607,3.8301963806152344,3.1816294193267822,0.9999998211860657,1.0,0.6830743551254272,0.31692564487457275,0.9813802083333333
