arm,system,step,n,seed,item_within_window,all_within,strict_rank,abs_offset_w,rank_preserved_within,distance_to_raw_key_w
S-b1,priority_scan,900,4,11,0.79052734375,0.3681640625,0.88671875,0.5045184696791694,0.41519823788546256,0.42839717864990234
S-b1,priority_scan,900,4,22,0.71484375,0.201171875,0.8798828125,0.6461548759640815,0.2286348501664817,0.26978176832199097
S-b1,priority_scan,900,4,33,0.698974609375,0.1708984375,0.8349609375,0.68990776509357,0.2046783625730994,0.33336901664733887
S-b1,priority_scan,900,4,44,0.814697265625,0.427734375,0.853515625,0.4684086737041879,0.5011441647597255,0.4198727607727051
S-b1,priority_scan,900,4,55,0.714599609375,0.189453125,0.833984375,0.6416799113503657,0.22716627634660422,0.4106709063053131
S-b1,priority_scan,900,4,66,0.770751953125,0.3203125,0.8427734375,0.536024518239881,0.38006952491309387,0.41727539896965027
S-b1,priority_scan,900,4,77,0.798095703125,0.388671875,0.884765625,0.49575051926593816,0.4392935982339956,0.4152033030986786
S-b1,priority_scan,900,4,88,0.698974609375,0.16796875,0.8212890625,0.6877154722719246,0.20451843043995244,0.35439449548721313
S-b1,priority_scan,900,6,11,0.6072591145833334,0.0478515625,0.724609375,0.9030881710673887,0.0660377358490566,0.8542647361755371
S-b1,priority_scan,900,6,22,0.5592447916666666,0.025390625,0.703125,1.1060826096002494,0.03611111111111111,0.5927209854125977
S-b1,priority_scan,900,6,33,0.537109375,0.0166015625,0.6181640625,1.2157951772247475,0.026856240126382307,0.7422628402709961
S-b1,priority_scan,900,6,44,0.6544596354166666,0.0615234375,0.6494140625,0.8017029705041313,0.09473684210526316,0.7788252830505371
S-b1,priority_scan,900,6,55,0.5533854166666666,0.0126953125,0.6044921875,1.1381964836133798,0.0210016155088853,0.884976863861084
S-b1,priority_scan,900,6,66,0.6090494791666666,0.03515625,0.6552734375,0.9152950534512959,0.05365126676602087,0.8017205595970154
S-b1,priority_scan,900,6,77,0.6424153645833334,0.05859375,0.701171875,0.8552371471510182,0.08356545961002786,0.7588301301002502
S-b1,priority_scan,900,6,88,0.5309244791666666,0.021484375,0.595703125,1.2140036476355616,0.036065573770491806,0.773649275302887
S-b1,position_scan,900,4,11,0.84521484375,0.509765625,0.8701171875,0.6349004377827644,0.5858585858585859,1.315842628479004
S-b1,position_scan,900,4,22,0.86083984375,0.5458984375,0.8876953125,0.6129362716011302,0.6149614961496149,1.3380472660064697
S-b1,position_scan,900,4,33,0.80810546875,0.375,0.8935546875,0.692350186501345,0.419672131147541,1.343849539756775
S-b1,position_scan,900,4,44,0.835693359375,0.48046875,0.8994140625,0.6392156178238413,0.5342019543973942,1.2427875995635986
S-b1,position_scan,900,4,55,0.866455078125,0.5556640625,0.908203125,0.6004465058989201,0.6118279569892473,1.3178203105926514
S-b1,position_scan,900,4,66,0.851806640625,0.5029296875,0.900390625,0.6265031327590502,0.5585683297180043,1.3010517358779907
S-b1,position_scan,900,4,77,0.804931640625,0.373046875,0.9130859375,0.6834098588135222,0.40855614973262033,1.3356130123138428
S-b1,position_scan,900,4,88,0.864990234375,0.5634765625,0.890625,0.5907793961119346,0.6326754385964912,1.305173397064209
S-b1,position_scan,900,6,11,0.5709635416666666,0.0068359375,0.6982421875,0.9654406442482637,0.009790209790209791,1.72164785861969
S-b1,position_scan,900,6,22,0.5989583333333334,0.01171875,0.73828125,0.9324734542827139,0.015873015873015872,1.7544879913330078
S-b1,position_scan,900,6,33,0.5166015625,0.0,0.7744140625,1.0492704343145036,0.0,1.773843765258789
S-b1,position_scan,900,6,44,0.5693359375,0.0087890625,0.76171875,0.9794642523128357,0.011538461538461539,1.62947416305542
S-b1,position_scan,900,6,55,0.6110026041666666,0.0185546875,0.775390625,0.9066696845009034,0.02392947103274559,1.7047061920166016
S-b1,position_scan,900,6,66,0.5813802083333334,0.0068359375,0.7421875,0.961364025566851,0.009210526315789473,1.7145404815673828
S-b1,position_scan,900,6,77,0.51123046875,0.0,0.740234375,1.0465291208068568,0.0,1.7501758337020874
S-b1,position_scan,900,6,88,0.62158203125,0.01953125,0.7421875,0.9048591933067116,0.02631578947368421,1.6926313638687134
S-b1,phase_scan,900,4,11,0.906982421875,0.7314453125,0.8837890625,0.41217904675350936,0.8276243093922652,1.220776081085205
S-b1,phase_scan,900,4,22,0.9150390625,0.7392578125,0.892578125,0.41567434304549045,0.8282275711159738,1.2527117729187012
S-b1,phase_scan,900,4,33,0.91015625,0.7431640625,0.8798828125,0.4044008198575789,0.8446170921198668,1.2166792154312134
S-b1,phase_scan,900,4,44,0.8994140625,0.6953125,0.892578125,0.4197827834610103,0.7789934354485777,1.2466727495193481
S-b1,phase_scan,900,4,55,0.927001953125,0.7724609375,0.9111328125,0.3756419793191728,0.8478027867095391,1.2697858810424805
S-b1,phase_scan,900,4,66,0.921875,0.78515625,0.90234375,0.3563789376575086,0.8701298701298701,1.2159947156906128
S-b1,phase_scan,900,4,77,0.92919921875,0.7744140625,0.9296875,0.403744590035381,0.832983193277311,1.220903754234314
S-b1,phase_scan,900,4,88,0.918701171875,0.748046875,0.9189453125,0.3923380823269124,0.8140276301806588,1.257188081741333
S-b1,phase_scan,900,6,11,0.76611328125,0.2197265625,0.716796875,0.6673434216322166,0.3065395095367847,1.550268530845642
S-b1,phase_scan,900,6,22,0.7444661458333334,0.103515625,0.765625,0.6622384743833982,0.13520408163265307,1.6137906312942505
S-b1,phase_scan,900,6,33,0.7887369791666666,0.234375,0.7587890625,0.6171517561812866,0.3088803088803089,1.5286372900009155
S-b1,phase_scan,900,6,44,0.7586263020833334,0.173828125,0.787109375,0.6750058660475551,0.22084367245657568,1.5826797485351562
S-b1,phase_scan,900,6,55,0.81494140625,0.291015625,0.8095703125,0.5834431204992275,0.3594692400482509,1.6121326684951782
S-b1,phase_scan,900,6,66,0.8160807291666666,0.3203125,0.7607421875,0.5601022019551168,0.42105263157894735,1.563216209411621
S-b1,phase_scan,900,6,77,0.7526041666666666,0.1328125,0.7998046875,0.665036422303981,0.16605616605616605,1.5602325201034546
S-b1,phase_scan,900,6,88,0.7701822916666666,0.1845703125,0.78515625,0.6577196038496264,0.23507462686567165,1.6228176355361938
S-b4,priority_scan,900,4,11,0.705810546875,0.1826171875,0.865234375,0.6626042700696012,0.2110609480812641,0.1685568392276764
S-b4,priority_scan,900,4,22,0.7099609375,0.1904296875,0.8466796875,0.6587100765641984,0.22491349480968859,0.17488355934619904
S-b4,priority_scan,900,4,33,0.707763671875,0.1923828125,0.828125,0.6722830627889682,0.23231132075471697,0.19115698337554932
S-b4,priority_scan,900,4,44,0.70361328125,0.18359375,0.826171875,0.6727848101743601,0.2222222222222222,0.19514143466949463
S-b4,priority_scan,900,4,55,0.7099609375,0.1875,0.8525390625,0.6598232997283857,0.21993127147766323,0.17808063328266144
S-b4,priority_scan,900,4,66,0.69775390625,0.185546875,0.7919921875,0.700615832853752,0.2342786683107275,0.22891342639923096
S-b4,priority_scan,900,4,77,0.704833984375,0.1796875,0.8779296875,0.6573645935148105,0.20467185761957732,0.1375121772289276
S-b4,priority_scan,900,4,88,0.711181640625,0.197265625,0.830078125,0.6665505443622047,0.2376470588235294,0.2075793743133545
S-b4,priority_scan,900,6,11,0.5597330729166666,0.025390625,0.6796875,1.1275615606400944,0.03735632183908046,0.29283958673477173
S-b4,priority_scan,900,6,22,0.5553385416666666,0.0234375,0.6396484375,1.1316431670275051,0.0366412213740458,0.2987668812274933
S-b4,priority_scan,900,6,33,0.5538736979166666,0.0244140625,0.62109375,1.1510984496379495,0.03930817610062893,0.32615897059440613
S-b4,priority_scan,900,6,44,0.5520833333333334,0.02734375,0.619140625,1.1417870215114414,0.04416403785488959,0.34389424324035645
S-b4,priority_scan,900,6,55,0.5558268229166666,0.029296875,0.642578125,1.1375631297845825,0.04559270516717325,0.325560986995697
S-b4,priority_scan,900,6,66,0.54638671875,0.0185546875,0.55859375,1.1614259572147771,0.033216783216783216,0.3924112319946289
S-b4,priority_scan,900,6,77,0.5634765625,0.0263671875,0.6923828125,1.1218504174245971,0.0380818053596615,0.2484675645828247
S-b4,priority_scan,900,6,88,0.5597330729166666,0.0244140625,0.5751953125,1.1401804102287214,0.042444821731748725,0.37089112401008606
S-b4,position_scan,900,4,11,0.906494140625,0.765625,0.87109375,0.39958744397962515,0.8789237668161435,1.2163991928100586
S-b4,position_scan,900,4,22,0.909912109375,0.740234375,0.8916015625,0.42079831682106794,0.8302300109529025,1.2257729768753052
S-b4,position_scan,900,4,33,0.904541015625,0.7421875,0.87890625,0.41033400277633014,0.8444444444444444,1.1882656812667847
S-b4,position_scan,900,4,44,0.901123046875,0.7333984375,0.884765625,0.40773708924664076,0.8289183222958058,1.1757066249847412
S-b4,position_scan,900,4,55,0.9169921875,0.7626953125,0.90625,0.37056628163554706,0.8415948275862069,1.235082983970642
S-b4,position_scan,900,4,66,0.900390625,0.6826171875,0.919921875,0.4494598048364019,0.7420382165605095,1.2160868644714355
S-b4,position_scan,900,4,77,0.891845703125,0.671875,0.90625,0.451428915548604,0.7413793103448276,1.1948899030685425
S-b4,position_scan,900,4,88,0.914794921875,0.748046875,0.9130859375,0.4057797461832201,0.8192513368983957,1.246466875076294
S-b4,position_scan,900,6,11,0.8273111979166666,0.39453125,0.740234375,0.5820346720321579,0.5329815303430079,1.589544653892517
S-b4,position_scan,900,6,22,0.7981770833333334,0.27734375,0.7255859375,0.6327475815676196,0.3822341857335128,1.5836554765701294
S-b4,position_scan,900,6,33,0.8206380208333334,0.3486328125,0.7509765625,0.5964924043803842,0.46423927178153446,1.5517349243164062
S-b4,position_scan,900,6,44,0.822265625,0.3681640625,0.734375,0.5808248351752775,0.5013297872340425,1.5069001913070679
S-b4,position_scan,900,6,55,0.8426106770833334,0.431640625,0.7861328125,0.5403029918239487,0.5490683229813664,1.576480507850647
S-b4,position_scan,900,6,66,0.78515625,0.205078125,0.7802734375,0.6487690363091705,0.26282853566958697,1.5757026672363281
S-b4,position_scan,900,6,77,0.77392578125,0.236328125,0.732421875,0.6692594688421297,0.32266666666666666,1.5314019918441772
S-b4,position_scan,900,6,88,0.8033854166666666,0.2939453125,0.7705078125,0.6095185925935058,0.38149556400506973,1.606117844581604
S-b4,phase_scan,900,4,11,0.912109375,0.73828125,0.8828125,0.35624408787245754,0.8362831858407079,1.2190600633621216
S-b4,phase_scan,900,4,22,0.90087890625,0.689453125,0.8837890625,0.40415394338197075,0.7801104972375691,1.2387752532958984
S-b4,phase_scan,900,4,33,0.913330078125,0.7607421875,0.8955078125,0.35177934177530307,0.8495092693565977,1.1991486549377441
S-b4,phase_scan,900,4,44,0.920654296875,0.7705078125,0.9130859375,0.3330472870826876,0.8438502673796792,1.230781078338623
S-b4,phase_scan,900,4,55,0.92724609375,0.7958984375,0.919921875,0.31637021890168804,0.8651804670912951,1.2323248386383057
S-b4,phase_scan,900,4,66,0.918701171875,0.78515625,0.88671875,0.3306029946058212,0.8854625550660793,1.2210800647735596
S-b4,phase_scan,900,4,77,0.920654296875,0.7685546875,0.9169921875,0.3323190368407975,0.838125665601704,1.1865406036376953
S-b4,phase_scan,900,4,88,0.92626953125,0.7724609375,0.9140625,0.33954931337373434,0.8450854700854701,1.219716191291809
S-b4,phase_scan,900,6,11,0.8377278645833334,0.4013671875,0.7314453125,0.5598209736625126,0.5487316421895861,1.5530680418014526
S-b4,phase_scan,900,6,22,0.7483723958333334,0.130859375,0.7236328125,0.6764500698827085,0.18083670715249664,1.5979217290878296
S-b4,phase_scan,900,6,33,0.8206380208333334,0.3408203125,0.7509765625,0.5540833792312897,0.4538361508452536,1.5226901769638062
S-b4,phase_scan,900,6,44,0.83837890625,0.376953125,0.80078125,0.5559751744213925,0.47073170731707314,1.5791196823120117
S-b4,phase_scan,900,6,55,0.8466796875,0.419921875,0.8037109375,0.5260413834562143,0.5224787363304981,1.567613959312439
S-b4,phase_scan,900,6,66,0.8321940104166666,0.421875,0.7412109375,0.5213932955909208,0.5691699604743083,1.5537725687026978
S-b4,phase_scan,900,6,77,0.8307291666666666,0.3564453125,0.779296875,0.5398313843276505,0.4573934837092732,1.5102819204330444
S-b4,phase_scan,900,6,88,0.8225911458333334,0.3486328125,0.76953125,0.5798847804221116,0.4530456852791878,1.5663528442382812
S-b16,priority_scan,900,4,11,0.708251953125,0.1943359375,0.83984375,0.6723728788913124,0.2313953488372093,0.18492849171161652
S-b16,priority_scan,900,4,22,0.704833984375,0.1875,0.8447265625,0.6638263805264917,0.22196531791907514,0.162700355052948
S-b16,priority_scan,900,4,33,0.707275390625,0.1845703125,0.8330078125,0.6717540086699753,0.22157092614302462,0.18439671397209167
S-b16,priority_scan,900,4,44,0.699462890625,0.1748046875,0.8271484375,0.6710250727418396,0.21133412042502953,0.17999760806560516
S-b16,priority_scan,900,4,55,0.7080078125,0.1806640625,0.845703125,0.6618214542201408,0.21362586605080833,0.18510058522224426
S-b16,priority_scan,900,4,66,0.70166015625,0.19140625,0.794921875,0.6974403444716396,0.24078624078624078,0.2217411994934082
S-b16,priority_scan,900,4,77,0.70654296875,0.1826171875,0.857421875,0.6619540223618969,0.21298405466970388,0.1615087240934372
S-b16,priority_scan,900,4,88,0.711181640625,0.193359375,0.8173828125,0.6660034683429532,0.23655913978494625,0.20506036281585693
S-b16,priority_scan,900,6,11,0.5633138020833334,0.0244140625,0.634765625,1.1312782032311792,0.038461538461538464,0.30519959330558777
S-b16,priority_scan,900,6,22,0.56005859375,0.025390625,0.6513671875,1.1235960149551156,0.038980509745127435,0.290714293718338
S-b16,priority_scan,900,6,33,0.5558268229166666,0.0205078125,0.6103515625,1.137900816430812,0.0336,0.31973254680633545
S-b16,priority_scan,900,6,44,0.56298828125,0.02734375,0.6435546875,1.1298997146433167,0.042488619119878605,0.31224915385246277
S-b16,priority_scan,900,6,55,0.5533854166666666,0.0263671875,0.6455078125,1.1377383647400334,0.04084720121028744,0.33623722195625305
S-b16,priority_scan,900,6,66,0.54736328125,0.0205078125,0.5615234375,1.1537458024179579,0.036521739130434785,0.3790449798107147
S-b16,priority_scan,900,6,77,0.5641276041666666,0.025390625,0.640625,1.1259053372379169,0.039634146341463415,0.2836187779903412
S-b16,priority_scan,900,6,88,0.55517578125,0.01953125,0.5791015625,1.1401512007783081,0.03372681281618887,0.3570517301559448
S-b16,position_scan,900,4,11,0.90625,0.7373046875,0.9013671875,0.41029429650128196,0.8179848320693391,1.1923084259033203
S-b16,position_scan,900,4,22,0.905517578125,0.75,0.88671875,0.40153374431409045,0.8458149779735683,1.2101168632507324
S-b16,position_scan,900,4,33,0.90478515625,0.7451171875,0.892578125,0.4051019568416652,0.8347921225382933,1.2332956790924072
S-b16,position_scan,900,4,44,0.881591796875,0.64453125,0.892578125,0.4830748205616449,0.7221006564551422,1.1937767267227173
S-b16,position_scan,900,4,55,0.904296875,0.7001953125,0.9150390625,0.4302901907390656,0.7652081109925294,1.2758363485336304
S-b16,position_scan,900,4,66,0.88330078125,0.6513671875,0.8837890625,0.46370616363775397,0.7370165745856354,1.2527719736099243
S-b16,position_scan,900,4,77,0.89453125,0.6923828125,0.904296875,0.43761315154066927,0.765658747300216,1.2274253368377686
S-b16,position_scan,900,4,88,0.91162109375,0.7568359375,0.9140625,0.39258775602017215,0.8279914529914529,1.2170296907424927
S-b16,position_scan,900,6,11,0.8190104166666666,0.36328125,0.7568359375,0.5880774419913198,0.48,1.5520902872085571
S-b16,position_scan,900,6,22,0.8011067708333334,0.333984375,0.71484375,0.610782966180489,0.4672131147540984,1.573919653892517
S-b16,position_scan,900,6,33,0.8141276041666666,0.3486328125,0.763671875,0.5918517031278935,0.45652173913043476,1.6056028604507446
S-b16,position_scan,900,6,44,0.7486979166666666,0.158203125,0.7568359375,0.7005064408130476,0.20903225806451614,1.5704361200332642
S-b16,position_scan,900,6,55,0.7991536458333334,0.2900390625,0.794921875,0.6151828660895936,0.36486486486486486,1.6449036598205566
S-b16,position_scan,900,6,66,0.7685546875,0.203125,0.740234375,0.6629815990985393,0.27440633245382584,1.635154366493225
S-b16,position_scan,900,6,77,0.7862955729166666,0.265625,0.736328125,0.638206624609194,0.36074270557029176,1.5851656198501587
S-b16,position_scan,900,6,88,0.8224283854166666,0.37890625,0.7607421875,0.5825486658162575,0.4980744544287548,1.5775457620620728
S-b16,phase_scan,900,4,11,0.9072265625,0.7470703125,0.8759765625,0.38431123012237045,0.8528428093645485,1.1913762092590332
S-b16,phase_scan,900,4,22,0.908447265625,0.75390625,0.8857421875,0.3832631221707238,0.8511576626240352,1.2325012683868408
S-b16,phase_scan,900,4,33,0.0,0.0,0.041015625,2.222256435197778,0.0,2.7385008335113525
S-b16,phase_scan,900,4,44,0.905029296875,0.7294921875,0.9072265625,0.4142214167546222,0.8040904198062433,1.2052428722381592
S-b16,phase_scan,900,4,55,0.914794921875,0.7626953125,0.92578125,0.3824033781388102,0.8238396624472574,1.1943359375
S-b16,phase_scan,900,4,66,0.887939453125,0.65625,0.88671875,0.4203972244512342,0.7400881057268722,1.1697373390197754
S-b16,phase_scan,900,4,77,0.8955078125,0.6884765625,0.908203125,0.43041488938292277,0.7580645161290323,1.2068862915039062
S-b16,phase_scan,900,4,88,0.90234375,0.701171875,0.9091796875,0.4122107555061423,0.7712137486573577,1.2209985256195068
S-b16,phase_scan,900,6,11,0.8310546875,0.400390625,0.7470703125,0.5537581262372743,0.5359477124183006,1.521350383758545
S-b16,phase_scan,900,6,22,0.8204752604166666,0.3896484375,0.724609375,0.5736981589062552,0.5377358490566038,1.590215802192688
S-b16,phase_scan,900,6,33,0.16666666666666666,0.0,0.0029296875,3.3335121325217187,0.0,4.166494846343994
S-b16,phase_scan,900,6,44,0.8138020833333334,0.3427734375,0.779296875,0.6149619687197694,0.4398496240601504,1.5494070053100586
S-b16,phase_scan,900,6,55,0.8229166666666666,0.3583984375,0.7861328125,0.5674523594670634,0.45590062111801244,1.537894606590271
S-b16,phase_scan,900,6,66,0.7928059895833334,0.2666015625,0.748046875,0.6232343496877646,0.3563968668407311,1.5132150650024414
S-b16,phase_scan,900,6,77,0.7967122395833334,0.2724609375,0.763671875,0.6413322228494236,0.3567774936061381,1.5531409978866577
S-b16,phase_scan,900,6,88,0.8037109375,0.28125,0.779296875,0.6267763307065856,0.3609022556390977,1.575618863105774
R,priority_scan,900,4,11,0.704833984375,0.1806640625,0.8544921875,0.6684848751885714,0.21142857142857144,0.17271383106708527
R,priority_scan,900,4,22,0.7109375,0.189453125,0.8564453125,0.6559004916602539,0.22120866590649943,0.1554693877696991
R,priority_scan,900,4,33,0.70751953125,0.1845703125,0.84375,0.6655340335500013,0.21875,0.18082964420318604
R,priority_scan,900,4,44,0.70263671875,0.1767578125,0.8330078125,0.6703518478833657,0.21219226260257915,0.18196147680282593
R,priority_scan,900,4,55,0.708740234375,0.18359375,0.84765625,0.6603911423331332,0.21658986175115208,0.18226923048496246
R,priority_scan,900,4,66,0.698974609375,0.1875,0.783203125,0.7017487943004299,0.23940149625935161,0.23237758874893188
R,priority_scan,900,4,77,0.705322265625,0.173828125,0.86328125,0.660744695406821,0.20135746606334842,0.14561951160430908
R,priority_scan,900,4,88,0.70849609375,0.1943359375,0.8056640625,0.6726666268595081,0.2412121212121212,0.19800275564193726
R,priority_scan,900,6,11,0.5636393229166666,0.0205078125,0.68359375,1.1153306284244604,0.03,0.28146082162857056
R,priority_scan,900,6,22,0.5621744791666666,0.0205078125,0.6787109375,1.123840327685078,0.030215827338129497,0.2786763906478882
R,priority_scan,900,6,33,0.55712890625,0.0283203125,0.619140625,1.145981396898774,0.04574132492113565,0.30879196524620056
R,priority_scan,900,6,44,0.55859375,0.025390625,0.634765625,1.1346176945328434,0.04,0.303975373506546
R,priority_scan,900,6,55,0.5545247395833334,0.02734375,0.6259765625,1.1384933702626128,0.0436817472698908,0.3272675573825836
R,priority_scan,900,6,66,0.544921875,0.021484375,0.546875,1.1608218928611476,0.039285714285714285,0.3947564363479614
R,priority_scan,900,6,77,0.55908203125,0.0263671875,0.681640625,1.1261115340015817,0.03868194842406877,0.25933837890625
R,priority_scan,900,6,88,0.5582682291666666,0.0322265625,0.5791015625,1.1401146357174083,0.05564924114671164,0.34366369247436523
R,position_scan,900,4,11,0.90576171875,0.7578125,0.873046875,0.3992003945879534,0.8680089485458613,1.2446786165237427
R,position_scan,900,4,22,0.913818359375,0.7392578125,0.8994140625,0.37029555426367244,0.8219326818675353,1.1875015497207642
R,position_scan,900,4,33,0.908447265625,0.7470703125,0.88671875,0.3755274931609165,0.8425110132158591,1.2546577453613281
R,position_scan,900,4,44,0.901611328125,0.7314453125,0.8779296875,0.3716538060204281,0.8331479421579533,1.2092680931091309
R,position_scan,900,4,55,0.9072265625,0.7587890625,0.8779296875,0.3645359533321526,0.864293659621802,1.2180507183074951
R,position_scan,900,4,66,0.910400390625,0.7568359375,0.9072265625,0.36306872394763756,0.8342303552206674,1.2146904468536377
R,position_scan,900,4,77,0.918212890625,0.7783203125,0.9013671875,0.35989125799258337,0.8634886240520043,1.2619948387145996
R,position_scan,900,4,88,0.898193359375,0.703125,0.896484375,0.3985881332482677,0.7843137254901961,1.184035301208496
R,position_scan,900,6,11,0.82080078125,0.3798828125,0.7080078125,0.5908116390519016,0.5365517241379311,1.6361809968948364
R,position_scan,900,6,22,0.8292643229166666,0.3662109375,0.744140625,0.5580450668720812,0.4921259842519685,1.5281614065170288
R,position_scan,900,6,33,0.830078125,0.4072265625,0.7490234375,0.5548082894421423,0.5436766623207301,1.6247992515563965
R,position_scan,900,6,44,0.8326822916666666,0.3857421875,0.748046875,0.5490791955095052,0.5156657963446475,1.5584357976913452
R,position_scan,900,6,55,0.8336588541666666,0.41015625,0.71484375,0.5376297983538179,0.5737704918032787,1.5636800527572632
R,position_scan,900,6,66,0.841796875,0.4345703125,0.748046875,0.5367109463878916,0.5809399477806788,1.567410945892334
R,position_scan,900,6,77,0.8380533854166666,0.4423828125,0.736328125,0.5368749656487058,0.6007957559681698,1.6273759603500366
R,position_scan,900,6,88,0.7981770833333334,0.2890625,0.7216796875,0.5933310037356999,0.40054127198917455,1.5137838125228882
R,phase_scan,900,4,11,0.912109375,0.7646484375,0.8818359375,0.343211518936894,0.867109634551495,1.2067090272903442
R,phase_scan,900,4,22,0.914794921875,0.763671875,0.880859375,0.3462459812969125,0.8669623059866962,1.243433952331543
R,phase_scan,900,4,33,0.922119140625,0.7939453125,0.884765625,0.31605450129265794,0.8973509933774835,1.2173198461532593
R,phase_scan,900,4,44,0.912841796875,0.7685546875,0.8876953125,0.3172671010219751,0.8657865786578658,1.2067511081695557
R,phase_scan,900,4,55,0.919677734375,0.76171875,0.8984375,0.31189907694675234,0.8478260869565217,1.194554090499878
R,phase_scan,900,4,66,0.922119140625,0.7958984375,0.900390625,0.305610018549487,0.8839479392624728,1.2421852350234985
R,phase_scan,900,4,77,0.92431640625,0.79296875,0.9111328125,0.3156581570025689,0.8703108252947481,1.1987018585205078
R,phase_scan,900,4,88,0.9150390625,0.7373046875,0.904296875,0.34700927555806826,0.8153347732181425,1.239984393119812
R,phase_scan,900,6,11,0.8167317708333334,0.3564453125,0.7216796875,0.5965092506785704,0.4939106901217862,1.5548032522201538
R,phase_scan,900,6,22,0.80615234375,0.29296875,0.7412109375,0.5815476443213238,0.3952569169960474,1.601915955543518
R,phase_scan,900,6,33,0.83837890625,0.388671875,0.7666015625,0.516219988559088,0.5070063694267516,1.5402231216430664
R,phase_scan,900,6,44,0.8385416666666666,0.43359375,0.7587890625,0.5688440068129069,0.5714285714285714,1.533102035522461
R,phase_scan,900,6,55,0.83447265625,0.369140625,0.783203125,0.5347949045514082,0.4713216957605985,1.4981743097305298
R,phase_scan,900,6,66,0.8473307291666666,0.4326171875,0.751953125,0.5129606540517501,0.5753246753246753,1.5821484327316284
R,phase_scan,900,6,77,0.8313802083333334,0.359375,0.7685546875,0.5303337494034267,0.4675984752223634,1.5065059661865234
R,phase_scan,900,6,88,0.8186848958333334,0.314453125,0.771484375,0.6074888596130118,0.40759493670886077,1.5780855417251587
L-b1,priority_scan,3600,4,11,0.94482421875,0.8076171875,0.95703125,0.3135854291354513,0.8438775510204082,0.6018313765525818
L-b1,priority_scan,3600,4,22,0.94189453125,0.796875,0.9619140625,0.28070032506042886,0.8284263959390863,0.6220108270645142
L-b1,priority_scan,3600,4,33,0.945556640625,0.810546875,0.9501953125,0.32367331101947155,0.8530318602261048,0.6071057319641113
L-b1,priority_scan,3600,4,44,0.852294921875,0.4814453125,0.9423828125,0.3947053969022818,0.510880829015544,0.5054482221603394
L-b1,priority_scan,3600,4,55,0.942138671875,0.8037109375,0.962890625,0.32522061946413794,0.834685598377282,0.5744097232818604
L-b1,priority_scan,3600,4,66,0.95068359375,0.8251953125,0.9609375,0.28291061850419885,0.858739837398374,0.6041101813316345
L-b1,priority_scan,3600,4,77,0.931640625,0.7646484375,0.955078125,0.334663697414928,0.8006134969325154,0.6076410412788391
L-b1,priority_scan,3600,4,88,0.946533203125,0.8115234375,0.9599609375,0.3001271256814814,0.8453713123092573,0.6165561079978943
L-b1,priority_scan,3600,6,11,0.6287434895833334,0.052734375,0.9052734375,0.7071213892723552,0.05825242718446602,1.1378294229507446
L-b1,priority_scan,3600,6,22,0.7444661458333334,0.2041015625,0.9130859375,0.6335869762147516,0.2235294117647059,1.122134804725647
L-b1,priority_scan,3600,6,33,0.6417643229166666,0.0576171875,0.865234375,0.7129138681921177,0.06659142212189616,1.162131905555725
L-b1,priority_scan,3600,6,44,0.5411783854166666,0.0078125,0.8505859375,0.9085165585511948,0.009184845005740528,1.0665079355239868
L-b1,priority_scan,3600,6,55,0.6162109375,0.046875,0.8818359375,0.7374682156175063,0.053156146179401995,1.1173315048217773
L-b1,priority_scan,3600,6,66,0.6702473958333334,0.0537109375,0.8671875,0.6816032696278178,0.061936936936936936,1.1285167932510376
L-b1,priority_scan,3600,6,77,0.64794921875,0.0625,0.8818359375,0.7220412568130993,0.07087486157253599,1.1286752223968506
L-b1,priority_scan,3600,6,88,0.64306640625,0.046875,0.8857421875,0.7122488039129635,0.05292171995589857,1.1420801877975464
L-b1,position_scan,3600,4,11,0.947998046875,0.818359375,0.9609375,0.5401433662175097,0.8516260162601627,1.3368172645568848
L-b1,position_scan,3600,4,22,0.933837890625,0.75390625,0.962890625,0.6131972243989974,0.7829614604462475,1.390052318572998
L-b1,position_scan,3600,4,33,0.921875,0.72265625,0.9638671875,0.5857577862884177,0.7497467071935157,1.377979040145874
L-b1,position_scan,3600,4,44,0.920166015625,0.712890625,0.9541015625,0.6044365950704862,0.7471852610030706,1.3740429878234863
L-b1,position_scan,3600,4,55,0.945556640625,0.814453125,0.955078125,0.5254452796523563,0.852760736196319,1.3692920207977295
L-b1,position_scan,3600,4,66,0.943603515625,0.7890625,0.96875,0.6087618711495049,0.8145161290322581,1.3854384422302246
L-b1,position_scan,3600,4,77,0.94091796875,0.7880859375,0.9619140625,0.5024289108081978,0.8192893401015229,1.3295104503631592
L-b1,position_scan,3600,4,88,0.866455078125,0.541015625,0.9541015625,0.6761317837582383,0.5670419651995906,1.422721028327942
L-b1,position_scan,3600,6,11,0.6943359375,0.0478515625,0.8984375,0.819446004073446,0.05326086956521739,1.7278614044189453
L-b1,position_scan,3600,6,22,0.431640625,0.001953125,0.9013671875,1.0298544161923928,0.0021668472372697724,1.8323596715927124
L-b1,position_scan,3600,6,33,0.50537109375,0.0,0.87890625,0.9387714826853307,0.0,1.7929998636245728
L-b1,position_scan,3600,6,44,0.4347330729166667,0.001953125,0.8935546875,1.0158432098385808,0.002185792349726776,1.8139257431030273
L-b1,position_scan,3600,6,55,0.6145833333333334,0.01953125,0.8681640625,0.8699043170647066,0.02249718785151856,1.7864961624145508
L-b1,position_scan,3600,6,66,0.4646809895833333,0.0,0.8828125,1.011603328844541,0.0,1.8252085447311401
L-b1,position_scan,3600,6,77,0.6456705729166666,0.037109375,0.880859375,0.8785880334660221,0.04212860310421286,1.7550135850906372
L-b1,position_scan,3600,6,88,0.3854166666666667,0.0,0.88671875,1.0918874806978878,0.0,1.860430121421814
L-b1,phase_scan,3600,4,11,0.965087890625,0.89453125,0.9501953125,0.31089275252371507,0.9414182939362795,1.2762665748596191
L-b1,phase_scan,3600,4,22,0.970703125,0.91796875,0.962890625,0.2861923783752395,0.9533468559837728,1.2804642915725708
L-b1,phase_scan,3600,4,33,0.964111328125,0.8740234375,0.970703125,0.3276454560788503,0.9004024144869215,1.2522599697113037
L-b1,phase_scan,3600,4,44,0.95751953125,0.857421875,0.9609375,0.35775703120937874,0.8922764227642277,1.253037929534912
L-b1,phase_scan,3600,4,55,0.959228515625,0.869140625,0.955078125,0.28863349583439735,0.9100204498977505,1.261889100074768
L-b1,phase_scan,3600,4,66,0.965576171875,0.8798828125,0.97265625,0.3404149426690613,0.9046184738955824,1.2878296375274658
L-b1,phase_scan,3600,4,77,0.972412109375,0.9169921875,0.96484375,0.2764312241763239,0.9504048582995951,1.25177800655365
L-b1,phase_scan,3600,4,88,0.95751953125,0.8623046875,0.9521484375,0.3456809882482048,0.9056410256410257,1.2579851150512695
L-b1,phase_scan,3600,6,11,0.9007161458333334,0.5498046875,0.890625,0.5153327102770734,0.6173245614035088,1.6552866697311401
L-b1,phase_scan,3600,6,22,0.9052734375,0.5712890625,0.89453125,0.48126212115339156,0.638646288209607,1.65615975856781
L-b1,phase_scan,3600,6,33,0.87158203125,0.4306640625,0.8896484375,0.5402891611447556,0.4840834248079034,1.631827712059021
L-b1,phase_scan,3600,6,44,0.8720703125,0.4169921875,0.90234375,0.5921529091924805,0.4621212121212121,1.6248159408569336
L-b1,phase_scan,3600,6,55,0.89990234375,0.55859375,0.8798828125,0.48145976342278063,0.634850166481687,1.6281051635742188
L-b1,phase_scan,3600,6,66,0.8351236979166666,0.2978515625,0.8896484375,0.6124419914299827,0.33479692645444564,1.6677716970443726
L-b1,phase_scan,3600,6,77,0.9099934895833334,0.61328125,0.896484375,0.4890956058537724,0.6840958605664488,1.6050459146499634
L-b1,phase_scan,3600,6,88,0.875,0.4345703125,0.859375,0.5655513106386123,0.5056818181818182,1.6345419883728027
L-b16,priority_scan,3600,4,11,0.873779296875,0.5712890625,0.94921875,0.362794620062535,0.6018518518518519,0.4926013946533203
L-b16,priority_scan,3600,4,22,0.8798828125,0.5947265625,0.923828125,0.35421604209760615,0.6437632135306554,0.5014528036117554
L-b16,priority_scan,3600,4,33,0.938232421875,0.796875,0.9365234375,0.25550402264343575,0.8508863399374348,0.5999338030815125
L-b16,priority_scan,3600,4,44,0.91162109375,0.7001953125,0.939453125,0.296381660284371,0.7453222453222453,0.5516512393951416
L-b16,priority_scan,3600,4,55,0.949462890625,0.83203125,0.9658203125,0.19544729063959998,0.8614762386248737,0.5651991963386536
L-b16,priority_scan,3600,4,66,0.84716796875,0.5,0.935546875,0.4026156651606369,0.534446764091858,0.441001832485199
L-b16,priority_scan,3600,4,77,0.891357421875,0.623046875,0.94921875,0.33792215247457436,0.6563786008230452,0.5405117869377136
L-b16,priority_scan,3600,4,88,0.934326171875,0.76953125,0.94921875,0.24067322882021674,0.8106995884773662,0.4859468936920166
L-b16,priority_scan,3600,6,11,0.7205403645833334,0.0830078125,0.8193359375,0.6463239650906029,0.10131108462455304,0.9206536412239075
L-b16,priority_scan,3600,6,22,0.7361653645833334,0.1416015625,0.7802734375,0.6255680142796202,0.18147684605757197,0.9313721060752869
L-b16,priority_scan,3600,6,33,0.8444010416666666,0.4033203125,0.85546875,0.46060674551106917,0.4714611872146119,1.045639157295227
L-b16,priority_scan,3600,6,44,0.8040364583333334,0.265625,0.837890625,0.527878117971812,0.317016317016317,0.9413628578186035
L-b16,priority_scan,3600,6,55,0.9073893229166666,0.623046875,0.90234375,0.3433638783624498,0.6904761904761905,1.03300940990448
L-b16,priority_scan,3600,6,66,0.7037760416666666,0.1240234375,0.798828125,0.6972037314510627,0.1552567237163814,0.8441838622093201
L-b16,priority_scan,3600,6,77,0.7628580729166666,0.1962890625,0.83203125,0.5893858750048956,0.23591549295774647,1.0126932859420776
L-b16,priority_scan,3600,6,88,0.8658854166666666,0.4814453125,0.853515625,0.41461119991490025,0.5640732265446224,0.9172660708427429
L-b16,position_scan,3600,4,11,0.948974609375,0.8310546875,0.9541015625,0.323869122092017,0.8710337768679631,1.2787079811096191
L-b16,position_scan,3600,4,22,0.953125,0.845703125,0.9638671875,0.29777696943104576,0.8774062816616008,1.244178295135498
L-b16,position_scan,3600,4,33,0.93115234375,0.7578125,0.9521484375,0.3861031395111543,0.7958974358974359,1.2192208766937256
L-b16,position_scan,3600,4,44,0.95654296875,0.873046875,0.9521484375,0.25993784875026904,0.916923076923077,1.2405469417572021
L-b16,position_scan,3600,4,55,0.955078125,0.861328125,0.955078125,0.24784130957818382,0.901840490797546,1.2601430416107178
L-b16,position_scan,3600,4,66,0.950927734375,0.83984375,0.966796875,0.2670651222352818,0.8686868686868687,1.2778260707855225
L-b16,position_scan,3600,4,77,0.9609375,0.8828125,0.96875,0.25538361655587016,0.9112903225806451,1.2439649105072021
L-b16,position_scan,3600,4,88,0.946044921875,0.82421875,0.955078125,0.34744258683834534,0.8629856850715747,1.2833560705184937
L-b16,position_scan,3600,6,11,0.8860677083333334,0.5087890625,0.86328125,0.4797717690235004,0.5893665158371041,1.6635631322860718
L-b16,position_scan,3600,6,22,0.9033203125,0.5673828125,0.8974609375,0.4400541100444066,0.6322089227421109,1.6002812385559082
L-b16,position_scan,3600,6,33,0.8546549479166666,0.3857421875,0.8740234375,0.5260882503299164,0.441340782122905,1.5696187019348145
L-b16,position_scan,3600,6,44,0.9109700520833334,0.6337890625,0.8857421875,0.3931755370690047,0.7155457552370452,1.6004496812820435
L-b16,position_scan,3600,6,55,0.9150390625,0.6669921875,0.859375,0.3905689529158365,0.7761363636363636,1.6271055936813354
L-b16,position_scan,3600,6,66,0.9021809895833334,0.58203125,0.8857421875,0.4298089910460274,0.6571113561190739,1.6565717458724976
L-b16,position_scan,3600,6,77,0.9205729166666666,0.6884765625,0.8837890625,0.38340147825052817,0.7790055248618785,1.6152175664901733
L-b16,position_scan,3600,6,88,0.8722330729166666,0.4443359375,0.8720703125,0.5287216091690223,0.509518477043673,1.6780314445495605
L-b16,phase_scan,3600,4,11,0.962158203125,0.8955078125,0.9580078125,0.2383796305770779,0.9347604485219164,1.261156678199768
L-b16,phase_scan,3600,4,22,0.962890625,0.888671875,0.9638671875,0.24424468079814685,0.9219858156028369,1.2757928371429443
L-b16,phase_scan,3600,4,33,0.0,0.0,0.0244140625,2.2222990605385142,0.0,2.7393341064453125
L-b16,phase_scan,3600,4,44,0.961181640625,0.8955078125,0.958984375,0.2297003032678428,0.9338085539714868,1.2380579710006714
L-b16,phase_scan,3600,4,55,0.959228515625,0.890625,0.95703125,0.2654968491858906,0.9306122448979591,1.2507988214492798
L-b16,phase_scan,3600,4,66,0.963623046875,0.8857421875,0.9716796875,0.24998780884844665,0.9115577889447236,1.2646214962005615
L-b16,phase_scan,3600,4,77,0.957275390625,0.859375,0.970703125,0.3005829362114633,0.8853118712273642,1.252272605895996
L-b16,phase_scan,3600,4,88,0.962158203125,0.892578125,0.9560546875,0.262375690573309,0.933605720122574,1.2582383155822754
L-b16,phase_scan,3600,6,11,0.9344075520833334,0.7255859375,0.9013671875,0.34242093263957124,0.8049837486457205,1.6255561113357544
L-b16,phase_scan,3600,6,22,0.9259440104166666,0.681640625,0.89453125,0.36747609332249126,0.7620087336244541,1.6448296308517456
L-b16,phase_scan,3600,6,33,0.16666666666666666,0.0,0.0,3.333486594751271,nan,4.168184280395508
L-b16,phase_scan,3600,6,44,0.9287109375,0.7021484375,0.9033203125,0.3452764851411942,0.7772972972972974,1.5961780548095703
L-b16,phase_scan,3600,6,55,0.9212239583333334,0.669921875,0.8642578125,0.35878192606442433,0.7751412429378531,1.6116613149642944
L-b16,phase_scan,3600,6,66,0.92333984375,0.6650390625,0.89453125,0.37128773930210907,0.7434497816593887,1.6160149574279785
L-b16,phase_scan,3600,6,77,0.91748046875,0.6259765625,0.89453125,0.3841153952924759,0.6997816593886463,1.5942440032958984
L-b16,phase_scan,3600,6,88,0.9163411458333334,0.64453125,0.873046875,0.41669421006561064,0.738255033557047,1.6195775270462036
