representation,readout,seed,step,n,source,adjacent_position,mean,sd,p05,p95
priority,competitive,11,300,4,runs/experiment_A/priority_competitive/11/eval_300_4.npz,0,0.9424176,0.7628817,0.004025349,2.416422
priority,competitive,11,300,4,runs/experiment_A/priority_competitive/11/eval_300_4.npz,1,0.9060459,0.7608385,-0.042770028,2.4140716
priority,competitive,11,300,4,runs/experiment_A/priority_competitive/11/eval_300_4.npz,2,0.89659536,0.7284765,-0.0108805895,2.3791237
priority,scan,11,300,4,runs/experiment_A1/calibration/priority_scan/11/eval_300_4.npz,0,1.7003852,1.3807833,-0.17495011,4.205973
priority,scan,11,300,4,runs/experiment_A1/calibration/priority_scan/11/eval_300_4.npz,1,1.345953,1.2435987,-0.19117315,3.778208
priority,scan,11,300,4,runs/experiment_A1/calibration/priority_scan/11/eval_300_4.npz,2,1.1524534,1.0122422,-0.07211602,3.2164128
priority,competitive,11,300,6,runs/experiment_A/priority_competitive/11/eval_300_6.npz,0,0.6594868,0.6090036,-0.086005546,1.7873597
priority,competitive,11,300,6,runs/experiment_A/priority_competitive/11/eval_300_6.npz,1,0.6687987,0.593019,-0.07793935,1.868543
priority,competitive,11,300,6,runs/experiment_A/priority_competitive/11/eval_300_6.npz,2,0.63003415,0.5917829,-0.065501116,1.7815539
priority,competitive,11,300,6,runs/experiment_A/priority_competitive/11/eval_300_6.npz,3,0.6416085,0.58496284,-0.08001752,1.7384671
priority,competitive,11,300,6,runs/experiment_A/priority_competitive/11/eval_300_6.npz,4,0.6470969,0.59531003,-0.051765006,1.7923753
priority,scan,11,300,6,runs/experiment_A1/calibration/priority_scan/11/eval_300_6.npz,0,1.3410788,1.2666116,-0.3971765,3.6793263
priority,scan,11,300,6,runs/experiment_A1/calibration/priority_scan/11/eval_300_6.npz,1,1.1272835,1.0646722,-0.33388788,3.0939057
priority,scan,11,300,6,runs/experiment_A1/calibration/priority_scan/11/eval_300_6.npz,2,0.9269967,0.92773706,-0.23700532,2.572783
priority,scan,11,300,6,runs/experiment_A1/calibration/priority_scan/11/eval_300_6.npz,3,0.8163598,0.82506984,-0.2290107,2.3708808
priority,scan,11,300,6,runs/experiment_A1/calibration/priority_scan/11/eval_300_6.npz,4,0.7791691,0.77750665,-0.19644184,2.2371876
priority,competitive,11,600,4,runs/experiment_A/priority_competitive/11/eval_600_4.npz,0,1.6654321,1.342586,0.04358847,4.3072667
priority,competitive,11,600,4,runs/experiment_A/priority_competitive/11/eval_600_4.npz,1,1.6080303,1.3390931,0.045816023,4.2486105
priority,competitive,11,600,4,runs/experiment_A/priority_competitive/11/eval_600_4.npz,2,1.6089625,1.2712007,0.115217805,4.1507816
priority,scan,11,600,4,runs/experiment_A1/calibration/priority_scan/11/eval_600_4.npz,0,3.172526,2.5675852,-0.14465961,7.9983077
priority,scan,11,600,4,runs/experiment_A1/calibration/priority_scan/11/eval_600_4.npz,1,2.4508634,2.426577,-0.078705594,7.3648324
priority,scan,11,600,4,runs/experiment_A1/calibration/priority_scan/11/eval_600_4.npz,2,1.9573257,2.0258577,-0.0072201253,6.106999
priority,competitive,11,600,6,runs/experiment_A/priority_competitive/11/eval_600_6.npz,0,1.183534,1.0409989,-0.0044906763,3.1775405
priority,competitive,11,600,6,runs/experiment_A/priority_competitive/11/eval_600_6.npz,1,1.1923374,1.0114938,-0.0045507075,3.2404099
priority,competitive,11,600,6,runs/experiment_A/priority_competitive/11/eval_600_6.npz,2,1.1110619,1.0154005,-0.002023554,3.101566
priority,competitive,11,600,6,runs/experiment_A/priority_competitive/11/eval_600_6.npz,3,1.1411852,1.0117115,0.0064417394,3.0993125
priority,competitive,11,600,6,runs/experiment_A/priority_competitive/11/eval_600_6.npz,4,1.1413571,1.0281621,-0.0020727157,3.085405
priority,scan,11,600,6,runs/experiment_A1/calibration/priority_scan/11/eval_600_6.npz,0,2.529804,2.0830016,-0.27243465,6.353178
priority,scan,11,600,6,runs/experiment_A1/calibration/priority_scan/11/eval_600_6.npz,1,2.0469575,1.9887629,-0.31396717,5.931547
priority,scan,11,600,6,runs/experiment_A1/calibration/priority_scan/11/eval_600_6.npz,2,1.5805581,1.7299995,-0.18801568,5.0500226
priority,scan,11,600,6,runs/experiment_A1/calibration/priority_scan/11/eval_600_6.npz,3,1.3940533,1.4526675,-0.13128677,4.203998
priority,scan,11,600,6,runs/experiment_A1/calibration/priority_scan/11/eval_600_6.npz,4,1.1846471,1.2493294,-0.073308274,3.4551466
priority,competitive,11,900,4,runs/experiment_A/priority_competitive/11/eval_900_4.npz,0,2.2515774,1.797028,0.08634986,5.7856274
priority,competitive,11,900,4,runs/experiment_A/priority_competitive/11/eval_900_4.npz,1,2.1697001,1.7777863,0.060708463,5.7052402
priority,competitive,11,900,4,runs/experiment_A/priority_competitive/11/eval_900_4.npz,2,2.1300201,1.7051712,0.078803256,5.526431
priority,scan,11,900,4,runs/experiment_A1/calibration/priority_scan/11/eval_900_4.npz,0,3.8742356,1.9839524,0.3651532,6.840133
priority,scan,11,900,4,runs/experiment_A1/calibration/priority_scan/11/eval_900_4.npz,1,3.1573231,1.8106787,0.15458708,5.9982452
priority,scan,11,900,4,runs/experiment_A1/calibration/priority_scan/11/eval_900_4.npz,2,2.311551,1.3461949,0.06068213,4.3937974
priority,competitive,11,900,6,runs/experiment_A/priority_competitive/11/eval_900_6.npz,0,1.5938145,1.3840698,0.017746449,4.2503233
priority,competitive,11,900,6,runs/experiment_A/priority_competitive/11/eval_900_6.npz,1,1.5987948,1.3520144,0.06545504,4.4602222
priority,competitive,11,900,6,runs/experiment_A/priority_competitive/11/eval_900_6.npz,2,1.4974856,1.3502853,0.042911075,4.043666
priority,competitive,11,900,6,runs/experiment_A/priority_competitive/11/eval_900_6.npz,3,1.5194262,1.3425761,0.0017915964,4.14877
priority,competitive,11,900,6,runs/experiment_A/priority_competitive/11/eval_900_6.npz,4,1.5363019,1.3686287,-0.031161547,4.1474776
priority,scan,11,900,6,runs/experiment_A1/calibration/priority_scan/11/eval_900_6.npz,0,2.891282,1.7545625,-0.08938652,5.5408716
priority,scan,11,900,6,runs/experiment_A1/calibration/priority_scan/11/eval_900_6.npz,1,2.5960224,1.6311891,0.012888861,5.285794
priority,scan,11,900,6,runs/experiment_A1/calibration/priority_scan/11/eval_900_6.npz,2,2.2588196,1.5457236,-0.010099429,4.698071
priority,scan,11,900,6,runs/experiment_A1/calibration/priority_scan/11/eval_900_6.npz,3,1.7753786,1.1548458,-0.04735701,3.696678
priority,scan,11,900,6,runs/experiment_A1/calibration/priority_scan/11/eval_900_6.npz,4,1.4371135,1.0389954,-0.15967163,3.1854696
priority,competitive,22,300,4,runs/experiment_A/priority_competitive/22/eval_300_4.npz,0,0.9360061,0.7550528,0.018845867,2.4134068
priority,competitive,22,300,4,runs/experiment_A/priority_competitive/22/eval_300_4.npz,1,0.90871423,0.7479669,-0.008635497,2.3312197
priority,competitive,22,300,4,runs/experiment_A/priority_competitive/22/eval_300_4.npz,2,0.88972837,0.72049314,-0.01009469,2.3321729
priority,scan,22,300,4,runs/experiment_A1/calibration/priority_scan/22/eval_300_4.npz,0,0.8860246,0.7443229,-0.09254193,2.3018098
priority,scan,22,300,4,runs/experiment_A1/calibration/priority_scan/22/eval_300_4.npz,1,0.8309738,0.73280305,-0.124900125,2.153778
priority,scan,22,300,4,runs/experiment_A1/calibration/priority_scan/22/eval_300_4.npz,2,0.8161274,0.68298924,-0.07630177,2.1127484
priority,competitive,22,300,6,runs/experiment_A/priority_competitive/22/eval_300_6.npz,0,0.66802806,0.57758117,-0.03836701,1.831766
priority,competitive,22,300,6,runs/experiment_A/priority_competitive/22/eval_300_6.npz,1,0.6692182,0.5756995,-0.044701673,1.8077979
priority,competitive,22,300,6,runs/experiment_A/priority_competitive/22/eval_300_6.npz,2,0.6165674,0.57079405,-0.062066484,1.7165128
priority,competitive,22,300,6,runs/experiment_A/priority_competitive/22/eval_300_6.npz,3,0.6334454,0.5638864,-0.025735546,1.7454517
priority,competitive,22,300,6,runs/experiment_A/priority_competitive/22/eval_300_6.npz,4,0.6385125,0.5654597,-0.020743107,1.7058735
priority,scan,22,300,6,runs/experiment_A1/calibration/priority_scan/22/eval_300_6.npz,0,0.6323366,0.59210783,-0.17024548,1.7756203
priority,scan,22,300,6,runs/experiment_A1/calibration/priority_scan/22/eval_300_6.npz,1,0.61199546,0.5737914,-0.13798077,1.7604611
priority,scan,22,300,6,runs/experiment_A1/calibration/priority_scan/22/eval_300_6.npz,2,0.59381104,0.58159685,-0.15826797,1.6719761
priority,scan,22,300,6,runs/experiment_A1/calibration/priority_scan/22/eval_300_6.npz,3,0.57019377,0.56518924,-0.15232715,1.6357908
priority,scan,22,300,6,runs/experiment_A1/calibration/priority_scan/22/eval_300_6.npz,4,0.566067,0.56863445,-0.18693979,1.6357017
priority,competitive,22,600,4,runs/experiment_A/priority_competitive/22/eval_600_4.npz,0,1.588632,1.2725767,0.06695311,4.138604
priority,competitive,22,600,4,runs/experiment_A/priority_competitive/22/eval_600_4.npz,1,1.5400386,1.2767897,0.013583446,4.0198183
priority,competitive,22,600,4,runs/experiment_A/priority_competitive/22/eval_600_4.npz,2,1.5165069,1.2162404,0.040501833,3.942814
priority,scan,22,600,4,runs/experiment_A1/calibration/priority_scan/22/eval_600_4.npz,0,2.5433745,1.9634887,-0.003319168,6.145714
priority,scan,22,600,4,runs/experiment_A1/calibration/priority_scan/22/eval_600_4.npz,1,2.0065432,1.763098,-0.111330196,5.4661865
priority,scan,22,600,4,runs/experiment_A1/calibration/priority_scan/22/eval_600_4.npz,2,1.7414361,1.4613897,0.02032795,4.636351
priority,competitive,22,600,6,runs/experiment_A/priority_competitive/22/eval_600_6.npz,0,1.1292477,0.9851082,-0.0029762746,3.036152
priority,competitive,22,600,6,runs/experiment_A/priority_competitive/22/eval_600_6.npz,1,1.129215,0.97014076,-0.0015656948,3.1042883
priority,competitive,22,600,6,runs/experiment_A/priority_competitive/22/eval_600_6.npz,2,1.0590677,0.9636147,-0.033739995,2.872521
priority,competitive,22,600,6,runs/experiment_A/priority_competitive/22/eval_600_6.npz,3,1.0818504,0.95738983,-0.040854312,2.9152653
priority,competitive,22,600,6,runs/experiment_A/priority_competitive/22/eval_600_6.npz,4,1.0955788,0.98110926,-0.02588191,3.049233
priority,scan,22,600,6,runs/experiment_A1/calibration/priority_scan/22/eval_600_6.npz,0,1.9772103,1.748756,-0.33965638,5.266863
priority,scan,22,600,6,runs/experiment_A1/calibration/priority_scan/22/eval_600_6.npz,1,1.6855259,1.4839649,-0.18372865,4.5703073
priority,scan,22,600,6,runs/experiment_A1/calibration/priority_scan/22/eval_600_6.npz,2,1.3853211,1.3338726,-0.2038382,3.858487
priority,scan,22,600,6,runs/experiment_A1/calibration/priority_scan/22/eval_600_6.npz,3,1.2574327,1.2166723,-0.2020177,3.6530602
priority,scan,22,600,6,runs/experiment_A1/calibration/priority_scan/22/eval_600_6.npz,4,1.1551313,1.1529963,-0.20166168,3.314887
priority,competitive,22,900,4,runs/experiment_A/priority_competitive/22/eval_900_4.npz,0,2.1656752,1.7322496,0.107624985,5.5798216
priority,competitive,22,900,4,runs/experiment_A/priority_competitive/22/eval_900_4.npz,1,2.1015434,1.7259465,0.07409902,5.472822
priority,competitive,22,900,4,runs/experiment_A/priority_competitive/22/eval_900_4.npz,2,2.0996265,1.6512955,0.13564964,5.416439
priority,scan,22,900,4,runs/experiment_A1/calibration/priority_scan/22/eval_900_4.npz,0,2.9636998,2.1142495,0.0824122,6.659394
priority,scan,22,900,4,runs/experiment_A1/calibration/priority_scan/22/eval_900_4.npz,1,2.414393,2.0294926,0.008454251,6.273389
priority,scan,22,900,4,runs/experiment_A1/calibration/priority_scan/22/eval_900_4.npz,2,1.9300041,1.6602057,0.08275924,4.7714825
priority,competitive,22,900,6,runs/experiment_A/priority_competitive/22/eval_900_6.npz,0,1.531913,1.3393664,0.029804206,4.1394444
priority,competitive,22,900,6,runs/experiment_A/priority_competitive/22/eval_900_6.npz,1,1.5471683,1.310766,0.041192126,4.2074857
priority,competitive,22,900,6,runs/experiment_A/priority_competitive/22/eval_900_6.npz,2,1.450572,1.3026403,0.0015262605,3.9716547
priority,competitive,22,900,6,runs/experiment_A/priority_competitive/22/eval_900_6.npz,3,1.4757645,1.3071791,0.02283349,4.0826664
priority,competitive,22,900,6,runs/experiment_A/priority_competitive/22/eval_900_6.npz,4,1.500783,1.3272783,0.023237418,4.062897
priority,scan,22,900,6,runs/experiment_A1/calibration/priority_scan/22/eval_900_6.npz,0,2.1470985,1.7311717,-0.17681721,5.299915
priority,scan,22,900,6,runs/experiment_A1/calibration/priority_scan/22/eval_900_6.npz,1,1.9586544,1.6708566,-0.061636783,5.1989446
priority,scan,22,900,6,runs/experiment_A1/calibration/priority_scan/22/eval_900_6.npz,2,1.6301577,1.4355133,-0.032584667,4.364406
priority,scan,22,900,6,runs/experiment_A1/calibration/priority_scan/22/eval_900_6.npz,3,1.376991,1.2417796,-0.077108815,3.825683
priority,scan,22,900,6,runs/experiment_A1/calibration/priority_scan/22/eval_900_6.npz,4,1.1743237,1.0721948,-0.111200236,3.1959798
priority,competitive,33,300,4,runs/experiment_A/priority_competitive/33/eval_300_4.npz,0,1.0809815,0.87804645,0.0088045,2.8227682
priority,competitive,33,300,4,runs/experiment_A/priority_competitive/33/eval_300_4.npz,1,1.0493684,0.8792855,-0.03336053,2.790099
priority,competitive,33,300,4,runs/experiment_A/priority_competitive/33/eval_300_4.npz,2,1.0222012,0.8297327,0.0101110935,2.6111774
priority,scan,33,300,4,runs/experiment_A1/calibration/priority_scan/33/eval_300_4.npz,0,1.4416553,1.2159348,-0.21681157,3.7764509
priority,scan,33,300,4,runs/experiment_A1/calibration/priority_scan/33/eval_300_4.npz,1,1.3102486,1.1783096,-0.21116014,3.5756664
priority,scan,33,300,4,runs/experiment_A1/calibration/priority_scan/33/eval_300_4.npz,2,1.3003914,1.10579,-0.21197763,3.4282882
priority,competitive,33,300,6,runs/experiment_A/priority_competitive/33/eval_300_6.npz,0,0.7629744,0.69593424,-0.08037664,2.140998
priority,competitive,33,300,6,runs/experiment_A/priority_competitive/33/eval_300_6.npz,1,0.7763041,0.678735,-0.06036377,2.1520772
priority,competitive,33,300,6,runs/experiment_A/priority_competitive/33/eval_300_6.npz,2,0.7249244,0.6717953,-0.07679496,2.0098925
priority,competitive,33,300,6,runs/experiment_A/priority_competitive/33/eval_300_6.npz,3,0.73100734,0.6625668,-0.076571584,2.060335
priority,competitive,33,300,6,runs/experiment_A/priority_competitive/33/eval_300_6.npz,4,0.7329505,0.6720495,-0.067995094,2.0183032
priority,scan,33,300,6,runs/experiment_A1/calibration/priority_scan/33/eval_300_6.npz,0,1.0138462,0.9979662,-0.35444257,2.832436
priority,scan,33,300,6,runs/experiment_A1/calibration/priority_scan/33/eval_300_6.npz,1,1.0223311,0.9852226,-0.3965777,2.887313
priority,scan,33,300,6,runs/experiment_A1/calibration/priority_scan/33/eval_300_6.npz,2,0.90939647,0.95748776,-0.42682153,2.6135902
priority,scan,33,300,6,runs/experiment_A1/calibration/priority_scan/33/eval_300_6.npz,3,0.9173217,0.9528171,-0.3548955,2.6672378
priority,scan,33,300,6,runs/experiment_A1/calibration/priority_scan/33/eval_300_6.npz,4,0.9306673,0.9496917,-0.34411842,2.6781418
priority,competitive,33,600,4,runs/experiment_A/priority_competitive/33/eval_600_4.npz,0,1.9386445,1.5461346,0.019528937,4.866483
priority,competitive,33,600,4,runs/experiment_A/priority_competitive/33/eval_600_4.npz,1,1.8702285,1.557548,0.0016864897,4.9382596
priority,competitive,33,600,4,runs/experiment_A/priority_competitive/33/eval_600_4.npz,2,1.8348739,1.476489,0.01840942,4.765127
priority,scan,33,600,4,runs/experiment_A1/calibration/priority_scan/33/eval_600_4.npz,0,4.855825,3.8132625,-0.30968636,12.01798
priority,scan,33,600,4,runs/experiment_A1/calibration/priority_scan/33/eval_600_4.npz,1,3.858551,3.3958125,-0.17736939,10.516901
priority,scan,33,600,4,runs/experiment_A1/calibration/priority_scan/33/eval_600_4.npz,2,3.0928235,2.7407534,-0.052589417,8.809432
priority,competitive,33,600,6,runs/experiment_A/priority_competitive/33/eval_600_6.npz,0,1.3759596,1.2282038,-0.085641906,3.7193265
priority,competitive,33,600,6,runs/experiment_A/priority_competitive/33/eval_600_6.npz,1,1.3766961,1.2056142,-0.058993362,3.7177072
priority,competitive,33,600,6,runs/experiment_A/priority_competitive/33/eval_600_6.npz,2,1.3000097,1.1831032,-0.027351093,3.5705047
priority,competitive,33,600,6,runs/experiment_A/priority_competitive/33/eval_600_6.npz,3,1.3040794,1.156572,-0.037873555,3.5630052
priority,competitive,33,600,6,runs/experiment_A/priority_competitive/33/eval_600_6.npz,4,1.3202238,1.1969068,-0.074072525,3.6153562
priority,scan,33,600,6,runs/experiment_A1/calibration/priority_scan/33/eval_600_6.npz,0,3.6576881,3.353372,-0.7621709,10.21331
priority,scan,33,600,6,runs/experiment_A1/calibration/priority_scan/33/eval_600_6.npz,1,3.2811031,2.915719,-0.41735607,8.577421
priority,scan,33,600,6,runs/experiment_A1/calibration/priority_scan/33/eval_600_6.npz,2,2.603488,2.5655603,-0.37889868,7.5101576
priority,scan,33,600,6,runs/experiment_A1/calibration/priority_scan/33/eval_600_6.npz,3,2.2552037,2.2946403,-0.39085555,6.8030615
priority,scan,33,600,6,runs/experiment_A1/calibration/priority_scan/33/eval_600_6.npz,4,1.9991236,2.0088458,-0.3055604,5.950142
priority,competitive,33,900,4,runs/experiment_A/priority_competitive/33/eval_900_4.npz,0,2.7618003,2.202152,0.12651289,7.0915318
priority,competitive,33,900,4,runs/experiment_A/priority_competitive/33/eval_900_4.npz,1,2.655898,2.189908,0.071200415,6.904839
priority,competitive,33,900,4,runs/experiment_A/priority_competitive/33/eval_900_4.npz,2,2.6231325,2.0814908,0.115623236,6.8170013
priority,scan,33,900,4,runs/experiment_A1/calibration/priority_scan/33/eval_900_4.npz,0,6.498663,4.8569403,0.02747097,15.289683
priority,scan,33,900,4,runs/experiment_A1/calibration/priority_scan/33/eval_900_4.npz,1,4.8394356,4.533271,-0.07798114,14.187982
priority,scan,33,900,4,runs/experiment_A1/calibration/priority_scan/33/eval_900_4.npz,2,3.6886988,3.3718286,-0.1290439,10.636468
priority,competitive,33,900,6,runs/experiment_A/priority_competitive/33/eval_900_6.npz,0,1.972544,1.704733,0.03271254,5.2617927
priority,competitive,33,900,6,runs/experiment_A/priority_competitive/33/eval_900_6.npz,1,1.960497,1.6629232,0.07761593,5.382306
priority,competitive,33,900,6,runs/experiment_A/priority_competitive/33/eval_900_6.npz,2,1.8346667,1.6560172,0.028860021,4.987889
priority,competitive,33,900,6,runs/experiment_A/priority_competitive/33/eval_900_6.npz,3,1.8653316,1.654071,0.0069229603,5.0378423
priority,competitive,33,900,6,runs/experiment_A/priority_competitive/33/eval_900_6.npz,4,1.8855296,1.6742216,0.034194805,5.2024198
priority,scan,33,900,6,runs/experiment_A1/calibration/priority_scan/33/eval_900_6.npz,0,5.0538135,4.107192,-0.5143825,12.76171
priority,scan,33,900,6,runs/experiment_A1/calibration/priority_scan/33/eval_900_6.npz,1,4.2086945,3.7388551,-0.27671006,11.923074
priority,scan,33,900,6,runs/experiment_A1/calibration/priority_scan/33/eval_900_6.npz,2,3.285208,3.3391573,-0.36499658,9.723198
priority,scan,33,900,6,runs/experiment_A1/calibration/priority_scan/33/eval_900_6.npz,3,2.823533,2.8341496,-0.33200082,8.186989
priority,scan,33,900,6,runs/experiment_A1/calibration/priority_scan/33/eval_900_6.npz,4,2.2997622,2.2529016,-0.4013134,6.5278177
priority,competitive,44,300,4,runs/experiment_A/priority_competitive/44/eval_300_4.npz,0,1.3498666,1.1103295,-0.012906576,3.4820867
priority,competitive,44,300,4,runs/experiment_A/priority_competitive/44/eval_300_4.npz,1,1.334783,1.1149203,-0.009331455,3.5002985
priority,competitive,44,300,4,runs/experiment_A/priority_competitive/44/eval_300_4.npz,2,1.2850634,1.0728464,-0.07344904,3.3118482
priority,scan,44,300,4,runs/experiment_A1/calibration/priority_scan/44/eval_300_4.npz,0,2.08638,1.7164899,-0.17076115,5.319029
priority,scan,44,300,4,runs/experiment_A1/calibration/priority_scan/44/eval_300_4.npz,1,1.7293179,1.5165704,-0.14833422,4.8402987
priority,scan,44,300,4,runs/experiment_A1/calibration/priority_scan/44/eval_300_4.npz,2,1.3339897,1.2131181,-0.19284904,3.7490427
priority,competitive,44,300,6,runs/experiment_A/priority_competitive/44/eval_300_6.npz,0,0.9532328,0.8629434,-0.09452295,2.6153107
priority,competitive,44,300,6,runs/experiment_A/priority_competitive/44/eval_300_6.npz,1,0.9597906,0.84681964,-0.07601924,2.6785316
priority,competitive,44,300,6,runs/experiment_A/priority_competitive/44/eval_300_6.npz,2,0.9308784,0.8554571,-0.05743873,2.5398493
priority,competitive,44,300,6,runs/experiment_A/priority_competitive/44/eval_300_6.npz,3,0.92544895,0.8459629,-0.12784539,2.546167
priority,competitive,44,300,6,runs/experiment_A/priority_competitive/44/eval_300_6.npz,4,0.9279314,0.8578799,-0.09785608,2.5807142
priority,scan,44,300,6,runs/experiment_A1/calibration/priority_scan/44/eval_300_6.npz,0,1.6141027,1.5261222,-0.46986628,4.4076552
priority,scan,44,300,6,runs/experiment_A1/calibration/priority_scan/44/eval_300_6.npz,1,1.4237332,1.3345736,-0.30597815,4.0526953
priority,scan,44,300,6,runs/experiment_A1/calibration/priority_scan/44/eval_300_6.npz,2,1.1759566,1.1611899,-0.27171814,3.3290205
priority,scan,44,300,6,runs/experiment_A1/calibration/priority_scan/44/eval_300_6.npz,3,1.0240386,1.0371867,-0.24075218,3.1094499
priority,scan,44,300,6,runs/experiment_A1/calibration/priority_scan/44/eval_300_6.npz,4,0.8906374,0.9162339,-0.26711193,2.6148398
priority,competitive,44,600,4,runs/experiment_A/priority_competitive/44/eval_600_4.npz,0,2.324692,1.8838872,0.104847,6.001849
priority,competitive,44,600,4,runs/experiment_A/priority_competitive/44/eval_600_4.npz,1,2.264116,1.886555,-0.026527379,5.952021
priority,competitive,44,600,4,runs/experiment_A/priority_competitive/44/eval_600_4.npz,2,2.2646303,1.8157973,0.061819483,5.7840853
priority,scan,44,600,4,runs/experiment_A1/calibration/priority_scan/44/eval_600_4.npz,0,3.4427886,2.5535119,-0.0049439906,8.046035
priority,scan,44,600,4,runs/experiment_A1/calibration/priority_scan/44/eval_600_4.npz,1,3.0851903,2.6250565,-0.11954029,8.183841
priority,scan,44,600,4,runs/experiment_A1/calibration/priority_scan/44/eval_600_4.npz,2,2.4028482,2.0157776,-0.039914034,6.4352903
priority,competitive,44,600,6,runs/experiment_A/priority_competitive/44/eval_600_6.npz,0,1.6437254,1.4694918,-0.0340814,4.464554
priority,competitive,44,600,6,runs/experiment_A/priority_competitive/44/eval_600_6.npz,1,1.6742355,1.4403101,-0.005724287,4.6306562
priority,competitive,44,600,6,runs/experiment_A/priority_competitive/44/eval_600_6.npz,2,1.5509336,1.4193976,-0.05656311,4.1631536
priority,competitive,44,600,6,runs/experiment_A/priority_competitive/44/eval_600_6.npz,3,1.6057796,1.4352957,-0.0801138,4.383842
priority,competitive,44,600,6,runs/experiment_A/priority_competitive/44/eval_600_6.npz,4,1.6106095,1.4559618,-0.11481361,4.2951107
priority,scan,44,600,6,runs/experiment_A1/calibration/priority_scan/44/eval_600_6.npz,0,2.4524255,2.0109403,-0.18047068,6.3172727
priority,scan,44,600,6,runs/experiment_A1/calibration/priority_scan/44/eval_600_6.npz,1,2.3995373,1.992811,-0.1847551,6.1702194
priority,scan,44,600,6,runs/experiment_A1/calibration/priority_scan/44/eval_600_6.npz,2,2.0436122,1.9655381,-0.28405064,5.8674717
priority,scan,44,600,6,runs/experiment_A1/calibration/priority_scan/44/eval_600_6.npz,3,1.9224193,1.7941698,-0.18669231,5.49921
priority,scan,44,600,6,runs/experiment_A1/calibration/priority_scan/44/eval_600_6.npz,4,1.5149989,1.3795685,-0.18398719,4.292881
priority,competitive,44,900,4,runs/experiment_A/priority_competitive/44/eval_900_4.npz,0,3.0454783,2.4391127,0.11899088,7.755066
priority,competitive,44,900,4,runs/experiment_A/priority_competitive/44/eval_900_4.npz,1,2.9816535,2.441459,0.12601495,7.7656603
priority,competitive,44,900,4,runs/experiment_A/priority_competitive/44/eval_900_4.npz,2,2.911643,2.3464036,0.15014155,7.537057
priority,scan,44,900,4,runs/experiment_A1/calibration/priority_scan/44/eval_900_4.npz,0,3.3299932,1.8569554,-0.05326813,6.1695333
priority,scan,44,900,4,runs/experiment_A1/calibration/priority_scan/44/eval_900_4.npz,1,3.457333,2.1252222,0.013811958,6.7534914
priority,scan,44,900,4,runs/experiment_A1/calibration/priority_scan/44/eval_900_4.npz,2,2.72572,1.6767488,0.056257844,5.4105425
priority,competitive,44,900,6,runs/experiment_A/priority_competitive/44/eval_900_6.npz,0,2.1746678,1.897696,0.09237796,5.8808446
priority,competitive,44,900,6,runs/experiment_A/priority_competitive/44/eval_900_6.npz,1,2.1930203,1.8592736,0.063845515,6.0470915
priority,competitive,44,900,6,runs/experiment_A/priority_competitive/44/eval_900_6.npz,2,2.0270426,1.8369331,0.06270082,5.4437346
priority,competitive,44,900,6,runs/experiment_A/priority_competitive/44/eval_900_6.npz,3,2.0804074,1.8364953,0.014992225,5.639995
priority,competitive,44,900,6,runs/experiment_A/priority_competitive/44/eval_900_6.npz,4,2.1112227,1.8771902,0.06353843,5.644549
priority,scan,44,900,6,runs/experiment_A1/calibration/priority_scan/44/eval_900_6.npz,0,2.2187448,1.558248,-0.18734762,4.853585
priority,scan,44,900,6,runs/experiment_A1/calibration/priority_scan/44/eval_900_6.npz,1,2.6359541,1.7175403,-0.23803134,5.1955113
priority,scan,44,900,6,runs/experiment_A1/calibration/priority_scan/44/eval_900_6.npz,2,2.383821,1.7997131,-0.38579702,5.3542614
priority,scan,44,900,6,runs/experiment_A1/calibration/priority_scan/44/eval_900_6.npz,3,2.176765,1.5806307,-0.27349806,4.8022256
priority,scan,44,900,6,runs/experiment_A1/calibration/priority_scan/44/eval_900_6.npz,4,1.5047352,1.2302125,-0.26749706,3.628878
position,competitive,11,300,4,runs/experiment_A/position_competitive/11/eval_300_4.npz,0,0.22709295,0.18547076,-0.005109278,0.5893338
position,competitive,11,300,4,runs/experiment_A/position_competitive/11/eval_300_4.npz,1,0.32417956,0.2421848,-0.007699886,0.7617649
position,competitive,11,300,4,runs/experiment_A/position_competitive/11/eval_300_4.npz,2,0.21210192,0.17256185,-0.0022390424,0.5476668
position,scan,11,300,4,runs/experiment_A1/calibration/position_scan/11/eval_300_4.npz,0,0.25533527,0.17309801,-0.011466278,0.5409062
position,scan,11,300,4,runs/experiment_A1/calibration/position_scan/11/eval_300_4.npz,1,0.26953653,0.18039882,-0.004923022,0.5546625
position,scan,11,300,4,runs/experiment_A1/calibration/position_scan/11/eval_300_4.npz,2,0.19107273,0.14191404,-0.0046956865,0.46125627
position,competitive,11,300,6,runs/experiment_A/position_competitive/11/eval_300_6.npz,0,0.109094724,0.110164575,-0.017604312,0.3261911
position,competitive,11,300,6,runs/experiment_A/position_competitive/11/eval_300_6.npz,1,0.2023395,0.175625,-0.024958275,0.5487883
position,competitive,11,300,6,runs/experiment_A/position_competitive/11/eval_300_6.npz,2,0.22904846,0.20246452,-0.032395788,0.6134791
position,competitive,11,300,6,runs/experiment_A/position_competitive/11/eval_300_6.npz,3,0.1932331,0.17316917,-0.02349019,0.5240584
position,competitive,11,300,6,runs/experiment_A/position_competitive/11/eval_300_6.npz,4,0.10310504,0.10303022,-0.008371639,0.30490848
position,scan,11,300,6,runs/experiment_A1/calibration/position_scan/11/eval_300_6.npz,0,0.1506649,0.12542525,-0.025842935,0.37796283
position,scan,11,300,6,runs/experiment_A1/calibration/position_scan/11/eval_300_6.npz,1,0.19087565,0.152877,-0.03751883,0.462139
position,scan,11,300,6,runs/experiment_A1/calibration/position_scan/11/eval_300_6.npz,2,0.18356249,0.14691156,-0.02583843,0.4463425
position,scan,11,300,6,runs/experiment_A1/calibration/position_scan/11/eval_300_6.npz,3,0.15112609,0.12550896,-0.021825835,0.3898247
position,scan,11,300,6,runs/experiment_A1/calibration/position_scan/11/eval_300_6.npz,4,0.095349476,0.082566276,-0.012774253,0.24687256
position,competitive,11,600,4,runs/experiment_A/position_competitive/11/eval_600_4.npz,0,0.22970375,0.17022417,0.008330422,0.5436971
position,competitive,11,600,4,runs/experiment_A/position_competitive/11/eval_600_4.npz,1,0.33517218,0.21615091,0.02101614,0.6775428
position,competitive,11,600,4,runs/experiment_A/position_competitive/11/eval_600_4.npz,2,0.230477,0.16859187,0.0096421335,0.54698324
position,scan,11,600,4,runs/experiment_A1/calibration/position_scan/11/eval_600_4.npz,0,0.2726978,0.14544049,0.0071606576,0.48154956
position,scan,11,600,4,runs/experiment_A1/calibration/position_scan/11/eval_600_4.npz,1,0.2611873,0.1464032,0.003429982,0.4862322
position,scan,11,600,4,runs/experiment_A1/calibration/position_scan/11/eval_600_4.npz,2,0.22480226,0.12058218,0.0155609995,0.4015442
position,competitive,11,600,6,runs/experiment_A/position_competitive/11/eval_600_6.npz,0,0.10756324,0.097518355,-0.002728417,0.2989989
position,competitive,11,600,6,runs/experiment_A/position_competitive/11/eval_600_6.npz,1,0.20430587,0.15398754,-0.0012371235,0.4949845
position,competitive,11,600,6,runs/experiment_A/position_competitive/11/eval_600_6.npz,2,0.23224354,0.18027101,-0.01128876,0.561406
position,competitive,11,600,6,runs/experiment_A/position_competitive/11/eval_600_6.npz,3,0.20081833,0.16093852,-0.0095229475,0.50662214
position,competitive,11,600,6,runs/experiment_A/position_competitive/11/eval_600_6.npz,4,0.110250294,0.09716848,-0.0012768686,0.30919006
position,scan,11,600,6,runs/experiment_A1/calibration/position_scan/11/eval_600_6.npz,0,0.16490345,0.11285898,-0.008331522,0.34579962
position,scan,11,600,6,runs/experiment_A1/calibration/position_scan/11/eval_600_6.npz,1,0.2037088,0.12606253,-0.0019463033,0.402385
position,scan,11,600,6,runs/experiment_A1/calibration/position_scan/11/eval_600_6.npz,2,0.17612615,0.12027633,-0.019306203,0.3758248
position,scan,11,600,6,runs/experiment_A1/calibration/position_scan/11/eval_600_6.npz,3,0.16436312,0.107409075,-0.012491214,0.33601472
position,scan,11,600,6,runs/experiment_A1/calibration/position_scan/11/eval_600_6.npz,4,0.117011055,0.08065881,-0.004437593,0.25750172
position,competitive,11,900,4,runs/experiment_A/position_competitive/11/eval_900_4.npz,0,0.30211765,0.15323068,0.022379903,0.53119695
position,competitive,11,900,4,runs/experiment_A/position_competitive/11/eval_900_4.npz,1,0.2711799,0.1622498,-0.0040155114,0.5326912
position,competitive,11,900,4,runs/experiment_A/position_competitive/11/eval_900_4.npz,2,0.24465297,0.12445798,0.027999226,0.4419467
position,scan,11,900,4,runs/experiment_A1/calibration/position_scan/11/eval_900_4.npz,0,0.2817234,0.122544296,0.019643806,0.44488692
position,scan,11,900,4,runs/experiment_A1/calibration/position_scan/11/eval_900_4.npz,1,0.2508185,0.12294406,0.00083838706,0.4136978
position,scan,11,900,4,runs/experiment_A1/calibration/position_scan/11/eval_900_4.npz,2,0.23711106,0.11311293,0.011434135,0.39483798
position,competitive,11,900,6,runs/experiment_A/position_competitive/11/eval_900_6.npz,0,0.16678558,0.11286719,-0.002297451,0.3613555
position,competitive,11,900,6,runs/experiment_A/position_competitive/11/eval_900_6.npz,1,0.22899407,0.14670086,0.0035412922,0.48241282
position,competitive,11,900,6,runs/experiment_A/position_competitive/11/eval_900_6.npz,2,0.18565886,0.14082615,-0.017512012,0.43253174
position,competitive,11,900,6,runs/experiment_A/position_competitive/11/eval_900_6.npz,3,0.1729534,0.124833964,-0.024560522,0.3834236
position,competitive,11,900,6,runs/experiment_A/position_competitive/11/eval_900_6.npz,4,0.1369776,0.09351792,-0.0050545544,0.29825276
position,scan,11,900,6,runs/experiment_A1/calibration/position_scan/11/eval_900_6.npz,0,0.18419139,0.10696319,-0.010804793,0.3295551
position,scan,11,900,6,runs/experiment_A1/calibration/position_scan/11/eval_900_6.npz,1,0.19295183,0.10151324,0.0026295125,0.3448011
position,scan,11,900,6,runs/experiment_A1/calibration/position_scan/11/eval_900_6.npz,2,0.17159438,0.09802818,-0.00910041,0.332951
position,scan,11,900,6,runs/experiment_A1/calibration/position_scan/11/eval_900_6.npz,3,0.16094083,0.09821363,-0.026889507,0.30710062
position,scan,11,900,6,runs/experiment_A1/calibration/position_scan/11/eval_900_6.npz,4,0.13253358,0.08432015,-0.024707273,0.254444
position,competitive,22,300,4,runs/experiment_A/position_competitive/22/eval_300_4.npz,0,0.17643934,0.1594553,-0.0022778683,0.49155235
position,competitive,22,300,4,runs/experiment_A/position_competitive/22/eval_300_4.npz,1,0.31541032,0.23647875,-0.0060635554,0.73484623
position,competitive,22,300,4,runs/experiment_A/position_competitive/22/eval_300_4.npz,2,0.26762843,0.20552231,-0.008084494,0.6810264
position,scan,22,300,4,runs/experiment_A1/calibration/position_scan/22/eval_300_4.npz,0,0.22405972,0.15798715,-0.008287112,0.49901524
position,scan,22,300,4,runs/experiment_A1/calibration/position_scan/22/eval_300_4.npz,1,0.26375598,0.17731552,-0.02269184,0.54547787
position,scan,22,300,4,runs/experiment_A1/calibration/position_scan/22/eval_300_4.npz,2,0.2140882,0.14870664,-0.016809184,0.46282706
position,competitive,22,300,6,runs/experiment_A/position_competitive/22/eval_300_6.npz,0,0.07880169,0.08625214,-0.00662493,0.25182378
position,competitive,22,300,6,runs/experiment_A/position_competitive/22/eval_300_6.npz,1,0.16510227,0.15302601,-0.017914314,0.46943194
position,competitive,22,300,6,runs/experiment_A/position_competitive/22/eval_300_6.npz,2,0.22253484,0.19477008,-0.023816107,0.58627474
position,competitive,22,300,6,runs/experiment_A/position_competitive/22/eval_300_6.npz,3,0.22272673,0.19464552,-0.027165994,0.59424186
position,competitive,22,300,6,runs/experiment_A/position_competitive/22/eval_300_6.npz,4,0.14323935,0.13662668,-0.0120344935,0.4195966
position,scan,22,300,6,runs/experiment_A1/calibration/position_scan/22/eval_300_6.npz,0,0.1312336,0.10791867,-0.022495527,0.3290738
position,scan,22,300,6,runs/experiment_A1/calibration/position_scan/22/eval_300_6.npz,1,0.17165485,0.1376229,-0.03444996,0.42199418
position,scan,22,300,6,runs/experiment_A1/calibration/position_scan/22/eval_300_6.npz,2,0.17592007,0.14627174,-0.041495375,0.4302946
position,scan,22,300,6,runs/experiment_A1/calibration/position_scan/22/eval_300_6.npz,3,0.16147336,0.13937688,-0.046412274,0.40879264
position,scan,22,300,6,runs/experiment_A1/calibration/position_scan/22/eval_300_6.npz,4,0.11620331,0.09874854,-0.022442345,0.29239947
position,competitive,22,600,4,runs/experiment_A/position_competitive/22/eval_600_4.npz,0,0.24575138,0.17800272,0.0067442567,0.5601085
position,competitive,22,600,4,runs/experiment_A/position_competitive/22/eval_600_4.npz,1,0.33637697,0.22180551,-0.0044993637,0.68394005
position,competitive,22,600,4,runs/experiment_A/position_competitive/22/eval_600_4.npz,2,0.20731634,0.15937084,0.0020344616,0.507594
position,scan,22,600,4,runs/experiment_A1/calibration/position_scan/22/eval_600_4.npz,0,0.2690418,0.13576998,0.008324939,0.46100998
position,scan,22,600,4,runs/experiment_A1/calibration/position_scan/22/eval_600_4.npz,1,0.23611961,0.137635,-0.018753508,0.44845518
position,scan,22,600,4,runs/experiment_A1/calibration/position_scan/22/eval_600_4.npz,2,0.24746203,0.12870511,-0.0013771057,0.4195055
position,competitive,22,600,6,runs/experiment_A/position_competitive/22/eval_600_6.npz,0,0.120271966,0.10640845,-0.0057055056,0.33728015
position,competitive,22,600,6,runs/experiment_A/position_competitive/22/eval_600_6.npz,1,0.21638718,0.16472185,-0.006892034,0.53306884
position,competitive,22,600,6,runs/experiment_A/position_competitive/22/eval_600_6.npz,2,0.2333791,0.18027961,-0.015980741,0.5581782
position,competitive,22,600,6,runs/experiment_A/position_competitive/22/eval_600_6.npz,3,0.18719497,0.15344712,-0.01183154,0.47113168
position,competitive,22,600,6,runs/experiment_A/position_competitive/22/eval_600_6.npz,4,0.09482168,0.0859338,-0.004060629,0.26363796
position,scan,22,600,6,runs/experiment_A1/calibration/position_scan/22/eval_600_6.npz,0,0.17569885,0.114292175,-0.017691504,0.35066777
position,scan,22,600,6,runs/experiment_A1/calibration/position_scan/22/eval_600_6.npz,1,0.18426129,0.11936978,-0.019672487,0.36994582
position,scan,22,600,6,runs/experiment_A1/calibration/position_scan/22/eval_600_6.npz,2,0.15902719,0.11793348,-0.02773326,0.35245162
position,scan,22,600,6,runs/experiment_A1/calibration/position_scan/22/eval_600_6.npz,3,0.17769612,0.12011589,-0.030350884,0.36727387
position,scan,22,600,6,runs/experiment_A1/calibration/position_scan/22/eval_600_6.npz,4,0.1293441,0.09284444,-0.013824632,0.28188115
position,competitive,22,900,4,runs/experiment_A/position_competitive/22/eval_900_4.npz,0,0.30124286,0.16347222,0.024097547,0.5515494
position,competitive,22,900,4,runs/experiment_A/position_competitive/22/eval_900_4.npz,1,0.3057853,0.17693324,0.003169036,0.57763064
position,competitive,22,900,4,runs/experiment_A/position_competitive/22/eval_900_4.npz,2,0.24054278,0.1317076,0.01713574,0.43880925
position,scan,22,900,4,runs/experiment_A1/calibration/position_scan/22/eval_900_4.npz,0,0.28998053,0.12348104,0.032902926,0.44970062
position,scan,22,900,4,runs/experiment_A1/calibration/position_scan/22/eval_900_4.npz,1,0.2637515,0.12441414,0.019740779,0.44732395
position,scan,22,900,4,runs/experiment_A1/calibration/position_scan/22/eval_900_4.npz,2,0.26207006,0.10691135,0.031997245,0.41233772
position,competitive,22,900,6,runs/experiment_A/position_competitive/22/eval_900_6.npz,0,0.1618239,0.11791526,-0.004612809,0.37284395
position,competitive,22,900,6,runs/experiment_A/position_competitive/22/eval_900_6.npz,1,0.22949421,0.1495737,-0.010400882,0.47533286
position,competitive,22,900,6,runs/experiment_A/position_competitive/22/eval_900_6.npz,2,0.21662205,0.15403414,-0.0078841895,0.4886684
position,competitive,22,900,6,runs/experiment_A/position_competitive/22/eval_900_6.npz,3,0.20028225,0.1319698,-0.0015991091,0.41693172
position,competitive,22,900,6,runs/experiment_A/position_competitive/22/eval_900_6.npz,4,0.10376494,0.08775297,-0.0030176193,0.26559803
position,scan,22,900,6,runs/experiment_A1/calibration/position_scan/22/eval_900_6.npz,0,0.1799809,0.10571223,-0.015214151,0.32941866
position,scan,22,900,6,runs/experiment_A1/calibration/position_scan/22/eval_900_6.npz,1,0.20563003,0.112166815,0.00035586208,0.3704868
position,scan,22,900,6,runs/experiment_A1/calibration/position_scan/22/eval_900_6.npz,2,0.17855519,0.10484673,0.0005294055,0.34449232
position,scan,22,900,6,runs/experiment_A1/calibration/position_scan/22/eval_900_6.npz,3,0.1877172,0.100809656,-0.0024269074,0.3299288
position,scan,22,900,6,runs/experiment_A1/calibration/position_scan/22/eval_900_6.npz,4,0.12558347,0.0770837,-0.0037976473,0.24750221
position,competitive,33,300,4,runs/experiment_A/position_competitive/33/eval_300_4.npz,0,0.20530897,0.17462236,-0.006424631,0.5421943
position,competitive,33,300,4,runs/experiment_A/position_competitive/33/eval_300_4.npz,1,0.32213974,0.24066925,-0.021577522,0.75502115
position,competitive,33,300,4,runs/experiment_A/position_competitive/33/eval_300_4.npz,2,0.22954935,0.19078034,-0.017402586,0.59683883
position,scan,33,300,4,runs/experiment_A1/calibration/position_scan/33/eval_300_4.npz,0,0.21693273,0.15349941,-0.00203866,0.49242166
position,scan,33,300,4,runs/experiment_A1/calibration/position_scan/33/eval_300_4.npz,1,0.2613073,0.17973992,-0.033184417,0.54799896
position,scan,33,300,4,runs/experiment_A1/calibration/position_scan/33/eval_300_4.npz,2,0.2246363,0.15821888,-0.02046147,0.49661282
position,competitive,33,300,6,runs/experiment_A/position_competitive/33/eval_300_6.npz,0,0.09341766,0.09790917,-0.0128079,0.30620942
position,competitive,33,300,6,runs/experiment_A/position_competitive/33/eval_300_6.npz,1,0.18596163,0.16484353,-0.019445425,0.5172065
position,competitive,33,300,6,runs/experiment_A/position_competitive/33/eval_300_6.npz,2,0.22636817,0.20005593,-0.034293227,0.61001533
position,competitive,33,300,6,runs/experiment_A/position_competitive/33/eval_300_6.npz,3,0.20482469,0.18313816,-0.036015183,0.552949
position,competitive,33,300,6,runs/experiment_A/position_competitive/33/eval_300_6.npz,4,0.12126784,0.12006534,-0.022065789,0.35437196
position,scan,33,300,6,runs/experiment_A1/calibration/position_scan/33/eval_300_6.npz,0,0.12112014,0.10295112,-0.020050447,0.3178357
position,scan,33,300,6,runs/experiment_A1/calibration/position_scan/33/eval_300_6.npz,1,0.1655516,0.1355429,-0.034141596,0.40051958
position,scan,33,300,6,runs/experiment_A1/calibration/position_scan/33/eval_300_6.npz,2,0.17031711,0.1507133,-0.0571614,0.43357885
position,scan,33,300,6,runs/experiment_A1/calibration/position_scan/33/eval_300_6.npz,3,0.17396466,0.14167348,-0.03924503,0.41884753
position,scan,33,300,6,runs/experiment_A1/calibration/position_scan/33/eval_300_6.npz,4,0.1272414,0.108173124,-0.027932847,0.32420272
position,competitive,33,600,4,runs/experiment_A/position_competitive/33/eval_600_4.npz,0,0.23840943,0.18440828,0.0064456877,0.5791723
position,competitive,33,600,4,runs/experiment_A/position_competitive/33/eval_600_4.npz,1,0.334731,0.23895735,0.00917202,0.74366945
position,competitive,33,600,4,runs/experiment_A/position_competitive/33/eval_600_4.npz,2,0.20547885,0.16150543,0.009988737,0.5115918
position,scan,33,600,4,runs/experiment_A1/calibration/position_scan/33/eval_600_4.npz,0,0.27886742,0.13738285,0.016274877,0.46591482
position,scan,33,600,4,runs/experiment_A1/calibration/position_scan/33/eval_600_4.npz,1,0.22173841,0.12602237,0.0035856576,0.4220422
position,scan,33,600,4,runs/experiment_A1/calibration/position_scan/33/eval_600_4.npz,2,0.23595983,0.119058244,0.005308351,0.39386404
position,competitive,33,600,6,runs/experiment_A/position_competitive/33/eval_600_6.npz,0,0.112549484,0.10560055,-0.0031825015,0.32720497
position,competitive,33,600,6,runs/experiment_A/position_competitive/33/eval_600_6.npz,1,0.21049634,0.16944286,-0.0021948398,0.5413029
position,competitive,33,600,6,runs/experiment_A/position_competitive/33/eval_600_6.npz,2,0.24232164,0.19405805,-0.0029427856,0.5975568
position,competitive,33,600,6,runs/experiment_A/position_competitive/33/eval_600_6.npz,3,0.18666056,0.16102274,-0.0031931936,0.5003726
position,competitive,33,600,6,runs/experiment_A/position_competitive/33/eval_600_6.npz,4,0.095152,0.089735396,-0.0028017312,0.2820002
position,scan,33,600,6,runs/experiment_A1/calibration/position_scan/33/eval_600_6.npz,0,0.18454477,0.118036196,-0.015231216,0.36134773
position,scan,33,600,6,runs/experiment_A1/calibration/position_scan/33/eval_600_6.npz,1,0.18269268,0.12098591,-0.0137450965,0.38771096
position,scan,33,600,6,runs/experiment_A1/calibration/position_scan/33/eval_600_6.npz,2,0.14896062,0.108468816,-0.017690718,0.33477777
position,scan,33,600,6,runs/experiment_A1/calibration/position_scan/33/eval_600_6.npz,3,0.16005063,0.10387445,-0.02189066,0.32309842
position,scan,33,600,6,runs/experiment_A1/calibration/position_scan/33/eval_600_6.npz,4,0.13861181,0.08964681,-0.009092664,0.27626693
position,competitive,33,900,4,runs/experiment_A/position_competitive/33/eval_900_4.npz,0,0.2726888,0.16191372,0.017679937,0.5494876
position,competitive,33,900,4,runs/experiment_A/position_competitive/33/eval_900_4.npz,1,0.3118447,0.19110979,0.008693701,0.61977875
position,competitive,33,900,4,runs/experiment_A/position_competitive/33/eval_900_4.npz,2,0.2319124,0.14560145,0.015482485,0.48216695
position,scan,33,900,4,runs/experiment_A1/calibration/position_scan/33/eval_900_4.npz,0,0.30915982,0.1294366,0.026805937,0.460283
position,scan,33,900,4,runs/experiment_A1/calibration/position_scan/33/eval_900_4.npz,1,0.24767315,0.111159325,0.022837738,0.4156413
position,scan,33,900,4,runs/experiment_A1/calibration/position_scan/33/eval_900_4.npz,2,0.23093972,0.09677272,0.021444583,0.36869398
position,competitive,33,900,6,runs/experiment_A/position_competitive/33/eval_900_6.npz,0,0.14658064,0.1044394,0.010996082,0.33774137
position,competitive,33,900,6,runs/experiment_A/position_competitive/33/eval_900_6.npz,1,0.21381037,0.14981718,0.011036585,0.48293602
position,competitive,33,900,6,runs/experiment_A/position_competitive/33/eval_900_6.npz,2,0.21073064,0.15626314,-0.002289115,0.48877326
position,competitive,33,900,6,runs/experiment_A/position_competitive/33/eval_900_6.npz,3,0.18957159,0.13884845,-0.002736178,0.43641904
position,competitive,33,900,6,runs/experiment_A/position_competitive/33/eval_900_6.npz,4,0.115771025,0.089378074,0.0013802141,0.28415665
position,scan,33,900,6,runs/experiment_A1/calibration/position_scan/33/eval_900_6.npz,0,0.20328839,0.111094356,0.009949071,0.3580517
position,scan,33,900,6,runs/experiment_A1/calibration/position_scan/33/eval_900_6.npz,1,0.20786008,0.11143599,0.0024069846,0.36905813
position,scan,33,900,6,runs/experiment_A1/calibration/position_scan/33/eval_900_6.npz,2,0.1638649,0.09354161,-0.0059403153,0.30951056
position,scan,33,900,6,runs/experiment_A1/calibration/position_scan/33/eval_900_6.npz,3,0.16325817,0.08584209,0.0019966662,0.2953365
position,scan,33,900,6,runs/experiment_A1/calibration/position_scan/33/eval_900_6.npz,4,0.122214206,0.07102942,-0.0031875074,0.23662263
position,competitive,44,300,4,runs/experiment_A/position_competitive/44/eval_300_4.npz,0,0.23037915,0.19483075,-0.0101831015,0.601209
position,competitive,44,300,4,runs/experiment_A/position_competitive/44/eval_300_4.npz,1,0.32818878,0.24822971,-0.017202321,0.77431446
position,competitive,44,300,4,runs/experiment_A/position_competitive/44/eval_300_4.npz,2,0.21129209,0.18214934,-0.0127029065,0.56606925
position,scan,44,300,4,runs/experiment_A1/calibration/position_scan/44/eval_300_4.npz,0,0.24556586,0.17195016,-0.019092636,0.5465971
position,scan,44,300,4,runs/experiment_A1/calibration/position_scan/44/eval_300_4.npz,1,0.27143645,0.18804981,-0.039630454,0.5529023
position,scan,44,300,4,runs/experiment_A1/calibration/position_scan/44/eval_300_4.npz,2,0.19511297,0.14833573,-0.02558225,0.46364945
position,competitive,44,300,6,runs/experiment_A/position_competitive/44/eval_300_6.npz,0,0.11009519,0.11270307,-0.011037389,0.3386881
position,competitive,44,300,6,runs/experiment_A/position_competitive/44/eval_300_6.npz,1,0.200543,0.17302577,-0.008311881,0.53520393
position,competitive,44,300,6,runs/experiment_A/position_competitive/44/eval_300_6.npz,2,0.23635077,0.20362742,-0.034864653,0.6201248
position,competitive,44,300,6,runs/experiment_A/position_competitive/44/eval_300_6.npz,3,0.19100332,0.17893313,-0.03178556,0.53951186
position,competitive,44,300,6,runs/experiment_A/position_competitive/44/eval_300_6.npz,4,0.10318467,0.106135145,-0.018239632,0.3071983
position,scan,44,300,6,runs/experiment_A1/calibration/position_scan/44/eval_300_6.npz,0,0.1431809,0.123102345,-0.028819775,0.36947054
position,scan,44,300,6,runs/experiment_A1/calibration/position_scan/44/eval_300_6.npz,1,0.1842209,0.14791398,-0.03127897,0.45112324
position,scan,44,300,6,runs/experiment_A1/calibration/position_scan/44/eval_300_6.npz,2,0.18904874,0.15328227,-0.030232865,0.4571017
position,scan,44,300,6,runs/experiment_A1/calibration/position_scan/44/eval_300_6.npz,3,0.15247831,0.13475361,-0.03341916,0.38932204
position,scan,44,300,6,runs/experiment_A1/calibration/position_scan/44/eval_300_6.npz,4,0.09969321,0.087632515,-0.022698676,0.25448546
position,competitive,44,600,4,runs/experiment_A/position_competitive/44/eval_600_4.npz,0,0.22139615,0.17775537,0.003201045,0.5456183
position,competitive,44,600,4,runs/experiment_A/position_competitive/44/eval_600_4.npz,1,0.33748826,0.2463203,-0.0111809075,0.76424044
position,competitive,44,600,4,runs/experiment_A/position_competitive/44/eval_600_4.npz,2,0.2222971,0.17559904,-0.003296274,0.5544852
position,scan,44,600,4,runs/experiment_A1/calibration/position_scan/44/eval_600_4.npz,0,0.26382858,0.1412675,-0.0029118776,0.4649232
position,scan,44,600,4,runs/experiment_A1/calibration/position_scan/44/eval_600_4.npz,1,0.25201842,0.14987417,-0.028625976,0.47286513
position,scan,44,600,4,runs/experiment_A1/calibration/position_scan/44/eval_600_4.npz,2,0.22895026,0.1317957,-0.009832022,0.42703032
position,competitive,44,600,6,runs/experiment_A/position_competitive/44/eval_600_6.npz,0,0.100913316,0.09733035,-0.0046276995,0.30104572
position,competitive,44,600,6,runs/experiment_A/position_competitive/44/eval_600_6.npz,1,0.20277807,0.16621031,-0.007907243,0.5276656
position,competitive,44,600,6,runs/experiment_A/position_competitive/44/eval_600_6.npz,2,0.23906627,0.20004302,-0.02238182,0.6047957
position,competitive,44,600,6,runs/experiment_A/position_competitive/44/eval_600_6.npz,3,0.20292953,0.17442891,-0.0172026,0.54870874
position,competitive,44,600,6,runs/experiment_A/position_competitive/44/eval_600_6.npz,4,0.10396208,0.101027235,-0.010689142,0.30736426
position,scan,44,600,6,runs/experiment_A1/calibration/position_scan/44/eval_600_6.npz,0,0.16645837,0.11530711,-0.022621574,0.34635985
position,scan,44,600,6,runs/experiment_A1/calibration/position_scan/44/eval_600_6.npz,1,0.18685627,0.12602042,-0.023295883,0.38608518
position,scan,44,600,6,runs/experiment_A1/calibration/position_scan/44/eval_600_6.npz,2,0.16998638,0.13114634,-0.053965904,0.38116327
position,scan,44,600,6,runs/experiment_A1/calibration/position_scan/44/eval_600_6.npz,3,0.18049501,0.122571096,-0.029647276,0.38172188
position,scan,44,600,6,runs/experiment_A1/calibration/position_scan/44/eval_600_6.npz,4,0.111520916,0.085922115,-0.013814047,0.25639215
position,competitive,44,900,4,runs/experiment_A/position_competitive/44/eval_900_4.npz,0,0.2705779,0.15975893,0.020168437,0.5343642
position,competitive,44,900,4,runs/experiment_A/position_competitive/44/eval_900_4.npz,1,0.28755942,0.19498056,0.0022149056,0.61788976
position,competitive,44,900,4,runs/experiment_A/position_competitive/44/eval_900_4.npz,2,0.26757392,0.16080181,0.01811856,0.51797354
position,scan,44,900,4,runs/experiment_A1/calibration/position_scan/44/eval_900_4.npz,0,0.2711802,0.1216969,0.02182895,0.43644562
position,scan,44,900,4,runs/experiment_A1/calibration/position_scan/44/eval_900_4.npz,1,0.2647674,0.118944764,0.016196778,0.4382072
position,scan,44,900,4,runs/experiment_A1/calibration/position_scan/44/eval_900_4.npz,2,0.2457605,0.11282424,0.026022622,0.41065794
position,competitive,44,900,6,runs/experiment_A/position_competitive/44/eval_900_6.npz,0,0.15627038,0.10942469,0.0011393167,0.34970334
position,competitive,44,900,6,runs/experiment_A/position_competitive/44/eval_900_6.npz,1,0.1948898,0.14513235,-0.010585466,0.4570906
position,competitive,44,900,6,runs/experiment_A/position_competitive/44/eval_900_6.npz,2,0.18858036,0.15821154,-0.0109877065,0.49719885
position,competitive,44,900,6,runs/experiment_A/position_competitive/44/eval_900_6.npz,3,0.21488182,0.15630881,-0.010468354,0.49257267
position,competitive,44,900,6,runs/experiment_A/position_competitive/44/eval_900_6.npz,4,0.13364798,0.109006144,-0.0021022796,0.33808067
position,scan,44,900,6,runs/experiment_A1/calibration/position_scan/44/eval_900_6.npz,0,0.17905495,0.10375132,0.0006614998,0.3204593
position,scan,44,900,6,runs/experiment_A1/calibration/position_scan/44/eval_900_6.npz,1,0.19095096,0.10145684,0.005193101,0.33907598
position,scan,44,900,6,runs/experiment_A1/calibration/position_scan/44/eval_900_6.npz,2,0.17895228,0.10066105,-0.008788583,0.3307142
position,scan,44,900,6,runs/experiment_A1/calibration/position_scan/44/eval_900_6.npz,3,0.18632956,0.097678185,-0.0029316545,0.32582498
position,scan,44,900,6,runs/experiment_A1/calibration/position_scan/44/eval_900_6.npz,4,0.11988072,0.07408438,0.00081457495,0.23433599
phase,competitive,11,300,4,runs/experiment_A1/calibration/phase_competitive/11/eval_300_4.npz,0,0.11429491,0.08245802,0.009171346,0.2718927
phase,competitive,11,300,4,runs/experiment_A1/calibration/phase_competitive/11/eval_300_4.npz,1,0.1019753,0.08400858,0.008336681,0.2707893
phase,competitive,11,300,4,runs/experiment_A1/calibration/phase_competitive/11/eval_300_4.npz,2,0.09745048,0.0695307,0.008741767,0.22631232
phase,scan,11,300,4,runs/experiment_A1/calibration/phase_scan/11/eval_300_4.npz,0,0.26059362,0.14116816,0.032971807,0.46824482
phase,scan,11,300,4,runs/experiment_A1/calibration/phase_scan/11/eval_300_4.npz,1,0.22690977,0.1470446,0.015333617,0.46826142
phase,scan,11,300,4,runs/experiment_A1/calibration/phase_scan/11/eval_300_4.npz,2,0.1732367,0.11633559,0.012749571,0.3939866
phase,competitive,11,300,6,runs/experiment_A1/calibration/phase_competitive/11/eval_300_6.npz,0,0.081858635,0.06318198,0.0062744096,0.20489481
phase,competitive,11,300,6,runs/experiment_A1/calibration/phase_competitive/11/eval_300_6.npz,1,0.08134425,0.065926686,0.0051852567,0.21432084
phase,competitive,11,300,6,runs/experiment_A1/calibration/phase_competitive/11/eval_300_6.npz,2,0.06842065,0.063105054,0.0037496714,0.18965563
phase,competitive,11,300,6,runs/experiment_A1/calibration/phase_competitive/11/eval_300_6.npz,3,0.07330434,0.059277836,0.006010054,0.18984485
phase,competitive,11,300,6,runs/experiment_A1/calibration/phase_competitive/11/eval_300_6.npz,4,0.06511137,0.052742463,0.0041696727,0.16903996
phase,scan,11,300,6,runs/experiment_A1/calibration/phase_scan/11/eval_300_6.npz,0,0.16488141,0.11847198,0.0106968945,0.37157708
phase,scan,11,300,6,runs/experiment_A1/calibration/phase_scan/11/eval_300_6.npz,1,0.20259348,0.13883823,0.012721392,0.4416249
phase,scan,11,300,6,runs/experiment_A1/calibration/phase_scan/11/eval_300_6.npz,2,0.16278109,0.12739284,0.009278846,0.41889727
phase,scan,11,300,6,runs/experiment_A1/calibration/phase_scan/11/eval_300_6.npz,3,0.14495993,0.11510562,0.00961148,0.36322454
phase,scan,11,300,6,runs/experiment_A1/calibration/phase_scan/11/eval_300_6.npz,4,0.10030469,0.08173803,0.0062315115,0.25451866
phase,competitive,11,600,4,runs/experiment_A1/calibration/phase_competitive/11/eval_600_4.npz,0,0.15294927,0.08659202,0.014326505,0.28210327
phase,competitive,11,600,4,runs/experiment_A1/calibration/phase_competitive/11/eval_600_4.npz,1,0.10434416,0.06982133,0.008657435,0.22311303
phase,competitive,11,600,4,runs/experiment_A1/calibration/phase_competitive/11/eval_600_4.npz,2,0.13707973,0.0771918,0.015473619,0.25539237
phase,scan,11,600,4,runs/experiment_A1/calibration/phase_scan/11/eval_600_4.npz,0,0.27642378,0.10990642,0.04895138,0.42814708
phase,scan,11,600,4,runs/experiment_A1/calibration/phase_scan/11/eval_600_4.npz,1,0.24026045,0.108795285,0.039700948,0.42157248
phase,scan,11,600,4,runs/experiment_A1/calibration/phase_scan/11/eval_600_4.npz,2,0.21324869,0.09791628,0.030124074,0.3607143
phase,competitive,11,600,6,runs/experiment_A1/calibration/phase_competitive/11/eval_600_6.npz,0,0.12336242,0.07581603,0.010221065,0.24954098
phase,competitive,11,600,6,runs/experiment_A1/calibration/phase_competitive/11/eval_600_6.npz,1,0.08771768,0.06302786,0.0059581855,0.20358191
phase,competitive,11,600,6,runs/experiment_A1/calibration/phase_competitive/11/eval_600_6.npz,2,0.06772488,0.051122725,0.005167531,0.16126707
phase,competitive,11,600,6,runs/experiment_A1/calibration/phase_competitive/11/eval_600_6.npz,3,0.081398666,0.060446985,0.006119852,0.19501816
phase,competitive,11,600,6,runs/experiment_A1/calibration/phase_competitive/11/eval_600_6.npz,4,0.101827934,0.06565959,0.008938535,0.21142675
phase,scan,11,600,6,runs/experiment_A1/calibration/phase_scan/11/eval_600_6.npz,0,0.16123593,0.0955297,0.011531296,0.30668166
phase,scan,11,600,6,runs/experiment_A1/calibration/phase_scan/11/eval_600_6.npz,1,0.19208139,0.111536235,0.01855658,0.38230005
phase,scan,11,600,6,runs/experiment_A1/calibration/phase_scan/11/eval_600_6.npz,2,0.16859049,0.09426451,0.01578696,0.32738048
phase,scan,11,600,6,runs/experiment_A1/calibration/phase_scan/11/eval_600_6.npz,3,0.15291974,0.091487415,0.015871316,0.3055312
phase,scan,11,600,6,runs/experiment_A1/calibration/phase_scan/11/eval_600_6.npz,4,0.11697226,0.07259326,0.010452857,0.23892047
phase,competitive,11,900,4,runs/experiment_A1/calibration/phase_competitive/11/eval_900_4.npz,0,0.15556458,0.07250961,0.016310658,0.2504435
phase,competitive,11,900,4,runs/experiment_A1/calibration/phase_competitive/11/eval_900_4.npz,1,0.095657,0.05077589,0.011696683,0.18271288
phase,competitive,11,900,4,runs/experiment_A1/calibration/phase_competitive/11/eval_900_4.npz,2,0.14173268,0.06484589,0.022475053,0.23084556
phase,scan,11,900,4,runs/experiment_A1/calibration/phase_scan/11/eval_900_4.npz,0,0.27579635,0.093078464,0.06337847,0.42040804
phase,scan,11,900,4,runs/experiment_A1/calibration/phase_scan/11/eval_900_4.npz,1,0.2482911,0.08469378,0.07268547,0.38261136
phase,scan,11,900,4,runs/experiment_A1/calibration/phase_scan/11/eval_900_4.npz,2,0.21149549,0.08259203,0.047423884,0.3412862
phase,competitive,11,900,6,runs/experiment_A1/calibration/phase_competitive/11/eval_900_6.npz,0,0.12926781,0.071807556,0.013020488,0.2325373
phase,competitive,11,900,6,runs/experiment_A1/calibration/phase_competitive/11/eval_900_6.npz,1,0.08361252,0.05293753,0.008428806,0.18212263
phase,competitive,11,900,6,runs/experiment_A1/calibration/phase_competitive/11/eval_900_6.npz,2,0.062476847,0.03961676,0.0065000895,0.1323437
phase,competitive,11,900,6,runs/experiment_A1/calibration/phase_competitive/11/eval_900_6.npz,3,0.07236956,0.045898847,0.008055993,0.15691811
phase,competitive,11,900,6,runs/experiment_A1/calibration/phase_competitive/11/eval_900_6.npz,4,0.11964798,0.06386073,0.013264558,0.21231973
phase,scan,11,900,6,runs/experiment_A1/calibration/phase_scan/11/eval_900_6.npz,0,0.17151982,0.08354124,0.020214144,0.28567576
phase,scan,11,900,6,runs/experiment_A1/calibration/phase_scan/11/eval_900_6.npz,1,0.17685446,0.08631868,0.030175284,0.31900823
phase,scan,11,900,6,runs/experiment_A1/calibration/phase_scan/11/eval_900_6.npz,2,0.18041062,0.074863605,0.03326331,0.29908803
phase,scan,11,900,6,runs/experiment_A1/calibration/phase_scan/11/eval_900_6.npz,3,0.1519303,0.07472971,0.022626964,0.2742726
phase,scan,11,900,6,runs/experiment_A1/calibration/phase_scan/11/eval_900_6.npz,4,0.11682024,0.06512736,0.013369613,0.22830272
phase,competitive,22,300,4,runs/experiment_A1/calibration/phase_competitive/22/eval_300_4.npz,0,0.10804199,0.08112033,0.006961808,0.26474434
phase,competitive,22,300,4,runs/experiment_A1/calibration/phase_competitive/22/eval_300_4.npz,1,0.11662467,0.08923271,0.0074309628,0.28693157
phase,competitive,22,300,4,runs/experiment_A1/calibration/phase_competitive/22/eval_300_4.npz,2,0.0909033,0.06805491,0.0070198597,0.226549
phase,scan,22,300,4,runs/experiment_A1/calibration/phase_scan/22/eval_300_4.npz,0,0.25308865,0.13867639,0.023986,0.4620379
phase,scan,22,300,4,runs/experiment_A1/calibration/phase_scan/22/eval_300_4.npz,1,0.26196644,0.14964736,0.022032868,0.48186415
phase,scan,22,300,4,runs/experiment_A1/calibration/phase_scan/22/eval_300_4.npz,2,0.17880695,0.12979896,0.013418092,0.41987592
phase,competitive,22,300,6,runs/experiment_A1/calibration/phase_competitive/22/eval_300_6.npz,0,0.06970304,0.0569161,0.0043932493,0.18448107
phase,competitive,22,300,6,runs/experiment_A1/calibration/phase_competitive/22/eval_300_6.npz,1,0.08407321,0.06745735,0.0063626547,0.22308089
phase,competitive,22,300,6,runs/experiment_A1/calibration/phase_competitive/22/eval_300_6.npz,2,0.08040374,0.06865876,0.005760534,0.21218711
phase,competitive,22,300,6,runs/experiment_A1/calibration/phase_competitive/22/eval_300_6.npz,3,0.07426771,0.06167254,0.005255072,0.19803336
phase,competitive,22,300,6,runs/experiment_A1/calibration/phase_competitive/22/eval_300_6.npz,4,0.052518412,0.044974122,0.002940256,0.14563683
phase,scan,22,300,6,runs/experiment_A1/calibration/phase_scan/22/eval_300_6.npz,0,0.15827583,0.1224445,0.008778491,0.39227778
phase,scan,22,300,6,runs/experiment_A1/calibration/phase_scan/22/eval_300_6.npz,1,0.20632026,0.13751778,0.017747657,0.4525845
phase,scan,22,300,6,runs/experiment_A1/calibration/phase_scan/22/eval_300_6.npz,2,0.19758865,0.13443498,0.016429517,0.43613723
phase,scan,22,300,6,runs/experiment_A1/calibration/phase_scan/22/eval_300_6.npz,3,0.17250241,0.12350506,0.014293472,0.39852765
phase,scan,22,300,6,runs/experiment_A1/calibration/phase_scan/22/eval_300_6.npz,4,0.07341358,0.072291374,0.0036455183,0.22233033
phase,competitive,22,600,4,runs/experiment_A1/calibration/phase_competitive/22/eval_600_4.npz,0,0.14478928,0.07868434,0.014983227,0.25759655
phase,competitive,22,600,4,runs/experiment_A1/calibration/phase_competitive/22/eval_600_4.npz,1,0.101266906,0.0702783,0.008179587,0.22724062
phase,competitive,22,600,4,runs/experiment_A1/calibration/phase_competitive/22/eval_600_4.npz,2,0.13339105,0.07870195,0.01088938,0.2597977
phase,scan,22,600,4,runs/experiment_A1/calibration/phase_scan/22/eval_600_4.npz,0,0.2823727,0.10494527,0.0547788,0.4460924
phase,scan,22,600,4,runs/experiment_A1/calibration/phase_scan/22/eval_600_4.npz,1,0.25834647,0.09801872,0.06547289,0.4159488
phase,scan,22,600,4,runs/experiment_A1/calibration/phase_scan/22/eval_600_4.npz,2,0.19332792,0.08925062,0.02574128,0.3472175
phase,competitive,22,600,6,runs/experiment_A1/calibration/phase_competitive/22/eval_600_6.npz,0,0.11424118,0.07300835,0.009407331,0.23240213
phase,competitive,22,600,6,runs/experiment_A1/calibration/phase_competitive/22/eval_600_6.npz,1,0.08552725,0.062272124,0.0046313573,0.20120177
phase,competitive,22,600,6,runs/experiment_A1/calibration/phase_competitive/22/eval_600_6.npz,2,0.06303989,0.049905226,0.004076712,0.15947546
phase,competitive,22,600,6,runs/experiment_A1/calibration/phase_competitive/22/eval_600_6.npz,3,0.0795975,0.057210308,0.005317397,0.18746345
phase,competitive,22,600,6,runs/experiment_A1/calibration/phase_competitive/22/eval_600_6.npz,4,0.102925435,0.06536045,0.010699453,0.21744342
phase,scan,22,600,6,runs/experiment_A1/calibration/phase_scan/22/eval_600_6.npz,0,0.16298275,0.09130925,0.013932276,0.30744782
phase,scan,22,600,6,runs/experiment_A1/calibration/phase_scan/22/eval_600_6.npz,1,0.20336714,0.10636309,0.02397542,0.37293577
phase,scan,22,600,6,runs/experiment_A1/calibration/phase_scan/22/eval_600_6.npz,2,0.18125653,0.08920322,0.028856957,0.3223722
phase,scan,22,600,6,runs/experiment_A1/calibration/phase_scan/22/eval_600_6.npz,3,0.14723642,0.08286135,0.018575525,0.28629246
phase,scan,22,600,6,runs/experiment_A1/calibration/phase_scan/22/eval_600_6.npz,4,0.10358291,0.0628599,0.011370075,0.2080029
phase,competitive,22,900,4,runs/experiment_A1/calibration/phase_competitive/22/eval_900_4.npz,0,0.15001139,0.06384319,0.028917722,0.233422
phase,competitive,22,900,4,runs/experiment_A1/calibration/phase_competitive/22/eval_900_4.npz,1,0.10088202,0.05028271,0.014449154,0.18812676
phase,competitive,22,900,4,runs/experiment_A1/calibration/phase_competitive/22/eval_900_4.npz,2,0.16224283,0.06697913,0.028710952,0.25277808
phase,scan,22,900,4,runs/experiment_A1/calibration/phase_scan/22/eval_900_4.npz,0,0.27592504,0.08870966,0.080773234,0.41554528
phase,scan,22,900,4,runs/experiment_A1/calibration/phase_scan/22/eval_900_4.npz,1,0.27127802,0.092712305,0.06690226,0.4265679
phase,scan,22,900,4,runs/experiment_A1/calibration/phase_scan/22/eval_900_4.npz,2,0.22588977,0.082104325,0.047270097,0.36076513
phase,competitive,22,900,6,runs/experiment_A1/calibration/phase_competitive/22/eval_900_6.npz,0,0.11527629,0.062318977,0.013397465,0.2071054
phase,competitive,22,900,6,runs/experiment_A1/calibration/phase_competitive/22/eval_900_6.npz,1,0.087336056,0.051636733,0.010989321,0.17401588
phase,competitive,22,900,6,runs/experiment_A1/calibration/phase_competitive/22/eval_900_6.npz,2,0.06761107,0.03997018,0.01130041,0.1429234
phase,competitive,22,900,6,runs/experiment_A1/calibration/phase_competitive/22/eval_900_6.npz,3,0.07990163,0.04903916,0.009888199,0.17152219
phase,competitive,22,900,6,runs/experiment_A1/calibration/phase_competitive/22/eval_900_6.npz,4,0.13235843,0.06913607,0.014847407,0.22384186
phase,scan,22,900,6,runs/experiment_A1/calibration/phase_scan/22/eval_900_6.npz,0,0.15886752,0.07930417,0.017467763,0.27724192
phase,scan,22,900,6,runs/experiment_A1/calibration/phase_scan/22/eval_900_6.npz,1,0.18934143,0.09513475,0.0341361,0.34245333
phase,scan,22,900,6,runs/experiment_A1/calibration/phase_scan/22/eval_900_6.npz,2,0.2000926,0.07891405,0.05245728,0.33049557
phase,scan,22,900,6,runs/experiment_A1/calibration/phase_scan/22/eval_900_6.npz,3,0.18054824,0.08206153,0.026268158,0.30917227
phase,scan,22,900,6,runs/experiment_A1/calibration/phase_scan/22/eval_900_6.npz,4,0.099004045,0.06041784,0.011345828,0.21836472
phase,competitive,33,300,4,runs/experiment_A1/calibration/phase_competitive/33/eval_300_4.npz,0,0.105236866,0.07556633,0.009225954,0.24627486
phase,competitive,33,300,4,runs/experiment_A1/calibration/phase_competitive/33/eval_300_4.npz,1,0.099416286,0.08051831,0.0075731524,0.25751615
phase,competitive,33,300,4,runs/experiment_A1/calibration/phase_competitive/33/eval_300_4.npz,2,0.09830884,0.073478796,0.00717036,0.24162832
phase,scan,33,300,4,runs/experiment_A1/calibration/phase_scan/33/eval_300_4.npz,0,0.27276027,0.14234707,0.035241414,0.47983965
phase,scan,33,300,4,runs/experiment_A1/calibration/phase_scan/33/eval_300_4.npz,1,0.2227809,0.13733618,0.020380175,0.45990363
phase,scan,33,300,4,runs/experiment_A1/calibration/phase_scan/33/eval_300_4.npz,2,0.18581675,0.10930069,0.018743329,0.37829137
phase,competitive,33,300,6,runs/experiment_A1/calibration/phase_competitive/33/eval_300_6.npz,0,0.070317134,0.05640866,0.0056490847,0.18344654
phase,competitive,33,300,6,runs/experiment_A1/calibration/phase_competitive/33/eval_300_6.npz,1,0.07905825,0.061838,0.006034043,0.19847979
phase,competitive,33,300,6,runs/experiment_A1/calibration/phase_competitive/33/eval_300_6.npz,2,0.06650605,0.060004022,0.0041472074,0.180452
phase,competitive,33,300,6,runs/experiment_A1/calibration/phase_competitive/33/eval_300_6.npz,3,0.07037869,0.05773697,0.0044633537,0.18725799
phase,competitive,33,300,6,runs/experiment_A1/calibration/phase_competitive/33/eval_300_6.npz,4,0.07338461,0.05751323,0.0045239,0.1856103
phase,scan,33,300,6,runs/experiment_A1/calibration/phase_scan/33/eval_300_6.npz,0,0.17411141,0.1123296,0.016429903,0.3650798
phase,scan,33,300,6,runs/experiment_A1/calibration/phase_scan/33/eval_300_6.npz,1,0.19414549,0.12842253,0.015109364,0.43163913
phase,scan,33,300,6,runs/experiment_A1/calibration/phase_scan/33/eval_300_6.npz,2,0.14696622,0.110131405,0.011775506,0.35859913
phase,scan,33,300,6,runs/experiment_A1/calibration/phase_scan/33/eval_300_6.npz,3,0.14255376,0.10073959,0.010770559,0.3389276
phase,scan,33,300,6,runs/experiment_A1/calibration/phase_scan/33/eval_300_6.npz,4,0.108723186,0.07614784,0.008946018,0.24318938
phase,competitive,33,600,4,runs/experiment_A1/calibration/phase_competitive/33/eval_600_4.npz,0,0.14827178,0.081233434,0.0143545335,0.26524702
phase,competitive,33,600,4,runs/experiment_A1/calibration/phase_competitive/33/eval_600_4.npz,1,0.095636845,0.06878079,0.007414715,0.22313647
phase,competitive,33,600,4,runs/experiment_A1/calibration/phase_competitive/33/eval_600_4.npz,2,0.1242608,0.078357734,0.010439842,0.25848502
phase,scan,33,600,4,runs/experiment_A1/calibration/phase_scan/33/eval_600_4.npz,0,0.28620332,0.108955525,0.05473632,0.44241184
phase,scan,33,600,4,runs/experiment_A1/calibration/phase_scan/33/eval_600_4.npz,1,0.25413704,0.108744636,0.04401802,0.42953914
phase,scan,33,600,4,runs/experiment_A1/calibration/phase_scan/33/eval_600_4.npz,2,0.19661632,0.08809685,0.03327609,0.33417606
phase,competitive,33,600,6,runs/experiment_A1/calibration/phase_competitive/33/eval_600_6.npz,0,0.11770012,0.074007,0.0077180765,0.23724622
phase,competitive,33,600,6,runs/experiment_A1/calibration/phase_competitive/33/eval_600_6.npz,1,0.085024856,0.06353625,0.0059361816,0.20896439
phase,competitive,33,600,6,runs/experiment_A1/calibration/phase_competitive/33/eval_600_6.npz,2,0.061176572,0.048459925,0.004250335,0.15201464
phase,competitive,33,600,6,runs/experiment_A1/calibration/phase_competitive/33/eval_600_6.npz,3,0.06888744,0.05269876,0.0039077885,0.17188543
phase,competitive,33,600,6,runs/experiment_A1/calibration/phase_competitive/33/eval_600_6.npz,4,0.10288057,0.066559575,0.00957724,0.21867496
phase,scan,33,600,6,runs/experiment_A1/calibration/phase_scan/33/eval_600_6.npz,0,0.17717731,0.09783781,0.013297,0.3234651
phase,scan,33,600,6,runs/experiment_A1/calibration/phase_scan/33/eval_600_6.npz,1,0.18905771,0.112532526,0.01705858,0.3853081
phase,scan,33,600,6,runs/experiment_A1/calibration/phase_scan/33/eval_600_6.npz,2,0.18441328,0.094612114,0.028283892,0.3482992
phase,scan,33,600,6,runs/experiment_A1/calibration/phase_scan/33/eval_600_6.npz,3,0.16293317,0.08754162,0.021873722,0.2959441
phase,scan,33,600,6,runs/experiment_A1/calibration/phase_scan/33/eval_600_6.npz,4,0.0887838,0.06391954,0.006172859,0.21209404
phase,competitive,33,900,4,runs/experiment_A1/calibration/phase_competitive/33/eval_900_4.npz,0,0.12905377,0.05640979,0.017436301,0.20608078
phase,competitive,33,900,4,runs/experiment_A1/calibration/phase_competitive/33/eval_900_4.npz,1,0.09273954,0.047454342,0.014997166,0.17703177
phase,competitive,33,900,4,runs/experiment_A1/calibration/phase_competitive/33/eval_900_4.npz,2,0.14362708,0.06671239,0.019038895,0.23959196
phase,scan,33,900,4,runs/experiment_A1/calibration/phase_scan/33/eval_900_4.npz,0,0.27696162,0.08974162,0.08322096,0.41551077
phase,scan,33,900,4,runs/experiment_A1/calibration/phase_scan/33/eval_900_4.npz,1,0.26168114,0.09376427,0.056656826,0.41386887
phase,scan,33,900,4,runs/experiment_A1/calibration/phase_scan/33/eval_900_4.npz,2,0.21959808,0.0853263,0.04214392,0.36211315
phase,competitive,33,900,6,runs/experiment_A1/calibration/phase_competitive/33/eval_900_6.npz,0,0.10884677,0.054957405,0.012875109,0.1866754
phase,competitive,33,900,6,runs/experiment_A1/calibration/phase_competitive/33/eval_900_6.npz,1,0.067483515,0.038996596,0.009084816,0.13830614
phase,competitive,33,900,6,runs/experiment_A1/calibration/phase_competitive/33/eval_900_6.npz,2,0.06102974,0.035927188,0.009561011,0.124932416
phase,competitive,33,900,6,runs/experiment_A1/calibration/phase_competitive/33/eval_900_6.npz,3,0.07433591,0.048737194,0.008162988,0.16839443
phase,competitive,33,900,6,runs/experiment_A1/calibration/phase_competitive/33/eval_900_6.npz,4,0.119187415,0.06508221,0.010873164,0.21365589
phase,scan,33,900,6,runs/experiment_A1/calibration/phase_scan/33/eval_900_6.npz,0,0.16379708,0.08246455,0.020108368,0.285326
phase,scan,33,900,6,runs/experiment_A1/calibration/phase_scan/33/eval_900_6.npz,1,0.1827076,0.0911293,0.026009407,0.33683872
phase,scan,33,900,6,runs/experiment_A1/calibration/phase_scan/33/eval_900_6.npz,2,0.1947177,0.076236285,0.044899657,0.30838525
phase,scan,33,900,6,runs/experiment_A1/calibration/phase_scan/33/eval_900_6.npz,3,0.16023913,0.07942066,0.022603795,0.28335047
phase,scan,33,900,6,runs/experiment_A1/calibration/phase_scan/33/eval_900_6.npz,4,0.116892025,0.06865083,0.014367174,0.23468944
phase,competitive,44,300,4,runs/experiment_A1/calibration/phase_competitive/44/eval_300_4.npz,0,0.10921258,0.08197266,0.006965017,0.26384372
phase,competitive,44,300,4,runs/experiment_A1/calibration/phase_competitive/44/eval_300_4.npz,1,0.102795154,0.08477873,0.0063549555,0.26906395
phase,competitive,44,300,4,runs/experiment_A1/calibration/phase_competitive/44/eval_300_4.npz,2,0.09962863,0.073078595,0.0068583065,0.23458497
phase,scan,44,300,4,runs/experiment_A1/calibration/phase_scan/44/eval_300_4.npz,0,0.26812455,0.14584304,0.025995921,0.48330456
phase,scan,44,300,4,runs/experiment_A1/calibration/phase_scan/44/eval_300_4.npz,1,0.22193728,0.14435239,0.016282136,0.4625369
phase,scan,44,300,4,runs/experiment_A1/calibration/phase_scan/44/eval_300_4.npz,2,0.17324686,0.11618326,0.015178244,0.3749045
phase,competitive,44,300,6,runs/experiment_A1/calibration/phase_competitive/44/eval_300_6.npz,0,0.07865593,0.06360249,0.0046335966,0.20108172
phase,competitive,44,300,6,runs/experiment_A1/calibration/phase_competitive/44/eval_300_6.npz,1,0.07718738,0.062575445,0.005446328,0.20459549
phase,competitive,44,300,6,runs/experiment_A1/calibration/phase_competitive/44/eval_300_6.npz,2,0.07129525,0.063564196,0.0049058893,0.19283022
phase,competitive,44,300,6,runs/experiment_A1/calibration/phase_competitive/44/eval_300_6.npz,3,0.07510222,0.060911573,0.0065348023,0.19546337
phase,competitive,44,300,6,runs/experiment_A1/calibration/phase_competitive/44/eval_300_6.npz,4,0.06702903,0.05368242,0.006075861,0.17326196
phase,scan,44,300,6,runs/experiment_A1/calibration/phase_scan/44/eval_300_6.npz,0,0.17397317,0.124735005,0.012727373,0.39295766
phase,scan,44,300,6,runs/experiment_A1/calibration/phase_scan/44/eval_300_6.npz,1,0.19438267,0.13118877,0.017277593,0.42297402
phase,scan,44,300,6,runs/experiment_A1/calibration/phase_scan/44/eval_300_6.npz,2,0.14895347,0.114829,0.012797062,0.36719865
phase,scan,44,300,6,runs/experiment_A1/calibration/phase_scan/44/eval_300_6.npz,3,0.14465624,0.10301078,0.010079813,0.3226352
phase,scan,44,300,6,runs/experiment_A1/calibration/phase_scan/44/eval_300_6.npz,4,0.08926381,0.0734808,0.006801495,0.24262041
phase,competitive,44,600,4,runs/experiment_A1/calibration/phase_competitive/44/eval_600_4.npz,0,0.13632613,0.07813074,0.014123643,0.2648111
phase,competitive,44,600,4,runs/experiment_A1/calibration/phase_competitive/44/eval_600_4.npz,1,0.09592945,0.06803543,0.0068339645,0.21058066
phase,competitive,44,600,4,runs/experiment_A1/calibration/phase_competitive/44/eval_600_4.npz,2,0.15494633,0.084420346,0.014848842,0.27765942
phase,scan,44,600,4,runs/experiment_A1/calibration/phase_scan/44/eval_600_4.npz,0,0.27930194,0.11253729,0.05071142,0.44686967
phase,scan,44,600,4,runs/experiment_A1/calibration/phase_scan/44/eval_600_4.npz,1,0.24305874,0.11347444,0.03982837,0.42775866
phase,scan,44,600,4,runs/experiment_A1/calibration/phase_scan/44/eval_600_4.npz,2,0.20325726,0.09813912,0.028318664,0.3621851
phase,competitive,44,600,6,runs/experiment_A1/calibration/phase_competitive/44/eval_600_6.npz,0,0.109692305,0.067971654,0.00873297,0.21905087
phase,competitive,44,600,6,runs/experiment_A1/calibration/phase_competitive/44/eval_600_6.npz,1,0.07677499,0.05621198,0.005021107,0.17955437
phase,competitive,44,600,6,runs/experiment_A1/calibration/phase_competitive/44/eval_600_6.npz,2,0.061954245,0.04921011,0.0036727216,0.15831143
phase,competitive,44,600,6,runs/experiment_A1/calibration/phase_competitive/44/eval_600_6.npz,3,0.08858389,0.065505385,0.008413801,0.20806664
phase,competitive,44,600,6,runs/experiment_A1/calibration/phase_competitive/44/eval_600_6.npz,4,0.11961569,0.074994326,0.011094982,0.24110948
phase,scan,44,600,6,runs/experiment_A1/calibration/phase_scan/44/eval_600_6.npz,0,0.1789903,0.09309099,0.023934351,0.31233677
phase,scan,44,600,6,runs/experiment_A1/calibration/phase_scan/44/eval_600_6.npz,1,0.1836745,0.10519951,0.020528147,0.35486653
phase,scan,44,600,6,runs/experiment_A1/calibration/phase_scan/44/eval_600_6.npz,2,0.17263883,0.09274402,0.022882322,0.32696784
phase,scan,44,600,6,runs/experiment_A1/calibration/phase_scan/44/eval_600_6.npz,3,0.15659393,0.09257763,0.016263247,0.31717044
phase,scan,44,600,6,runs/experiment_A1/calibration/phase_scan/44/eval_600_6.npz,4,0.0999002,0.06825971,0.0055913785,0.22289938
phase,competitive,44,900,4,runs/experiment_A1/calibration/phase_competitive/44/eval_900_4.npz,0,0.11204553,0.057960484,0.013278635,0.20225024
phase,competitive,44,900,4,runs/experiment_A1/calibration/phase_competitive/44/eval_900_4.npz,1,0.09186877,0.04994152,0.012730903,0.17951268
phase,competitive,44,900,4,runs/experiment_A1/calibration/phase_competitive/44/eval_900_4.npz,2,0.14081658,0.067023836,0.021285037,0.2354816
phase,scan,44,900,4,runs/experiment_A1/calibration/phase_scan/44/eval_900_4.npz,0,0.25850555,0.095303595,0.052989624,0.4068633
phase,scan,44,900,4,runs/experiment_A1/calibration/phase_scan/44/eval_900_4.npz,1,0.24992582,0.08764382,0.05303414,0.37770924
phase,scan,44,900,4,runs/experiment_A1/calibration/phase_scan/44/eval_900_4.npz,2,0.20919979,0.08268544,0.03929149,0.33296216
phase,competitive,44,900,6,runs/experiment_A1/calibration/phase_competitive/44/eval_900_6.npz,0,0.097070634,0.057336446,0.008416644,0.18670565
phase,competitive,44,900,6,runs/experiment_A1/calibration/phase_competitive/44/eval_900_6.npz,1,0.064476654,0.03789085,0.007356857,0.13230729
phase,competitive,44,900,6,runs/experiment_A1/calibration/phase_competitive/44/eval_900_6.npz,2,0.060246523,0.039027512,0.0072650593,0.13015182
phase,competitive,44,900,6,runs/experiment_A1/calibration/phase_competitive/44/eval_900_6.npz,3,0.07707214,0.048800305,0.0067183976,0.16735122
phase,competitive,44,900,6,runs/experiment_A1/calibration/phase_competitive/44/eval_900_6.npz,4,0.110750124,0.0637126,0.011601978,0.20866707
phase,scan,44,900,6,runs/experiment_A1/calibration/phase_scan/44/eval_900_6.npz,0,0.16914429,0.07902974,0.02189566,0.28054604
phase,scan,44,900,6,runs/experiment_A1/calibration/phase_scan/44/eval_900_6.npz,1,0.16472647,0.08325446,0.027003342,0.30945992
phase,scan,44,900,6,runs/experiment_A1/calibration/phase_scan/44/eval_900_6.npz,2,0.18345198,0.07479839,0.0357958,0.29819015
phase,scan,44,900,6,runs/experiment_A1/calibration/phase_scan/44/eval_900_6.npz,3,0.15433656,0.07671561,0.022069694,0.2781528
phase,scan,44,900,6,runs/experiment_A1/calibration/phase_scan/44/eval_900_6.npz,4,0.11121737,0.062952116,0.010799246,0.21657597
