representation,readout,n,geometry,behavior,rho,aggregate_points,independent_seeds
phase,competitive,4,pairwise_decoding,exact_accuracy,0.9930069930069931,12,4
phase,competitive,4,pairwise_decoding,pairwise_accuracy,1.0,12,4
phase,competitive,4,pairwise_decoding,kendall_tau_present,1.0,12,4
phase,competitive,4,canonical_rmse,exact_accuracy,-0.5244755244755246,12,4
phase,competitive,4,canonical_rmse,pairwise_accuracy,-0.5664335664335665,12,4
phase,competitive,4,canonical_rmse,kendall_tau_present,-0.5664335664335665,12,4
phase,competitive,4,slot_rmse,exact_accuracy,-0.20979020979020982,12,4
phase,competitive,4,slot_rmse,pairwise_accuracy,-0.23076923076923078,12,4
phase,competitive,4,slot_rmse,kendall_tau_present,-0.23076923076923078,12,4
phase,competitive,4,spacing_cv,exact_accuracy,-0.9370629370629372,12,4
phase,competitive,4,spacing_cv,pairwise_accuracy,-0.9510489510489512,12,4
phase,competitive,4,spacing_cv,kendall_tau_present,-0.9510489510489512,12,4
phase,competitive,4,dynamic_range,exact_accuracy,0.6993006993006995,12,4
phase,competitive,4,dynamic_range,pairwise_accuracy,0.7062937062937064,12,4
phase,competitive,4,dynamic_range,kendall_tau_present,0.7062937062937064,12,4
phase,competitive,4,arc_fraction,exact_accuracy,0.6993006993006995,12,4
phase,competitive,4,arc_fraction,pairwise_accuracy,0.7062937062937064,12,4
phase,competitive,4,arc_fraction,kendall_tau_present,0.7062937062937064,12,4
phase,competitive,4,score_min_margin,exact_accuracy,0.9580419580419581,12,4
phase,competitive,4,score_min_margin,pairwise_accuracy,0.9720279720279721,12,4
phase,competitive,4,score_min_margin,kendall_tau_present,0.9720279720279721,12,4
phase,competitive,6,pairwise_decoding,exact_accuracy,0.9860139860139862,12,4
phase,competitive,6,pairwise_decoding,pairwise_accuracy,1.0,12,4
phase,competitive,6,pairwise_decoding,kendall_tau_present,1.0,12,4
phase,competitive,6,canonical_rmse,exact_accuracy,-0.4545454545454546,12,4
phase,competitive,6,canonical_rmse,pairwise_accuracy,-0.4685314685314686,12,4
phase,competitive,6,canonical_rmse,kendall_tau_present,-0.4685314685314686,12,4
phase,competitive,6,slot_rmse,exact_accuracy,-0.06993006993006995,12,4
phase,competitive,6,slot_rmse,pairwise_accuracy,-0.06293706293706294,12,4
phase,competitive,6,slot_rmse,kendall_tau_present,-0.06293706293706294,12,4
phase,competitive,6,spacing_cv,exact_accuracy,-0.9090909090909092,12,4
phase,competitive,6,spacing_cv,pairwise_accuracy,-0.9090909090909092,12,4
phase,competitive,6,spacing_cv,kendall_tau_present,-0.9090909090909092,12,4
phase,competitive,6,dynamic_range,exact_accuracy,0.6783216783216784,12,4
phase,competitive,6,dynamic_range,pairwise_accuracy,0.6503496503496504,12,4
phase,competitive,6,dynamic_range,kendall_tau_present,0.6503496503496504,12,4
phase,competitive,6,arc_fraction,exact_accuracy,0.6783216783216784,12,4
phase,competitive,6,arc_fraction,pairwise_accuracy,0.6503496503496504,12,4
phase,competitive,6,arc_fraction,kendall_tau_present,0.6503496503496504,12,4
phase,competitive,6,score_min_margin,exact_accuracy,0.9860139860139862,12,4
phase,competitive,6,score_min_margin,pairwise_accuracy,0.9860139860139862,12,4
phase,competitive,6,score_min_margin,kendall_tau_present,0.9860139860139862,12,4
phase,scan,4,pairwise_decoding,exact_accuracy,0.6631619770022662,12,4
phase,scan,4,pairwise_decoding,pairwise_accuracy,0.6912323252351664,12,4
phase,scan,4,pairwise_decoding,kendall_tau_present,0.7228114669971789,12,4
phase,scan,4,canonical_rmse,exact_accuracy,-0.9300699300699302,12,4
phase,scan,4,canonical_rmse,pairwise_accuracy,-0.9510489510489512,12,4
phase,scan,4,canonical_rmse,kendall_tau_present,-0.21678321678321683,12,4
phase,scan,4,slot_rmse,exact_accuracy,-0.9860139860139862,12,4
phase,scan,4,slot_rmse,pairwise_accuracy,-0.9860139860139862,12,4
phase,scan,4,slot_rmse,kendall_tau_present,-0.1398601398601399,12,4
phase,scan,4,spacing_cv,exact_accuracy,-0.965034965034965,12,4
phase,scan,4,spacing_cv,pairwise_accuracy,-0.9790209790209792,12,4
phase,scan,4,spacing_cv,kendall_tau_present,-0.06293706293706294,12,4
phase,scan,4,dynamic_range,exact_accuracy,0.9580419580419581,12,4
phase,scan,4,dynamic_range,pairwise_accuracy,0.965034965034965,12,4
phase,scan,4,dynamic_range,kendall_tau_present,0.0979020979020979,12,4
phase,scan,4,arc_fraction,exact_accuracy,0.9580419580419581,12,4
phase,scan,4,arc_fraction,pairwise_accuracy,0.965034965034965,12,4
phase,scan,4,arc_fraction,kendall_tau_present,0.0979020979020979,12,4
phase,scan,4,score_min_margin,exact_accuracy,-0.8181818181818183,12,4
phase,scan,4,score_min_margin,pairwise_accuracy,-0.8321678321678322,12,4
phase,scan,4,score_min_margin,kendall_tau_present,-0.4265734265734266,12,4
phase,scan,6,pairwise_decoding,exact_accuracy,0.7272727272727274,12,4
phase,scan,6,pairwise_decoding,pairwise_accuracy,0.8321678321678322,12,4
phase,scan,6,pairwise_decoding,kendall_tau_present,0.9667265263069179,12,4
phase,scan,6,canonical_rmse,exact_accuracy,-0.9090909090909092,12,4
phase,scan,6,canonical_rmse,pairwise_accuracy,-0.9790209790209792,12,4
phase,scan,6,canonical_rmse,kendall_tau_present,-0.900176511814775,12,4
phase,scan,6,slot_rmse,exact_accuracy,-0.965034965034965,12,4
phase,scan,6,slot_rmse,pairwise_accuracy,-0.9790209790209792,12,4
phase,scan,6,slot_rmse,kendall_tau_present,-0.8231186002975568,12,4
phase,scan,6,spacing_cv,exact_accuracy,-0.8951048951048951,12,4
phase,scan,6,spacing_cv,pairwise_accuracy,-0.9510489510489512,12,4
phase,scan,6,spacing_cv,kendall_tau_present,-0.7915949092223313,12,4
phase,scan,6,dynamic_range,exact_accuracy,0.8671328671328673,12,4
phase,scan,6,dynamic_range,pairwise_accuracy,0.9510489510489512,12,4
phase,scan,6,dynamic_range,kendall_tau_present,0.7460606887803388,12,4
phase,scan,6,arc_fraction,exact_accuracy,0.8671328671328673,12,4
phase,scan,6,arc_fraction,pairwise_accuracy,0.9510489510489512,12,4
phase,scan,6,arc_fraction,kendall_tau_present,0.7460606887803388,12,4
phase,scan,6,score_min_margin,exact_accuracy,0.37762237762237766,12,4
phase,scan,6,score_min_margin,pairwise_accuracy,0.1398601398601399,12,4
phase,scan,6,score_min_margin,kendall_tau_present,0.014010529366766927,12,4
position,competitive,4,pairwise_decoding,exact_accuracy,0.9860139860139862,12,4
position,competitive,4,pairwise_decoding,pairwise_accuracy,1.0,12,4
position,competitive,4,pairwise_decoding,kendall_tau_present,1.0,12,4
position,competitive,4,canonical_rmse,exact_accuracy,-0.8461538461538463,12,4
position,competitive,4,canonical_rmse,pairwise_accuracy,-0.8811188811188813,12,4
position,competitive,4,canonical_rmse,kendall_tau_present,-0.8811188811188813,12,4
position,competitive,4,slot_rmse,exact_accuracy,-0.7552447552447553,12,4
position,competitive,4,slot_rmse,pairwise_accuracy,-0.8041958041958043,12,4
position,competitive,4,slot_rmse,kendall_tau_present,-0.8041958041958043,12,4
position,competitive,4,spacing_cv,exact_accuracy,-0.8041958041958043,12,4
position,competitive,4,spacing_cv,pairwise_accuracy,-0.8391608391608393,12,4
position,competitive,4,spacing_cv,kendall_tau_present,-0.8391608391608393,12,4
position,competitive,4,dynamic_range,exact_accuracy,0.7482517482517484,12,4
position,competitive,4,dynamic_range,pairwise_accuracy,0.7692307692307694,12,4
position,competitive,4,dynamic_range,kendall_tau_present,0.7692307692307694,12,4
position,competitive,4,score_min_margin,exact_accuracy,0.8461538461538463,12,4
position,competitive,4,score_min_margin,pairwise_accuracy,0.8811188811188813,12,4
position,competitive,4,score_min_margin,kendall_tau_present,0.8811188811188813,12,4
position,competitive,6,pairwise_decoding,exact_accuracy,0.99124495269876,12,4
position,competitive,6,pairwise_decoding,pairwise_accuracy,1.0,12,4
position,competitive,6,pairwise_decoding,kendall_tau_present,1.0,12,4
position,competitive,6,canonical_rmse,exact_accuracy,-0.7355527917552634,12,4
position,competitive,6,canonical_rmse,pairwise_accuracy,-0.7272727272727274,12,4
position,competitive,6,canonical_rmse,kendall_tau_present,-0.7272727272727274,12,4
position,competitive,6,slot_rmse,exact_accuracy,-0.7530659534637223,12,4
position,competitive,6,slot_rmse,pairwise_accuracy,-0.7272727272727274,12,4
position,competitive,6,slot_rmse,kendall_tau_present,-0.7272727272727274,12,4
position,competitive,6,spacing_cv,exact_accuracy,-0.7145369977051133,12,4
position,competitive,6,spacing_cv,pairwise_accuracy,-0.7132867132867133,12,4
position,competitive,6,spacing_cv,kendall_tau_present,-0.7132867132867133,12,4
position,competitive,6,dynamic_range,exact_accuracy,0.6935212036549627,12,4
position,competitive,6,dynamic_range,pairwise_accuracy,0.6783216783216784,12,4
position,competitive,6,dynamic_range,kendall_tau_present,0.6783216783216784,12,4
position,competitive,6,score_min_margin,exact_accuracy,0.8651501883978578,12,4
position,competitive,6,score_min_margin,pairwise_accuracy,0.8671328671328673,12,4
position,competitive,6,score_min_margin,kendall_tau_present,0.8671328671328673,12,4
position,scan,4,pairwise_decoding,exact_accuracy,0.7202797202797203,12,4
position,scan,4,pairwise_decoding,pairwise_accuracy,0.7202797202797203,12,4
position,scan,4,pairwise_decoding,kendall_tau_present,0.7832167832167832,12,4
position,scan,4,canonical_rmse,exact_accuracy,-0.9230769230769231,12,4
position,scan,4,canonical_rmse,pairwise_accuracy,-0.9230769230769231,12,4
position,scan,4,canonical_rmse,kendall_tau_present,-0.3216783216783217,12,4
position,scan,4,slot_rmse,exact_accuracy,-0.9370629370629372,12,4
position,scan,4,slot_rmse,pairwise_accuracy,-0.9370629370629372,12,4
position,scan,4,slot_rmse,kendall_tau_present,-0.25874125874125875,12,4
position,scan,4,spacing_cv,exact_accuracy,-0.8881118881118882,12,4
position,scan,4,spacing_cv,pairwise_accuracy,-0.8881118881118882,12,4
position,scan,4,spacing_cv,kendall_tau_present,-0.39860139860139865,12,4
position,scan,4,dynamic_range,exact_accuracy,0.7412587412587414,12,4
position,scan,4,dynamic_range,pairwise_accuracy,0.7412587412587414,12,4
position,scan,4,dynamic_range,kendall_tau_present,0.5034965034965035,12,4
position,scan,4,score_min_margin,exact_accuracy,0.8111888111888113,12,4
position,scan,4,score_min_margin,pairwise_accuracy,0.8111888111888113,12,4
position,scan,4,score_min_margin,kendall_tau_present,0.4825174825174825,12,4
position,scan,6,pairwise_decoding,exact_accuracy,-0.3873335483621993,12,4
position,scan,6,pairwise_decoding,pairwise_accuracy,0.0979020979020979,12,4
position,scan,6,pairwise_decoding,kendall_tau_present,0.7552447552447553,12,4
position,scan,6,canonical_rmse,exact_accuracy,0.19718798825711964,12,4
position,scan,6,canonical_rmse,pairwise_accuracy,-0.15384615384615385,12,4
position,scan,6,canonical_rmse,kendall_tau_present,-0.4895104895104896,12,4
position,scan,6,slot_rmse,exact_accuracy,-0.6197336773795189,12,4
position,scan,6,slot_rmse,pairwise_accuracy,-0.7832167832167832,12,4
position,scan,6,slot_rmse,kendall_tau_present,-0.1398601398601399,12,4
position,scan,6,spacing_cv,exact_accuracy,0.29578198238567943,12,4
position,scan,6,spacing_cv,pairwise_accuracy,-0.14685314685314685,12,4
position,scan,6,spacing_cv,kendall_tau_present,-0.6293706293706295,12,4
position,scan,6,dynamic_range,exact_accuracy,-0.5000123987948392,12,4
position,scan,6,dynamic_range,pairwise_accuracy,-0.1328671328671329,12,4
position,scan,6,dynamic_range,kendall_tau_present,0.5874125874125874,12,4
position,scan,6,score_min_margin,exact_accuracy,-0.45775782988259917,12,4
position,scan,6,score_min_margin,pairwise_accuracy,0.02097902097902098,12,4
position,scan,6,score_min_margin,kendall_tau_present,0.7762237762237763,12,4
priority,competitive,4,pairwise_decoding,exact_accuracy,1.0,12,4
priority,competitive,4,pairwise_decoding,pairwise_accuracy,1.0,12,4
priority,competitive,4,pairwise_decoding,kendall_tau_present,1.0,12,4
priority,competitive,4,canonical_rmse,exact_accuracy,-0.8951048951048951,12,4
priority,competitive,4,canonical_rmse,pairwise_accuracy,-0.8951048951048951,12,4
priority,competitive,4,canonical_rmse,kendall_tau_present,-0.8951048951048951,12,4
priority,competitive,4,slot_rmse,exact_accuracy,-0.6573426573426573,12,4
priority,competitive,4,slot_rmse,pairwise_accuracy,-0.6573426573426573,12,4
priority,competitive,4,slot_rmse,kendall_tau_present,-0.6573426573426573,12,4
priority,competitive,4,spacing_cv,exact_accuracy,-0.8811188811188813,12,4
priority,competitive,4,spacing_cv,pairwise_accuracy,-0.8811188811188813,12,4
priority,competitive,4,spacing_cv,kendall_tau_present,-0.8811188811188813,12,4
priority,competitive,4,dynamic_range,exact_accuracy,0.8041958041958043,12,4
priority,competitive,4,dynamic_range,pairwise_accuracy,0.8041958041958043,12,4
priority,competitive,4,dynamic_range,kendall_tau_present,0.8041958041958043,12,4
priority,competitive,4,score_min_margin,exact_accuracy,0.9580419580419581,12,4
priority,competitive,4,score_min_margin,pairwise_accuracy,0.9580419580419581,12,4
priority,competitive,4,score_min_margin,kendall_tau_present,0.9580419580419581,12,4
priority,competitive,6,pairwise_decoding,exact_accuracy,0.9930069930069931,12,4
priority,competitive,6,pairwise_decoding,pairwise_accuracy,1.0,12,4
priority,competitive,6,pairwise_decoding,kendall_tau_present,1.0,12,4
priority,competitive,6,canonical_rmse,exact_accuracy,-0.9020979020979022,12,4
priority,competitive,6,canonical_rmse,pairwise_accuracy,-0.8881118881118882,12,4
priority,competitive,6,canonical_rmse,kendall_tau_present,-0.8881118881118882,12,4
priority,competitive,6,slot_rmse,exact_accuracy,-0.6923076923076924,12,4
priority,competitive,6,slot_rmse,pairwise_accuracy,-0.6783216783216784,12,4
priority,competitive,6,slot_rmse,kendall_tau_present,-0.6783216783216784,12,4
priority,competitive,6,spacing_cv,exact_accuracy,-0.9300699300699302,12,4
priority,competitive,6,spacing_cv,pairwise_accuracy,-0.9160839160839163,12,4
priority,competitive,6,spacing_cv,kendall_tau_present,-0.9160839160839163,12,4
priority,competitive,6,dynamic_range,exact_accuracy,0.8251748251748254,12,4
priority,competitive,6,dynamic_range,pairwise_accuracy,0.8181818181818183,12,4
priority,competitive,6,dynamic_range,kendall_tau_present,0.8181818181818183,12,4
priority,competitive,6,score_min_margin,exact_accuracy,0.965034965034965,12,4
priority,competitive,6,score_min_margin,pairwise_accuracy,0.9510489510489512,12,4
priority,competitive,6,score_min_margin,kendall_tau_present,0.9510489510489512,12,4
priority,scan,4,pairwise_decoding,exact_accuracy,0.6503496503496504,12,4
priority,scan,4,pairwise_decoding,pairwise_accuracy,0.6479869832129704,12,4
priority,scan,4,pairwise_decoding,kendall_tau_present,0.7719345764047542,12,4
priority,scan,4,canonical_rmse,exact_accuracy,-0.7972027972027973,12,4
priority,scan,4,canonical_rmse,pairwise_accuracy,-0.7670764828304892,12,4
priority,scan,4,canonical_rmse,kendall_tau_present,-0.6807059446478289,12,4
priority,scan,4,slot_rmse,exact_accuracy,-0.8251748251748254,12,4
priority,scan,4,slot_rmse,pairwise_accuracy,-0.8371291296643238,12,4
priority,scan,4,slot_rmse,kendall_tau_present,-0.5929861064200158,12,4
priority,scan,4,spacing_cv,exact_accuracy,-0.6923076923076924,12,4
priority,scan,4,spacing_cv,pairwise_accuracy,-0.6760080419465042,12,4
priority,scan,4,spacing_cv,kendall_tau_present,-0.701758705822504,12,4
priority,scan,4,dynamic_range,exact_accuracy,0.37762237762237766,12,4
priority,scan,4,dynamic_range,pairwise_accuracy,0.1015763379090602,12,4
priority,scan,4,dynamic_range,kendall_tau_present,0.6631619770022663,12,4
priority,scan,4,score_min_margin,exact_accuracy,0.7062937062937064,12,4
priority,scan,4,score_min_margin,pairwise_accuracy,0.6549922478963537,12,4
priority,scan,4,score_min_margin,kendall_tau_present,0.7263202605262916,12,4
priority,scan,6,pairwise_decoding,exact_accuracy,0.5413080510103383,12,4
priority,scan,6,pairwise_decoding,pairwise_accuracy,0.44755244755244755,12,4
priority,scan,6,pairwise_decoding,kendall_tau_present,0.8181818181818183,12,4
priority,scan,6,canonical_rmse,exact_accuracy,-0.6432426839928047,12,4
priority,scan,6,canonical_rmse,pairwise_accuracy,-0.6993006993006995,12,4
priority,scan,6,canonical_rmse,kendall_tau_present,-0.7692307692307694,12,4
priority,scan,6,slot_rmse,exact_accuracy,-0.7873571651059467,12,4
priority,scan,6,slot_rmse,pairwise_accuracy,-0.9300699300699302,12,4
priority,scan,6,slot_rmse,kendall_tau_present,-0.5174825174825175,12,4
priority,scan,6,spacing_cv,exact_accuracy,-0.5623979750756763,12,4
priority,scan,6,spacing_cv,pairwise_accuracy,-0.6013986013986015,12,4
priority,scan,6,spacing_cv,kendall_tau_present,-0.8181818181818183,12,4
priority,scan,6,dynamic_range,exact_accuracy,0.05623979750756762,12,4
priority,scan,6,dynamic_range,pairwise_accuracy,-0.027972027972027972,12,4
priority,scan,6,dynamic_range,kendall_tau_present,0.6573426573426573,12,4
priority,scan,6,score_min_margin,exact_accuracy,0.5483380256987843,12,4
priority,scan,6,score_min_margin,pairwise_accuracy,0.5454545454545455,12,4
priority,scan,6,score_min_margin,kendall_tau_present,0.8811188811188813,12,4
