system,seed,step,n,exact_accuracy,pairwise_accuracy,kendall_tau,first_error,omission_rate,duplication_rate,invalid_rate,validation_loss,score_margin,factorial_cell,representation,readout
priority_competitive,11,300,4,0.8408203125,0.9713541666666667,0.9427083333333334,3.517578125,0.0,0.0,0.0,0.11467886716127396,5.333333492279053,True,priority,competitive
priority_competitive,11,300,6,0.6181640625,0.9690755208333335,0.9381510416666667,4.3779296875,0.0,0.0,0.0,0.20501315593719482,3.200000286102295,True,priority,competitive
priority_competitive,11,600,4,0.8984375,0.9827473958333335,0.9654947916666666,3.68359375,0.0,0.0,0.0,0.0884036049246788,5.333333492279053,True,priority,competitive
priority_competitive,11,600,6,0.7587890625,0.9819661458333333,0.9639322916666668,5.005859375,0.0,0.0,0.0,0.17328932881355286,3.200000286102295,True,priority,competitive
priority_competitive,11,900,4,0.9033203125,0.9832356770833334,0.9664713541666666,3.7099609375,0.0,0.0,0.0,0.0908089280128479,5.333333492279053,True,priority,competitive
priority_competitive,11,900,6,0.7783203125,0.9838541666666667,0.9677083333333334,5.1376953125,0.0,0.0,0.0,0.16886529326438904,3.200000286102295,True,priority,competitive
priority_competitive,22,300,4,0.8525390625,0.9729817708333334,0.9459635416666667,3.564453125,0.0,0.0,0.0,0.10310246050357819,5.333333492279053,True,priority,competitive
priority_competitive,22,300,6,0.6796875,0.9749348958333335,0.9498697916666667,4.6591796875,0.0,0.0,0.0,0.18332797288894653,3.200000286102295,True,priority,competitive
priority_competitive,22,600,4,0.8818359375,0.9791666666666666,0.9583333333333334,3.6533203125,0.0,0.0,0.0,0.09320312738418579,5.333333492279053,True,priority,competitive
priority_competitive,22,600,6,0.732421875,0.9796223958333334,0.9592447916666668,4.919921875,0.0,0.0,0.0,0.17747250199317932,3.200000286102295,True,priority,competitive
priority_competitive,22,900,4,0.9111328125,0.98486328125,0.9697265625,3.7314453125,0.0,0.0,0.0,0.08386050164699554,5.333333492279053,True,priority,competitive
priority_competitive,22,900,6,0.794921875,0.9848958333333334,0.9697916666666668,5.1826171875,0.0,0.0,0.0,0.16899855434894562,3.200000286102295,True,priority,competitive
priority_competitive,33,300,4,0.8466796875,0.97216796875,0.9443359375,3.5341796875,0.0,0.0,0.0,0.11574746668338776,5.333333492279053,True,priority,competitive
priority_competitive,33,300,6,0.630859375,0.9688802083333334,0.9377604166666668,4.45703125,0.0,0.0,0.0,0.19540327787399292,3.200000286102295,True,priority,competitive
priority_competitive,33,600,4,0.861328125,0.9752604166666666,0.9505208333333334,3.5771484375,0.0,0.0,0.0,0.09816727042198181,5.333333492279053,True,priority,competitive
priority_competitive,33,600,6,0.703125,0.9766927083333334,0.9533854166666668,4.78515625,0.0,0.0,0.0,0.18375664949417114,3.200000286102295,True,priority,competitive
priority_competitive,33,900,4,0.90625,0.9842122395833334,0.9684244791666667,3.7099609375,0.0,0.0,0.0,0.08610332757234573,5.333333492279053,True,priority,competitive
priority_competitive,33,900,6,0.7939453125,0.9841796875000001,0.9683593750000001,5.1611328125,0.0,0.0,0.0,0.16779424250125885,3.200000286102295,True,priority,competitive
priority_competitive,44,300,4,0.8291015625,0.9684244791666667,0.9368489583333333,3.4912109375,0.0,0.0,0.0,0.1212441548705101,5.333333492279053,True,priority,competitive
priority_competitive,44,300,6,0.6328125,0.9702473958333335,0.9404947916666667,4.4580078125,0.0,0.0,0.0,0.19954638183116913,3.200000286102295,True,priority,competitive
priority_competitive,44,600,4,0.8681640625,0.9767252604166667,0.9534505208333333,3.6103515625,0.0,0.0,0.0,0.09898056089878082,5.333333492279053,True,priority,competitive
priority_competitive,44,600,6,0.724609375,0.9788411458333334,0.9576822916666667,4.89453125,0.0,0.0,0.0,0.17974883317947388,3.200000286102295,True,priority,competitive
priority_competitive,44,900,4,0.9248046875,0.9874674479166666,0.9749348958333334,3.7802734375,0.0,0.0,0.0,0.08610238134860992,5.333333492279053,True,priority,competitive
priority_competitive,44,900,6,0.8193359375,0.9862630208333334,0.9725260416666668,5.2666015625,0.0,0.0,0.0,0.1675177365541458,3.200000286102295,True,priority,competitive
priority_competitive,55,300,4,0.8408203125,0.9707031250000001,0.94140625,3.4931640625,0.0,0.0,0.0,0.12076063454151154,5.333333492279053,True,priority,competitive
priority_competitive,55,300,6,0.591796875,0.9668619791666668,0.9337239583333334,4.3310546875,0.0,0.0,0.0,0.20208807289600372,3.200000286102295,True,priority,competitive
priority_competitive,55,600,4,0.8876953125,0.9806315104166667,0.9612630208333333,3.6484375,0.0,0.0,0.0,0.09639668464660645,5.333333492279053,True,priority,competitive
priority_competitive,55,600,6,0.7236328125,0.9786458333333334,0.9572916666666668,4.8662109375,0.0,0.0,0.0,0.17932209372520447,3.200000286102295,True,priority,competitive
priority_competitive,55,900,4,0.9365234375,0.9894205729166667,0.9788411458333333,3.8017578125,0.0,0.0,0.0,0.07921507954597473,5.333333492279053,True,priority,competitive
priority_competitive,55,900,6,0.857421875,0.9897786458333333,0.9795572916666667,5.431640625,0.0,0.0,0.0,0.16274333000183105,3.200000286102295,True,priority,competitive
priority_competitive,66,300,4,0.8310546875,0.9694010416666667,0.9388020833333334,3.48828125,0.0,0.0,0.0,0.1125042736530304,5.333333492279053,True,priority,competitive
priority_competitive,66,300,6,0.6298828125,0.9703125000000001,0.940625,4.4970703125,0.0,0.0,0.0,0.19604086875915527,3.200000286102295,True,priority,competitive
priority_competitive,66,600,4,0.8720703125,0.97705078125,0.9541015625,3.6044921875,0.0,0.0,0.0,0.09543059021234512,5.333333492279053,True,priority,competitive
priority_competitive,66,600,6,0.734375,0.9787760416666668,0.9575520833333334,4.9345703125,0.0,0.0,0.0,0.17992565035820007,3.200000286102295,True,priority,competitive
priority_competitive,66,900,4,0.9189453125,0.9855143229166667,0.9710286458333333,3.7509765625,0.0,0.0,0.0,0.08368898928165436,5.333333492279053,True,priority,competitive
priority_competitive,66,900,6,0.7939453125,0.9852213541666668,0.9704427083333333,5.17578125,0.0,0.0,0.0,0.16781345009803772,3.200000286102295,True,priority,competitive
priority_competitive,77,300,4,0.85546875,0.9728190104166667,0.9456380208333333,3.5458984375,0.0,0.0,0.0,0.11620128154754639,5.333333492279053,True,priority,competitive
priority_competitive,77,300,6,0.6650390625,0.9729166666666667,0.9458333333333334,4.619140625,0.0,0.0,0.0,0.19730643928050995,3.200000286102295,True,priority,competitive
priority_competitive,77,600,4,0.8779296875,0.978515625,0.95703125,3.6259765625,0.0,0.0,0.0,0.09867917001247406,5.333333492279053,True,priority,competitive
priority_competitive,77,600,6,0.734375,0.9799479166666667,0.9598958333333334,4.8994140625,0.0,0.0,0.0,0.1754004955291748,3.200000286102295,True,priority,competitive
priority_competitive,77,900,4,0.91015625,0.984375,0.96875,3.7294921875,0.0,0.0,0.0,0.08964142203330994,5.333333492279053,True,priority,competitive
priority_competitive,77,900,6,0.787109375,0.9845703125000002,0.9691406250000001,5.1142578125,0.0,0.0,0.0,0.16988542675971985,3.200000286102295,True,priority,competitive
priority_competitive,88,300,4,0.810546875,0.9661458333333334,0.9322916666666667,3.412109375,0.0,0.0,0.0,0.1285795271396637,5.333333492279053,True,priority,competitive
priority_competitive,88,300,6,0.576171875,0.9632161458333335,0.9264322916666667,4.2607421875,0.0,0.0,0.0,0.22069478034973145,3.200000286102295,True,priority,competitive
priority_competitive,88,600,4,0.861328125,0.9755859375,0.951171875,3.5810546875,0.0,0.0,0.0,0.10726672410964966,5.333333492279053,True,priority,competitive
priority_competitive,88,600,6,0.673828125,0.9737630208333334,0.9475260416666668,4.6181640625,0.0,0.0,0.0,0.19070416688919067,3.200000286102295,True,priority,competitive
priority_competitive,88,900,4,0.9443359375,0.9905598958333334,0.9811197916666666,3.8310546875,0.0,0.0,0.0,0.07946592569351196,5.333333492279053,True,priority,competitive
priority_competitive,88,900,6,0.8251953125,0.9873697916666667,0.9747395833333334,5.3212890625,0.0,0.0,0.0,0.1647569239139557,3.200000286102295,True,priority,competitive
priority_scan,11,300,4,0.724609375,0.9345703125000001,0.869140625,3.1171875,0.0,0.0,0.0,0.23183584213256836,2.5042343139648438,True,priority,scan
priority_scan,11,300,6,0.51953125,0.9488932291666667,0.8977864583333335,3.892578125,0.0,0.0,0.0,0.38678497076034546,1.5617358684539795,True,priority,scan
priority_scan,11,600,4,0.8291015625,0.9630533854166667,0.9261067708333333,3.458984375,0.0,0.0,0.0,0.1839485466480255,2.648963689804077,True,priority,scan
priority_scan,11,600,6,0.623046875,0.9666015625000001,0.9332031250000001,4.4423828125,0.0,0.0,0.0,0.34171342849731445,1.5873100757598877,True,priority,scan
priority_scan,11,900,4,0.8798828125,0.974609375,0.94921875,3.6337890625,0.0,0.0,0.0,0.16269944608211517,2.590857982635498,True,priority,scan
priority_scan,11,900,6,0.7587890625,0.9781901041666667,0.9563802083333335,5.0,0.0,0.0,0.0,0.3228035569190979,1.5559825897216797,True,priority,scan
priority_scan,22,300,4,0.701171875,0.9210611979166667,0.8421223958333333,3.0419921875,0.0,0.0,0.0,0.25015097856521606,2.419156551361084,True,priority,scan
priority_scan,22,300,6,0.50390625,0.9412760416666668,0.8825520833333335,3.8359375,0.0,0.0,0.0,0.39508670568466187,1.5624796152114868,True,priority,scan
priority_scan,22,600,4,0.7998046875,0.9567057291666667,0.9134114583333333,3.3662109375,0.0,0.0,0.0,0.19100317358970642,2.501047134399414,True,priority,scan
priority_scan,22,600,6,0.6328125,0.9675130208333333,0.9350260416666668,4.4560546875,0.0,0.0,0.0,0.342787504196167,1.5355820655822754,True,priority,scan
priority_scan,22,900,4,0.8740234375,0.9703776041666667,0.9407552083333334,3.607421875,0.0,0.0,0.0,0.17028780281543732,2.4489662647247314,True,priority,scan
priority_scan,22,900,6,0.7197265625,0.9751953125000001,0.950390625,4.869140625,0.0,0.0,0.0,0.33264729380607605,1.509667992591858,True,priority,scan
priority_scan,33,300,4,0.5087890625,0.8387044270833334,0.6774088541666666,2.3154296875,0.0,0.0,0.0,0.3484691083431244,1.913887619972229,True,priority,scan
priority_scan,33,300,6,0.2490234375,0.8390624999999999,0.6781250000000001,2.3671875,0.0,0.0,0.0,0.5494760274887085,1.3827910423278809,True,priority,scan
priority_scan,33,600,4,0.8291015625,0.9638671875,0.927734375,3.482421875,0.0,0.0,0.0,0.18958598375320435,2.6198227405548096,True,priority,scan
priority_scan,33,600,6,0.6123046875,0.9651692708333334,0.9303385416666667,4.3857421875,0.0,0.0,0.0,0.3435022830963135,1.596135139465332,True,priority,scan
priority_scan,33,900,4,0.8447265625,0.9679361979166667,0.9358723958333333,3.5244140625,0.0,0.0,0.0,0.16267994046211243,2.457885980606079,True,priority,scan
priority_scan,33,900,6,0.6796875,0.971875,0.9437500000000001,4.7060546875,0.0,0.0,0.0,0.32798710465431213,1.4283621311187744,True,priority,scan
priority_scan,44,300,4,0.7041015625,0.9246419270833335,0.8492838541666666,3.0849609375,0.0,0.0,0.0,0.23432192206382751,2.5213441848754883,True,priority,scan
priority_scan,44,300,6,0.443359375,0.9383463541666668,0.8766927083333335,3.6123046875,0.0,0.0,0.0,0.3913560211658478,1.5788064002990723,True,priority,scan
priority_scan,44,600,4,0.806640625,0.9541015625,0.908203125,3.40234375,0.0,0.0,0.0,0.18856120109558105,2.43526029586792,True,priority,scan
priority_scan,44,600,6,0.638671875,0.9669270833333333,0.9338541666666668,4.498046875,0.0,0.0,0.0,0.3410944938659668,1.4951127767562866,True,priority,scan
priority_scan,44,900,4,0.841796875,0.96484375,0.9296875,3.5048828125,0.0,0.0,0.0,0.1747189313173294,2.5739994049072266,True,priority,scan
priority_scan,44,900,6,0.7001953125,0.9725260416666668,0.9450520833333333,4.759765625,0.0,0.0,0.0,0.33033138513565063,1.584302544593811,True,priority,scan
priority_scan,55,300,4,0.6044921875,0.90576171875,0.8115234375,2.7763671875,0.0,0.0,0.0,0.2813810706138611,2.48503041267395,True,priority,scan
priority_scan,55,300,6,0.3447265625,0.9190755208333334,0.8381510416666669,3.15234375,0.0,0.0,0.0,0.43399280309677124,1.59033203125,True,priority,scan
priority_scan,55,600,4,0.8115234375,0.9563802083333333,0.9127604166666667,3.4091796875,0.0,0.0,0.0,0.19155751168727875,2.5689802169799805,True,priority,scan
priority_scan,55,600,6,0.6669921875,0.9686848958333334,0.9373697916666668,4.5849609375,0.0,0.0,0.0,0.34744495153427124,1.5870652198791504,True,priority,scan
priority_scan,55,900,4,0.869140625,0.970703125,0.94140625,3.5830078125,0.0,0.0,0.0,0.16695132851600647,2.643221139907837,True,priority,scan
priority_scan,55,900,6,0.732421875,0.9766927083333334,0.9533854166666668,4.9091796875,0.0,0.0,0.0,0.3327100872993469,1.6358470916748047,True,priority,scan
priority_scan,66,300,4,0.513671875,0.8505859375,0.701171875,2.359375,0.0,0.0,0.0,0.32662975788116455,1.9786887168884277,True,priority,scan
priority_scan,66,300,6,0.26953125,0.8543619791666667,0.7087239583333333,2.5205078125,0.0,0.0,0.0,0.5114960670471191,1.3939874172210693,True,priority,scan
priority_scan,66,600,4,0.857421875,0.96826171875,0.9365234375,3.546875,0.0,0.0,0.0,0.17543472349643707,2.6103105545043945,True,priority,scan
priority_scan,66,600,6,0.7109375,0.9731119791666668,0.9462239583333334,4.884765625,0.0,0.0,0.0,0.33191239833831787,1.5922355651855469,True,priority,scan
priority_scan,66,900,4,0.87109375,0.9710286458333334,0.9420572916666667,3.599609375,0.0,0.0,0.0,0.1631818264722824,2.5009312629699707,True,priority,scan
priority_scan,66,900,6,0.662109375,0.9701822916666667,0.9403645833333334,4.5810546875,0.0,0.0,0.0,0.32611045241355896,1.4714937210083008,True,priority,scan
priority_scan,77,300,4,0.52734375,0.8426106770833334,0.6852213541666667,2.3330078125,0.0,0.0,0.0,0.317091166973114,1.9632086753845215,True,priority,scan
priority_scan,77,300,6,0.2919921875,0.8505859375,0.701171875,2.50390625,0.0,0.0,0.0,0.5109038352966309,1.4014992713928223,True,priority,scan
priority_scan,77,600,4,0.8125,0.9586588541666667,0.9173177083333333,3.435546875,0.0,0.0,0.0,0.18501800298690796,2.4840729236602783,True,priority,scan
priority_scan,77,600,6,0.6298828125,0.9627604166666668,0.9255208333333333,4.4208984375,0.0,0.0,0.0,0.3487388491630554,1.47416090965271,True,priority,scan
priority_scan,77,900,4,0.8662109375,0.96923828125,0.9384765625,3.564453125,0.0,0.0,0.0,0.16267234086990356,2.49849796295166,True,priority,scan
priority_scan,77,900,6,0.732421875,0.9760416666666667,0.9520833333333334,4.845703125,0.0,0.0,0.0,0.3215547800064087,1.4815986156463623,True,priority,scan
priority_scan,88,300,4,0.6982421875,0.92822265625,0.8564453125,3.064453125,0.0,0.0,0.0,0.23658187687397003,2.495892286300659,True,priority,scan
priority_scan,88,300,6,0.4296875,0.9358723958333335,0.8717447916666667,3.5888671875,0.0,0.0,0.0,0.39637187123298645,1.5517046451568604,True,priority,scan
priority_scan,88,600,4,0.8203125,0.95703125,0.9140625,3.4375,0.0,0.0,0.0,0.18578627705574036,2.578282594680786,True,priority,scan
priority_scan,88,600,6,0.658203125,0.9687500000000001,0.9375,4.59375,0.0,0.0,0.0,0.3426158130168915,1.5835297107696533,True,priority,scan
priority_scan,88,900,4,0.8212890625,0.9609375,0.921875,3.4423828125,0.0,0.0,0.0,0.18313896656036377,2.54561710357666,True,priority,scan
priority_scan,88,900,6,0.609375,0.9664713541666667,0.9329427083333334,4.3916015625,0.0,0.0,0.0,0.34194833040237427,1.49586820602417,True,priority,scan
position_competitive,11,300,4,0.8349609375,0.9710286458333334,0.9420572916666667,3.4970703125,0.0,0.0,0.0,0.13442213833332062,4.094915866851807,True,position,competitive
position_competitive,11,300,6,0.5869140625,0.9664713541666667,0.9329427083333334,4.2607421875,0.0,0.0,0.0,0.24232111871242523,2.6922006607055664,True,position,competitive
position_competitive,11,600,4,0.8935546875,0.9811197916666667,0.9622395833333333,3.6748046875,0.0,0.0,0.0,0.10409040004014969,4.249893665313721,True,position,competitive
position_competitive,11,600,6,0.7265625,0.9790364583333334,0.9580729166666667,4.861328125,0.0,0.0,0.0,0.20125865936279297,2.743147850036621,True,position,competitive
position_competitive,11,900,4,0.8916015625,0.9812825520833334,0.9625651041666667,3.6669921875,0.0,0.0,0.0,0.0798695757985115,4.376528739929199,True,position,competitive
position_competitive,11,900,6,0.7158203125,0.9778645833333335,0.9557291666666667,4.8623046875,0.0,0.0,0.0,0.16791567206382751,2.8626060485839844,True,position,competitive
position_competitive,22,300,4,0.8359375,0.9708658854166667,0.9417317708333334,3.5009765625,0.0,0.0,0.0,0.13451936841011047,4.0688886642456055,True,position,competitive
position_competitive,22,300,6,0.6064453125,0.9675130208333333,0.9350260416666667,4.28125,0.0,0.0,0.0,0.24300625920295715,2.6744070053100586,True,position,competitive
position_competitive,22,600,4,0.8623046875,0.9755859375,0.951171875,3.5849609375,0.0,0.0,0.0,0.11404862999916077,4.22568416595459,True,position,competitive
position_competitive,22,600,6,0.6845703125,0.9754557291666668,0.9509114583333335,4.7041015625,0.0,0.0,0.0,0.2085566520690918,2.7347214221954346,True,position,competitive
position_competitive,22,900,4,0.896484375,0.9822591145833334,0.9645182291666666,3.693359375,0.0,0.0,0.0,0.0804147720336914,4.535379409790039,True,position,competitive
position_competitive,22,900,6,0.7197265625,0.9789062500000001,0.9578125000000002,4.845703125,0.0,0.0,0.0,0.172979474067688,2.928246259689331,True,position,competitive
position_competitive,33,300,4,0.8095703125,0.9654947916666667,0.9309895833333333,3.431640625,0.0,0.0,0.0,0.14359325170516968,4.065616130828857,True,position,competitive
position_competitive,33,300,6,0.578125,0.9646484375000002,0.929296875,4.2373046875,0.0,0.0,0.0,0.24615925550460815,2.679028272628784,True,position,competitive
position_competitive,33,600,4,0.8955078125,0.98193359375,0.9638671875,3.677734375,0.0,0.0,0.0,0.1138882115483284,4.161502838134766,True,position,competitive
position_competitive,33,600,6,0.7275390625,0.9794270833333334,0.9588541666666668,4.89453125,0.0,0.0,0.0,0.2118857502937317,2.716705322265625,True,position,competitive
position_competitive,33,900,4,0.8984375,0.98291015625,0.9658203125,3.689453125,0.0,0.0,0.0,0.08416923880577087,4.362448692321777,True,position,competitive
position_competitive,33,900,6,0.791015625,0.9839192708333333,0.9678385416666667,5.1708984375,0.0,0.0,0.0,0.17271137237548828,2.8095531463623047,True,position,competitive
position_competitive,44,300,4,0.7978515625,0.9615885416666667,0.9231770833333333,3.3916015625,0.0,0.0,0.0,0.14814740419387817,4.135900974273682,True,position,competitive
position_competitive,44,300,6,0.6103515625,0.9665364583333333,0.9330729166666668,4.3837890625,0.0,0.0,0.0,0.24531316757202148,2.707915782928467,True,position,competitive
position_competitive,44,600,4,0.83984375,0.9724934895833334,0.9449869791666666,3.5244140625,0.0,0.0,0.0,0.12524063885211945,4.1810102462768555,True,position,competitive
position_competitive,44,600,6,0.6689453125,0.9727864583333334,0.9455729166666668,4.6474609375,0.0,0.0,0.0,0.22531870007514954,2.7292847633361816,True,position,competitive
position_competitive,44,900,4,0.884765625,0.9806315104166666,0.9612630208333334,3.65234375,0.0,0.0,0.0,0.08928661048412323,4.416059494018555,True,position,competitive
position_competitive,44,900,6,0.7197265625,0.9783854166666668,0.9567708333333335,4.86328125,0.0,0.0,0.0,0.179978609085083,2.850022554397583,True,position,competitive
position_competitive,55,300,4,0.8173828125,0.9664713541666667,0.9329427083333333,3.447265625,0.0,0.0,0.0,0.13940782845020294,4.000172138214111,True,position,competitive
position_competitive,55,300,6,0.6162109375,0.96875,0.9375000000000001,4.4375,0.0,0.0,0.0,0.24720193445682526,2.6362555027008057,True,position,competitive
position_competitive,55,600,4,0.87109375,0.9777018229166667,0.9554036458333333,3.611328125,0.0,0.0,0.0,0.12239407002925873,4.15312385559082,True,position,competitive
position_competitive,55,600,6,0.7080078125,0.9770833333333334,0.9541666666666668,4.767578125,0.0,0.0,0.0,0.21968460083007812,2.7162134647369385,True,position,competitive
position_competitive,55,900,4,0.8955078125,0.982421875,0.96484375,3.6904296875,0.0,0.0,0.0,0.10227558016777039,4.46848726272583,True,position,competitive
position_competitive,55,900,6,0.77734375,0.9830729166666667,0.9661458333333335,5.095703125,0.0,0.0,0.0,0.19639720022678375,2.86517071723938,True,position,competitive
position_competitive,66,300,4,0.8388671875,0.9718424479166667,0.9436848958333333,3.515625,0.0,0.0,0.0,0.1298358291387558,4.14534854888916,True,position,competitive
position_competitive,66,300,6,0.63671875,0.9711588541666668,0.9423177083333334,4.5283203125,0.0,0.0,0.0,0.23416490852832794,2.716238498687744,True,position,competitive
position_competitive,66,600,4,0.849609375,0.9734700520833334,0.9469401041666666,3.5419921875,0.0,0.0,0.0,0.12113168835639954,4.241848468780518,True,position,competitive
position_competitive,66,600,6,0.6357421875,0.9697916666666668,0.9395833333333334,4.4833984375,0.0,0.0,0.0,0.22740833461284637,2.749295234680176,True,position,competitive
position_competitive,66,900,4,0.9150390625,0.9853515625,0.970703125,3.75,0.0,0.0,0.0,0.07809488475322723,4.558570861816406,True,position,competitive
position_competitive,66,900,6,0.755859375,0.9818359375000001,0.9636718750000001,4.9951171875,0.0,0.0,0.0,0.16566318273544312,2.9406938552856445,True,position,competitive
position_competitive,77,300,4,0.845703125,0.9718424479166666,0.9436848958333334,3.5244140625,0.0,0.0,0.0,0.1330331414937973,4.1437530517578125,True,position,competitive
position_competitive,77,300,6,0.6591796875,0.9720052083333335,0.9440104166666667,4.5712890625,0.0,0.0,0.0,0.23017695546150208,2.717041015625,True,position,competitive
position_competitive,77,600,4,0.8779296875,0.9791666666666667,0.9583333333333334,3.6279296875,0.0,0.0,0.0,0.1130606010556221,4.226766586303711,True,position,competitive
position_competitive,77,600,6,0.7158203125,0.9781250000000001,0.95625,4.86328125,0.0,0.0,0.0,0.21068572998046875,2.737405300140381,True,position,competitive
position_competitive,77,900,4,0.9013671875,0.9827473958333334,0.9654947916666666,3.6953125,0.0,0.0,0.0,0.07761648297309875,4.4384613037109375,True,position,competitive
position_competitive,77,900,6,0.7265625,0.9795572916666667,0.9591145833333334,4.8916015625,0.0,0.0,0.0,0.1651921570301056,2.9029531478881836,True,position,competitive
position_competitive,88,300,4,0.8212890625,0.9677734375,0.935546875,3.453125,0.0,0.0,0.0,0.13402727246284485,4.1237897872924805,True,position,competitive
position_competitive,88,300,6,0.5947265625,0.9660156250000002,0.9320312500000001,4.3251953125,0.0,0.0,0.0,0.24440926313400269,2.7195510864257812,True,position,competitive
position_competitive,88,600,4,0.8466796875,0.9728190104166667,0.9456380208333334,3.5361328125,0.0,0.0,0.0,0.12604159116744995,4.202811241149902,True,position,competitive
position_competitive,88,600,6,0.6708984375,0.9731770833333334,0.9463541666666668,4.5888671875,0.0,0.0,0.0,0.22317489981651306,2.7388880252838135,True,position,competitive
position_competitive,88,900,4,0.921875,0.9869791666666666,0.9739583333333334,3.7724609375,0.0,0.0,0.0,0.07716710865497589,4.339137077331543,True,position,competitive
position_competitive,88,900,6,0.7734375,0.9833984375,0.966796875,5.0947265625,0.0,0.0,0.0,0.16674241423606873,2.828162908554077,True,position,competitive
position_scan,11,300,4,0.79296875,0.9630533854166667,0.9261067708333333,3.3681640625,0.0,0.0,0.0,0.2131190150976181,2.3579273223876953,True,position,scan
position_scan,11,300,6,0.564453125,0.9626953125000002,0.9253906250000001,4.09765625,0.0,0.0,0.0,0.3745826482772827,1.4010844230651855,True,position,scan
position_scan,11,600,4,0.876953125,0.978515625,0.95703125,3.6171875,0.0,0.0,0.0,0.15730848908424377,2.3061296939849854,True,position,scan
position_scan,11,600,6,0.6806640625,0.9757161458333334,0.9514322916666669,4.681640625,0.0,0.0,0.0,0.3194289803504944,1.3439972400665283,True,position,scan
position_scan,11,900,4,0.8818359375,0.97900390625,0.9580078125,3.646484375,0.0,0.0,0.0,0.13837113976478577,2.473954439163208,True,position,scan
position_scan,11,900,6,0.7265625,0.9791015625,0.9582031250000002,4.931640625,0.0,0.0,0.0,0.2911578118801117,1.496415615081787,True,position,scan
position_scan,22,300,4,0.8212890625,0.96923828125,0.9384765625,3.458984375,0.0,0.0,0.0,0.21072477102279663,2.1532840728759766,True,position,scan
position_scan,22,300,6,0.5732421875,0.9638020833333334,0.9276041666666668,4.2373046875,0.0,0.0,0.0,0.3787638545036316,1.2405521869659424,True,position,scan
position_scan,22,600,4,0.8837890625,0.9798177083333334,0.9596354166666666,3.65234375,0.0,0.0,0.0,0.15435004234313965,2.4129176139831543,True,position,scan
position_scan,22,600,6,0.6865234375,0.9755859375,0.9511718750000001,4.677734375,0.0,0.0,0.0,0.31706503033638,1.3923717737197876,True,position,scan
position_scan,22,900,4,0.9033203125,0.9835611979166667,0.9671223958333334,3.7119140625,0.0,0.0,0.0,0.12897150218486786,2.5275719165802,True,position,scan
position_scan,22,900,6,0.7431640625,0.9809244791666667,0.9618489583333334,4.9619140625,0.0,0.0,0.0,0.2863656282424927,1.4862600564956665,True,position,scan
position_scan,33,300,4,0.802734375,0.96337890625,0.9267578125,3.400390625,0.0,0.0,0.0,0.2103404551744461,2.3044424057006836,True,position,scan
position_scan,33,300,6,0.52734375,0.9593098958333335,0.9186197916666667,4.037109375,0.0,0.0,0.0,0.3762483596801758,1.3441494703292847,True,position,scan
position_scan,33,600,4,0.8701171875,0.9773763020833333,0.9547526041666667,3.611328125,0.0,0.0,0.0,0.15720343589782715,2.4609785079956055,True,position,scan
position_scan,33,600,6,0.6826171875,0.9755859375,0.9511718750000001,4.701171875,0.0,0.0,0.0,0.3169132471084595,1.4366201162338257,True,position,scan
position_scan,33,900,4,0.904296875,0.9840494791666667,0.9680989583333334,3.7080078125,0.0,0.0,0.0,0.13094399869441986,2.418254852294922,True,position,scan
position_scan,33,900,6,0.7890625,0.9841145833333333,0.9682291666666667,5.1484375,0.0,0.0,0.0,0.2883729338645935,1.4331884384155273,True,position,scan
position_scan,44,300,4,0.771484375,0.9562174479166667,0.9124348958333333,3.30859375,0.0,0.0,0.0,0.22201497852802277,2.4193568229675293,True,position,scan
position_scan,44,300,6,0.5810546875,0.9641276041666668,0.9282552083333335,4.2265625,0.0,0.0,0.0,0.37899893522262573,1.4508657455444336,True,position,scan
position_scan,44,600,4,0.8359375,0.9713541666666667,0.9427083333333333,3.505859375,0.0,0.0,0.0,0.17003430426120758,2.565176010131836,True,position,scan
position_scan,44,600,6,0.646484375,0.9715494791666668,0.9430989583333335,4.5517578125,0.0,0.0,0.0,0.3275303244590759,1.5267231464385986,True,position,scan
position_scan,44,900,4,0.8994140625,0.982421875,0.96484375,3.685546875,0.0,0.0,0.0,0.14938724040985107,2.5782110691070557,True,position,scan
position_scan,44,900,6,0.759765625,0.9819661458333334,0.9639322916666668,5.0361328125,0.0,0.0,0.0,0.29831331968307495,1.5552326440811157,True,position,scan
position_scan,55,300,4,0.7548828125,0.9552408854166667,0.9104817708333333,3.26171875,0.0,0.0,0.0,0.22195279598236084,2.5621752738952637,True,position,scan
position_scan,55,300,6,0.4951171875,0.9561848958333334,0.9123697916666668,3.8984375,0.0,0.0,0.0,0.383720725774765,1.5662519931793213,True,position,scan
position_scan,55,600,4,0.908203125,0.9842122395833334,0.9684244791666667,3.732421875,0.0,0.0,0.0,0.15466931462287903,2.547302484512329,True,position,scan
position_scan,55,600,6,0.75390625,0.9820963541666667,0.9641927083333335,4.986328125,0.0,0.0,0.0,0.3106626570224762,1.5452930927276611,True,position,scan
position_scan,55,900,4,0.923828125,0.9873046875,0.974609375,3.759765625,0.0,0.0,0.0,0.1273702085018158,2.515812635421753,True,position,scan
position_scan,55,900,6,0.802734375,0.9854817708333334,0.9709635416666667,5.25390625,0.0,0.0,0.0,0.27949562668800354,1.5049716234207153,True,position,scan
position_scan,66,300,4,0.8603515625,0.9747721354166667,0.9495442708333334,3.5712890625,0.0,0.0,0.0,0.21486973762512207,2.036628246307373,True,position,scan
position_scan,66,300,6,0.6416015625,0.969921875,0.9398437500000001,4.498046875,0.0,0.0,0.0,0.3887343108654022,1.1466978788375854,True,position,scan
position_scan,66,600,4,0.8876953125,0.9811197916666667,0.9622395833333333,3.650390625,0.0,0.0,0.0,0.16615724563598633,2.4934582710266113,True,position,scan
position_scan,66,600,6,0.6884765625,0.9758463541666668,0.9516927083333334,4.6640625,0.0,0.0,0.0,0.3273906409740448,1.4781018495559692,True,position,scan
position_scan,66,900,4,0.890625,0.98095703125,0.9619140625,3.671875,0.0,0.0,0.0,0.1357124000787735,2.4791178703308105,True,position,scan
position_scan,66,900,6,0.7333984375,0.9796223958333334,0.9592447916666667,4.8857421875,0.0,0.0,0.0,0.2923600673675537,1.4488611221313477,True,position,scan
position_scan,77,300,4,0.8046875,0.9651692708333334,0.9303385416666667,3.416015625,0.0,0.0,0.0,0.19998887181282043,2.3662476539611816,True,position,scan
position_scan,77,300,6,0.5859375,0.9659505208333334,0.9319010416666669,4.2451171875,0.0,0.0,0.0,0.36077946424484253,1.3754364252090454,True,position,scan
position_scan,77,600,4,0.8662109375,0.9757486979166667,0.9514973958333333,3.583984375,0.0,0.0,0.0,0.158064067363739,2.6617517471313477,True,position,scan
position_scan,77,600,6,0.7060546875,0.9774088541666667,0.9548177083333335,4.7763671875,0.0,0.0,0.0,0.31126636266708374,1.5934782028198242,True,position,scan
position_scan,77,900,4,0.904296875,0.9832356770833333,0.9664713541666667,3.7138671875,0.0,0.0,0.0,0.13346640765666962,2.5433197021484375,True,position,scan
position_scan,77,900,6,0.7509765625,0.9820312500000001,0.9640625,4.958984375,0.0,0.0,0.0,0.29706597328186035,1.4523091316223145,True,position,scan
position_scan,88,300,4,0.7919921875,0.9620768229166667,0.9241536458333333,3.3583984375,0.0,0.0,0.0,0.2152923047542572,2.298114776611328,True,position,scan
position_scan,88,300,6,0.5390625,0.95859375,0.9171875,4.095703125,0.0,0.0,0.0,0.3787870705127716,1.362061619758606,True,position,scan
position_scan,88,600,4,0.830078125,0.9698893229166667,0.9397786458333333,3.4794921875,0.0,0.0,0.0,0.17267343401908875,2.5324008464813232,True,position,scan
position_scan,88,600,6,0.609375,0.9675781250000001,0.9351562500000001,4.3017578125,0.0,0.0,0.0,0.33325451612472534,1.5119307041168213,True,position,scan
position_scan,88,900,4,0.91015625,0.9847005208333334,0.9694010416666666,3.73046875,0.0,0.0,0.0,0.1307324320077896,2.5818698406219482,True,position,scan
position_scan,88,900,6,0.779296875,0.9834635416666668,0.9669270833333334,5.109375,0.0,0.0,0.0,0.2866670489311218,1.5682268142700195,True,position,scan
phase_competitive,11,300,4,0.6572265625,0.900390625,0.80078125,2.8623046875,0.0,0.0,0.0,0.7578303813934326,3.083906888961792,True,phase,competitive
phase_competitive,11,300,6,0.3603515625,0.8945312500000001,0.7890625000000001,2.9677734375,0.0,0.0,0.0,1.3073768615722656,2.1298937797546387,True,phase,competitive
phase_competitive,11,600,4,0.83203125,0.97021484375,0.9404296875,3.529296875,0.0,0.0,0.0,0.16594186425209045,3.0523128509521484,True,phase,competitive
phase_competitive,11,600,6,0.64453125,0.9712239583333334,0.9424479166666668,4.6396484375,0.0,0.0,0.0,0.2942228317260742,1.982340693473816,True,phase,competitive
phase_competitive,11,900,4,0.8310546875,0.9697265625,0.939453125,3.4912109375,0.0,0.0,0.0,0.2880210876464844,1.401821255683899,True,phase,competitive
phase_competitive,11,900,6,0.609375,0.9666015625000001,0.9332031250000001,4.4052734375,0.0,0.0,0.0,0.47442197799682617,0.9132890105247498,True,phase,competitive
phase_competitive,22,300,4,0.7568359375,0.9557291666666667,0.9114583333333334,3.234375,0.0,0.0,0.0,0.23714178800582886,2.3232274055480957,True,phase,competitive
phase_competitive,22,300,6,0.46484375,0.9512369791666668,0.9024739583333334,3.62109375,0.0,0.0,0.0,0.4155884385108948,1.4444621801376343,True,phase,competitive
phase_competitive,22,600,4,0.0009765625,0.10319010416666667,-0.7936197916666666,0.0048828125,0.0,0.0,0.0,0.9612513780593872,0.2064095139503479,True,phase,competitive
phase_competitive,22,600,6,0.0,0.09778645833333333,-0.8044270833333335,0.0,0.0,0.0,0.0,1.2969156503677368,0.14928904175758362,True,phase,competitive
phase_competitive,22,900,4,0.18359375,0.73828125,0.4765625,1.703125,0.0,0.0,0.0,0.5783031582832336,0.6266529560089111,True,phase,competitive
phase_competitive,22,900,6,0.021484375,0.7186848958333333,0.4373697916666667,1.6767578125,0.0,0.0,0.0,0.8520385026931763,0.41673892736434937,True,phase,competitive
phase_competitive,33,300,4,0.1982421875,0.6017252604166666,0.20345052083333331,1.107421875,0.0,0.0,0.0,1.6294552087783813,1.7460414171218872,True,phase,competitive
phase_competitive,33,300,6,0.0439453125,0.6047526041666667,0.2095052083333333,0.7373046875,0.0,0.0,0.0,2.0034329891204834,1.4276632070541382,True,phase,competitive
phase_competitive,33,600,4,0.5712890625,0.9073893229166667,0.8147786458333333,2.5048828125,0.0,0.0,0.0,0.7010698318481445,0.16099393367767334,True,phase,competitive
phase_competitive,33,600,6,0.228515625,0.9011067708333335,0.8022135416666667,2.021484375,0.0,0.0,0.0,0.9719421863555908,0.14479881525039673,True,phase,competitive
phase_competitive,33,900,4,0.7607421875,0.9545898437500001,0.9091796875,3.259765625,0.0,0.0,0.0,0.24481572210788727,1.8937597274780273,True,phase,competitive
phase_competitive,33,900,6,0.486328125,0.9525390625000001,0.9050781250000001,3.828125,0.0,0.0,0.0,0.4014245271682739,1.2885832786560059,True,phase,competitive
phase_competitive,44,300,4,0.3076171875,0.677734375,0.35546875,1.376953125,0.0,0.0,0.0,1.7993710041046143,2.6577696800231934,True,phase,competitive
phase_competitive,44,300,6,0.083984375,0.6714192708333333,0.3428385416666666,0.8349609375,0.0,0.0,0.0,2.2160608768463135,2.038309097290039,True,phase,competitive
phase_competitive,44,600,4,0.041015625,0.48177083333333337,-0.03645833333333336,0.4169921875,0.0,0.0,0.0,0.7946588397026062,0.0034484060015529394,True,phase,competitive
phase_competitive,44,600,6,0.0009765625,0.4849609375,-0.03007812500000001,0.2080078125,0.0,0.0,0.0,1.0967507362365723,0.002486483659595251,True,phase,competitive
phase_competitive,44,900,4,0.849609375,0.9733072916666667,0.9466145833333333,3.5537109375,0.0,0.0,0.0,0.14094802737236023,2.907864809036255,True,phase,competitive
phase_competitive,44,900,6,0.646484375,0.9720703125000001,0.9441406250000002,4.57421875,0.0,0.0,0.0,0.26200735569000244,1.919091820716858,True,phase,competitive
phase_competitive,55,300,4,0.771484375,0.9578450520833334,0.9156901041666667,3.3203125,0.0,0.0,0.0,0.19641126692295074,2.4450159072875977,True,phase,competitive
phase_competitive,55,300,6,0.494140625,0.9550781250000002,0.9101562500000002,3.9326171875,0.0,0.0,0.0,0.3453294038772583,1.5697190761566162,True,phase,competitive
phase_competitive,55,600,4,0.5009765625,0.8885091145833334,0.7770182291666666,2.4443359375,0.0,0.0,0.0,0.3963305950164795,1.161169171333313,True,phase,competitive
phase_competitive,55,600,6,0.1845703125,0.8876302083333335,0.7752604166666668,2.1796875,0.0,0.0,0.0,0.5925891995429993,0.811660885810852,True,phase,competitive
phase_competitive,55,900,4,0.888671875,0.9806315104166667,0.9612630208333333,3.6767578125,0.0,0.0,0.0,0.1716056913137436,2.656604766845703,True,phase,competitive
phase_competitive,55,900,6,0.7177734375,0.9779947916666667,0.9559895833333334,4.86328125,0.0,0.0,0.0,0.2990180253982544,1.7558581829071045,True,phase,competitive
phase_competitive,66,300,4,0.7802734375,0.9480794270833335,0.8961588541666667,3.3017578125,0.0,0.0,0.0,0.32747572660446167,3.1451854705810547,True,phase,competitive
phase_competitive,66,300,6,0.5263671875,0.9397135416666668,0.8794270833333335,3.97265625,0.0,0.0,0.0,0.7124866247177124,2.108336925506592,True,phase,competitive
phase_competitive,66,600,4,0.8076171875,0.9661458333333335,0.9322916666666667,3.416015625,0.0,0.0,0.0,0.16943450272083282,2.494792938232422,True,phase,competitive
phase_competitive,66,600,6,0.580078125,0.9632161458333335,0.9264322916666667,4.23046875,0.0,0.0,0.0,0.310529887676239,1.5948996543884277,True,phase,competitive
phase_competitive,66,900,4,0.8173828125,0.9679361979166667,0.9358723958333333,3.431640625,0.0,0.0,0.0,0.16262048482894897,2.920470714569092,True,phase,competitive
phase_competitive,66,900,6,0.642578125,0.9708333333333334,0.9416666666666669,4.4111328125,0.0,0.0,0.0,0.2835325598716736,1.9079455137252808,True,phase,competitive
phase_competitive,77,300,4,0.00390625,0.22721354166666666,-0.5455729166666667,0.0205078125,0.0,0.0,0.0,1.009521245956421,0.32753944396972656,True,phase,competitive
phase_competitive,77,300,6,0.0,0.2412760416666667,-0.5174479166666666,0.001953125,0.0,0.0,0.0,1.3358808755874634,0.24696019291877747,True,phase,competitive
phase_competitive,77,600,4,0.783203125,0.9601236979166667,0.9202473958333334,3.345703125,0.0,0.0,0.0,0.25988703966140747,1.6087543964385986,True,phase,competitive
phase_competitive,77,600,6,0.5419921875,0.9597005208333333,0.9194010416666668,4.18359375,0.0,0.0,0.0,0.42416906356811523,1.0825669765472412,True,phase,competitive
phase_competitive,77,900,4,0.0498046875,0.44889322916666663,-0.10221354166666669,0.2265625,0.0,0.0,0.0,3.328415632247925,3.3592264652252197,True,phase,competitive
phase_competitive,77,900,6,0.0029296875,0.46562500000000007,-0.06875,0.033203125,0.0,0.0,0.0,4.048352241516113,2.3578572273254395,True,phase,competitive
phase_competitive,88,300,4,0.78515625,0.9620768229166667,0.9241536458333334,3.34765625,0.0,0.0,0.0,0.2197307050228119,2.303325653076172,True,phase,competitive
phase_competitive,88,300,6,0.556640625,0.9615885416666667,0.9231770833333335,4.080078125,0.0,0.0,0.0,0.38245853781700134,1.4563217163085938,True,phase,competitive
phase_competitive,88,600,4,0.095703125,0.6298828125,0.259765625,0.740234375,0.0,0.0,0.0,0.7920224070549011,0.008506772108376026,True,phase,competitive
phase_competitive,88,600,6,0.005859375,0.6328125,0.265625,0.3916015625,0.0,0.0,0.0,1.0933716297149658,0.006437025964260101,True,phase,competitive
phase_competitive,88,900,4,0.001953125,0.2197265625,-0.560546875,0.046875,0.0,0.0,0.0,0.7963573932647705,0.0032639135606586933,True,phase,competitive
phase_competitive,88,900,6,0.0,0.2356119791666667,-0.5287760416666666,0.021484375,0.0,0.0,0.0,1.098589301109314,0.002296824473887682,True,phase,competitive
phase_scan,11,300,4,0.826171875,0.94677734375,0.8935546875,3.43359375,0.0,0.0,0.0,0.3326891362667084,1.0666747093200684,True,phase,scan
phase_scan,11,300,6,0.619140625,0.9458333333333335,0.8916666666666668,4.3251953125,0.0,0.0,0.0,0.5550755262374878,0.6682484745979309,True,phase,scan
phase_scan,11,600,4,0.8857421875,0.9720052083333334,0.9440104166666667,3.650390625,0.0,0.0,0.0,0.298173189163208,1.1135649681091309,True,phase,scan
phase_scan,11,600,6,0.7392578125,0.9773437500000001,0.9546875000000001,4.9521484375,0.0,0.0,0.0,0.5229325890541077,0.6813136339187622,True,phase,scan
phase_scan,11,900,4,0.884765625,0.9763997395833333,0.9527994791666667,3.6533203125,0.0,0.0,0.0,0.2886850833892822,1.1414979696273804,True,phase,scan
phase_scan,11,900,6,0.7509765625,0.9778645833333334,0.9557291666666667,5.0224609375,0.0,0.0,0.0,0.5146137475967407,0.6753540635108948,True,phase,scan
phase_scan,22,300,4,0.015625,0.43505859375,-0.12988281250000006,0.15234375,0.0,0.0,0.0,0.7934547662734985,0.02450583502650261,True,phase,scan
phase_scan,22,300,6,0.0,0.4736328125,-0.052734375000000014,0.04296875,0.0,0.0,0.0,1.097274899482727,0.01965593732893467,True,phase,scan
phase_scan,22,600,4,0.029296875,0.4920247395833333,-0.015950520833333363,0.240234375,0.0,0.0,0.0,0.7941713333129883,0.0109009500592947,True,phase,scan
phase_scan,22,600,6,0.0,0.47122395833333336,-0.057552083333333344,0.0830078125,0.0,0.0,0.0,1.0958822965621948,0.008508354425430298,True,phase,scan
phase_scan,22,900,4,0.03125,0.55126953125,0.10253906249999997,0.7841796875,0.0,0.0,0.0,0.772357702255249,0.07143573462963104,True,phase,scan
phase_scan,22,900,6,0.0,0.469140625,-0.06171875,0.583984375,0.0,0.0,0.0,1.097239375114441,0.047255001962184906,True,phase,scan
phase_scan,33,300,4,0.787109375,0.9510091145833334,0.9020182291666667,3.3740234375,0.0,0.0,0.0,0.3342779874801636,1.0452511310577393,True,phase,scan
phase_scan,33,300,6,0.5185546875,0.9503255208333334,0.9006510416666667,4.0185546875,0.0,0.0,0.0,0.5651949644088745,0.6524417400360107,True,phase,scan
phase_scan,33,600,4,0.908203125,0.9791666666666667,0.9583333333333333,3.7275390625,0.0,0.0,0.0,0.287873774766922,1.1282283067703247,True,phase,scan
phase_scan,33,600,6,0.7431640625,0.9811197916666667,0.9622395833333335,4.9833984375,0.0,0.0,0.0,0.5157238245010376,0.7081556916236877,True,phase,scan
phase_scan,33,900,4,0.8955078125,0.97998046875,0.9599609375,3.685546875,0.0,0.0,0.0,0.28443410992622375,1.2165783643722534,True,phase,scan
phase_scan,33,900,6,0.783203125,0.9830078125,0.966015625,5.12890625,0.0,0.0,0.0,0.5053564310073853,0.7835469245910645,True,phase,scan
phase_scan,44,300,4,0.78125,0.9477539062500001,0.8955078125,3.3447265625,0.0,0.0,0.0,0.3396463692188263,1.0366458892822266,True,phase,scan
phase_scan,44,300,6,0.546875,0.9506510416666667,0.9013020833333334,4.107421875,0.0,0.0,0.0,0.562915563583374,0.6464776992797852,True,phase,scan
phase_scan,44,600,4,0.87890625,0.97705078125,0.9541015625,3.62890625,0.0,0.0,0.0,0.29934781789779663,1.1288318634033203,True,phase,scan
phase_scan,44,600,6,0.716796875,0.9772135416666667,0.9544270833333335,4.8408203125,0.0,0.0,0.0,0.5264046788215637,0.6846696138381958,True,phase,scan
phase_scan,44,900,4,0.8828125,0.9669596354166667,0.9339192708333333,3.6328125,0.0,0.0,0.0,0.2895459830760956,1.1459252834320068,True,phase,scan
phase_scan,44,900,6,0.7373046875,0.9672526041666667,0.9345052083333334,4.88671875,0.0,0.0,0.0,0.5103418827056885,0.7222917079925537,True,phase,scan
phase_scan,55,300,4,0.7294921875,0.9373372395833335,0.8746744791666666,3.15625,0.0,0.0,0.0,0.36241286993026733,0.9986087083816528,True,phase,scan
phase_scan,55,300,6,0.4462890625,0.9259114583333334,0.8518229166666667,3.6201171875,0.0,0.0,0.0,0.5967123508453369,0.6217619180679321,True,phase,scan
phase_scan,55,600,4,0.8623046875,0.9602864583333335,0.9205729166666667,3.5556640625,0.0,0.0,0.0,0.3086602985858917,1.1241114139556885,True,phase,scan
phase_scan,55,600,6,0.6748046875,0.9618489583333334,0.9236979166666668,4.630859375,0.0,0.0,0.0,0.5337881445884705,0.7029586434364319,True,phase,scan
phase_scan,55,900,4,0.90234375,0.9791666666666667,0.9583333333333334,3.6982421875,0.0,0.0,0.0,0.28773438930511475,1.119147539138794,True,phase,scan
phase_scan,55,900,6,0.76953125,0.9789062500000001,0.9578125000000001,5.1015625,0.0,0.0,0.0,0.5138155817985535,0.7114126086235046,True,phase,scan
phase_scan,66,300,4,0.0458984375,0.5548502604166666,0.1097005208333333,0.79296875,0.0,0.0,0.0,0.7872467041015625,0.06922195851802826,True,phase,scan
phase_scan,66,300,6,0.0009765625,0.6020182291666667,0.2040364583333333,0.740234375,0.0,0.0,0.0,1.0767018795013428,0.05081493407487869,True,phase,scan
phase_scan,66,600,4,0.7724609375,0.947265625,0.89453125,3.29296875,0.0,0.0,0.0,0.352583646774292,1.0202431678771973,True,phase,scan
phase_scan,66,600,6,0.529296875,0.9402343750000002,0.8804687500000001,4.0556640625,0.0,0.0,0.0,0.5873767137527466,0.6377973556518555,True,phase,scan
phase_scan,66,900,4,0.8017578125,0.9558919270833333,0.9117838541666667,3.3916015625,0.0,0.0,0.0,0.3217271566390991,1.1455881595611572,True,phase,scan
phase_scan,66,900,6,0.60546875,0.9512369791666668,0.9024739583333334,4.2705078125,0.0,0.0,0.0,0.546279788017273,0.6831119656562805,True,phase,scan
phase_scan,77,300,4,0.02734375,0.5271809895833334,0.05436197916666664,0.7265625,0.0,0.0,0.0,0.7747731804847717,0.08270230889320374,True,phase,scan
phase_scan,77,300,6,0.0,0.4669270833333333,-0.06614583333333335,0.5751953125,0.0,0.0,0.0,1.0998868942260742,0.05605008453130722,True,phase,scan
phase_scan,77,600,4,0.845703125,0.9435221354166666,0.8870442708333334,3.50390625,0.0,0.0,0.0,0.31129032373428345,1.0811374187469482,True,phase,scan
phase_scan,77,600,6,0.6953125,0.9606119791666667,0.9212239583333334,4.720703125,0.0,0.0,0.0,0.5349757671356201,0.686704695224762,True,phase,scan
phase_scan,77,900,4,0.93359375,0.9842122395833333,0.9684244791666667,3.787109375,0.0,0.0,0.0,0.28124165534973145,1.1300945281982422,True,phase,scan
phase_scan,77,900,6,0.8017578125,0.9832682291666667,0.9665364583333335,5.21484375,0.0,0.0,0.0,0.5063093304634094,0.7251458168029785,True,phase,scan
phase_scan,88,300,4,0.0390625,0.47493489583333337,-0.050130208333333356,0.33984375,0.0,0.0,0.0,0.7307518124580383,0.1911841332912445,True,phase,scan
phase_scan,88,300,6,0.0,0.39361979166666666,-0.21276041666666667,0.025390625,0.0,0.0,0.0,1.1013743877410889,0.27135413885116577,True,phase,scan
phase_scan,88,600,4,0.828125,0.9573567708333334,0.9147135416666667,3.4794921875,0.0,0.0,0.0,0.32686036825180054,1.070763349533081,True,phase,scan
phase_scan,88,600,6,0.6083984375,0.9564453125000001,0.9128906250000001,4.3828125,0.0,0.0,0.0,0.555848240852356,0.6594562530517578,True,phase,scan
phase_scan,88,900,4,0.8515625,0.9721679687500001,0.9443359375,3.560546875,0.0,0.0,0.0,0.30292052030563354,1.1470370292663574,True,phase,scan
phase_scan,88,900,6,0.671875,0.9725911458333334,0.9451822916666668,4.6923828125,0.0,0.0,0.0,0.5263545513153076,0.7181355953216553,True,phase,scan
reference,11,300,4,0.8759765625,0.9778645833333334,0.9557291666666667,3.6220703125,0.0,0.0,0.0,0.07765400409698486,12.313224792480469,False,distributed,step_conditioned_scorer
reference,11,300,6,0.68359375,0.9757161458333334,0.9514322916666669,4.6953125,0.0,0.0,0.0,0.1276676207780838,8.722616195678711,False,distributed,step_conditioned_scorer
reference,11,600,4,0.9130859375,0.9845377604166666,0.9690755208333334,3.7265625,0.0,0.0,0.0,0.05277807265520096,16.241962432861328,False,distributed,step_conditioned_scorer
reference,11,600,6,0.7734375,0.9821614583333333,0.9643229166666668,5.0830078125,0.0,0.0,0.0,0.09338754415512085,11.488168716430664,False,distributed,step_conditioned_scorer
reference,11,900,4,0.9013671875,0.9827473958333334,0.9654947916666667,3.6845703125,0.0,0.0,0.0,0.05994868278503418,24.513078689575195,False,distributed,step_conditioned_scorer
reference,11,900,6,0.7744140625,0.9832682291666668,0.9665364583333335,5.0966796875,0.0,0.0,0.0,0.09365355968475342,17.366741180419922,False,distributed,step_conditioned_scorer
reference,22,300,4,0.873046875,0.9778645833333334,0.9557291666666666,3.615234375,0.0,0.0,0.0,0.07481825351715088,10.80994987487793,False,distributed,step_conditioned_scorer
reference,22,300,6,0.69140625,0.9755208333333334,0.9510416666666668,4.75390625,0.0,0.0,0.0,0.13009361922740936,7.650724411010742,False,distributed,step_conditioned_scorer
reference,22,600,4,0.8876953125,0.97998046875,0.9599609375,3.677734375,0.0,0.0,0.0,0.07157202810049057,15.038711547851562,False,distributed,step_conditioned_scorer
reference,22,600,6,0.7109375,0.9775390625,0.9550781250000001,4.8515625,0.0,0.0,0.0,0.11990047991275787,10.66227912902832,False,distributed,step_conditioned_scorer
reference,22,900,4,0.9267578125,0.9874674479166667,0.9749348958333334,3.7724609375,0.0,0.0,0.0,0.04217388480901718,22.85980224609375,False,distributed,step_conditioned_scorer
reference,22,900,6,0.8291015625,0.9879557291666667,0.9759114583333335,5.3310546875,0.0,0.0,0.0,0.07158096134662628,16.13333511352539,False,distributed,step_conditioned_scorer
reference,33,300,4,0.8203125,0.9679361979166667,0.9358723958333334,3.4541015625,0.0,0.0,0.0,0.09957639127969742,10.62490177154541,False,distributed,step_conditioned_scorer
reference,33,300,6,0.6552734375,0.9723958333333335,0.9447916666666667,4.544921875,0.0,0.0,0.0,0.15192201733589172,7.542072772979736,False,distributed,step_conditioned_scorer
reference,33,600,4,0.890625,0.9807942708333334,0.9615885416666666,3.6689453125,0.0,0.0,0.0,0.0638805478811264,15.69503402709961,False,distributed,step_conditioned_scorer
reference,33,600,6,0.7236328125,0.9791015625000001,0.958203125,4.873046875,0.0,0.0,0.0,0.11045905947685242,11.111989974975586,False,distributed,step_conditioned_scorer
reference,33,900,4,0.94140625,0.9900716145833334,0.9801432291666666,3.8310546875,0.0,0.0,0.0,0.03223918005824089,21.544370651245117,False,distributed,step_conditioned_scorer
reference,33,900,6,0.861328125,0.9903645833333333,0.9807291666666667,5.478515625,0.0,0.0,0.0,0.055179767310619354,15.277168273925781,False,distributed,step_conditioned_scorer
reference,44,300,4,0.853515625,0.9729817708333334,0.9459635416666667,3.564453125,0.0,0.0,0.0,0.08988374471664429,11.265052795410156,False,distributed,step_conditioned_scorer
reference,44,300,6,0.689453125,0.9746744791666667,0.9493489583333334,4.703125,0.0,0.0,0.0,0.13930445909500122,7.953546047210693,False,distributed,step_conditioned_scorer
reference,44,600,4,0.90234375,0.9832356770833335,0.9664713541666667,3.701171875,0.0,0.0,0.0,0.057295747101306915,17.445171356201172,False,distributed,step_conditioned_scorer
reference,44,600,6,0.759765625,0.9815755208333334,0.9631510416666667,5.005859375,0.0,0.0,0.0,0.10315775126218796,12.325273513793945,False,distributed,step_conditioned_scorer
reference,44,900,4,0.9150390625,0.9851888020833334,0.9703776041666667,3.7470703125,0.0,0.0,0.0,0.050020016729831696,22.187904357910156,False,distributed,step_conditioned_scorer
reference,44,900,6,0.80078125,0.9845052083333334,0.9690104166666668,5.17578125,0.0,0.0,0.0,0.09085004031658173,15.712644577026367,False,distributed,step_conditioned_scorer
reference,55,300,4,0.8505859375,0.97314453125,0.9462890625,3.5302734375,0.0,0.0,0.0,0.08965170383453369,12.011259078979492,False,distributed,step_conditioned_scorer
reference,55,300,6,0.66796875,0.9747395833333334,0.9494791666666669,4.6494140625,0.0,0.0,0.0,0.14392153918743134,8.507808685302734,False,distributed,step_conditioned_scorer
reference,55,600,4,0.904296875,0.9833984375,0.966796875,3.720703125,0.0,0.0,0.0,0.05311858654022217,15.948420524597168,False,distributed,step_conditioned_scorer
reference,55,600,6,0.76171875,0.9826171875,0.9652343750000001,5.0302734375,0.0,0.0,0.0,0.08908779919147491,11.286432266235352,False,distributed,step_conditioned_scorer
reference,55,900,4,0.9287109375,0.9881184895833334,0.9762369791666667,3.783203125,0.0,0.0,0.0,0.03846905753016472,23.993545532226562,False,distributed,step_conditioned_scorer
reference,55,900,6,0.845703125,0.9888671875,0.977734375,5.3828125,0.0,0.0,0.0,0.06708142161369324,16.999603271484375,False,distributed,step_conditioned_scorer
reference,66,300,4,0.8525390625,0.974609375,0.94921875,3.548828125,0.0,0.0,0.0,0.08387693017721176,11.375082015991211,False,distributed,step_conditioned_scorer
reference,66,300,6,0.689453125,0.9756510416666667,0.9513020833333334,4.712890625,0.0,0.0,0.0,0.13330799341201782,8.062556266784668,False,distributed,step_conditioned_scorer
reference,66,600,4,0.9130859375,0.9850260416666667,0.9700520833333333,3.7255859375,0.0,0.0,0.0,0.053839489817619324,15.481584548950195,False,distributed,step_conditioned_scorer
reference,66,600,6,0.7861328125,0.9834635416666667,0.9669270833333334,5.15234375,0.0,0.0,0.0,0.08981014788150787,10.976583480834961,False,distributed,step_conditioned_scorer
reference,66,900,4,0.9169921875,0.9851888020833334,0.9703776041666666,3.740234375,0.0,0.0,0.0,0.05254567414522171,22.171245574951172,False,distributed,step_conditioned_scorer
reference,66,900,6,0.7861328125,0.9846354166666667,0.9692708333333334,5.1201171875,0.0,0.0,0.0,0.08758331090211868,15.700956344604492,False,distributed,step_conditioned_scorer
reference,77,300,4,0.869140625,0.9768880208333334,0.9537760416666666,3.6025390625,0.0,0.0,0.0,0.07656019926071167,10.423134803771973,False,distributed,step_conditioned_scorer
reference,77,300,6,0.689453125,0.9770182291666667,0.9540364583333334,4.74609375,0.0,0.0,0.0,0.12710033357143402,7.406649589538574,False,distributed,step_conditioned_scorer
reference,77,600,4,0.919921875,0.9866536458333334,0.9733072916666666,3.7587890625,0.0,0.0,0.0,0.04826485365629196,16.30253028869629,False,distributed,step_conditioned_scorer
reference,77,600,6,0.802734375,0.9856770833333335,0.9713541666666667,5.22265625,0.0,0.0,0.0,0.08177930116653442,11.566692352294922,False,distributed,step_conditioned_scorer
reference,77,900,4,0.9306640625,0.9881184895833334,0.9762369791666667,3.7861328125,0.0,0.0,0.0,0.03977687656879425,23.37636947631836,False,distributed,step_conditioned_scorer
reference,77,900,6,0.806640625,0.9857421875000001,0.9714843750000002,5.21875,0.0,0.0,0.0,0.08115968108177185,16.60623550415039,False,distributed,step_conditioned_scorer
reference,88,300,4,0.888671875,0.9806315104166667,0.9612630208333334,3.6494140625,0.0,0.0,0.0,0.06829220801591873,10.631399154663086,False,distributed,step_conditioned_scorer
reference,88,300,6,0.732421875,0.9800130208333334,0.9600260416666668,4.8857421875,0.0,0.0,0.0,0.11873915046453476,7.521650791168213,False,distributed,step_conditioned_scorer
reference,88,600,4,0.8818359375,0.9796549479166666,0.9593098958333334,3.6435546875,0.0,0.0,0.0,0.06537509709596634,15.650338172912598,False,distributed,step_conditioned_scorer
reference,88,600,6,0.736328125,0.9801432291666667,0.9602864583333335,4.9267578125,0.0,0.0,0.0,0.1047801598906517,11.071952819824219,False,distributed,step_conditioned_scorer
reference,88,900,4,0.9169921875,0.9860026041666667,0.9720052083333334,3.7490234375,0.0,0.0,0.0,0.04704190418124199,23.40191078186035,False,distributed,step_conditioned_scorer
reference,88,900,6,0.7978515625,0.9850260416666667,0.9700520833333335,5.15625,0.0,0.0,0.0,0.08210279047489166,16.60194206237793,False,distributed,step_conditioned_scorer
