representation,readout,seed,step,n,source,target_readout,native_exact,transfer_exact,exact_accuracy,pairwise_accuracy,kendall_tau_present,pair_coverage,first_error,omission_rate,no_match_rate,duplicate_rate
priority,competitive,11,300,4,runs/experiment_A/priority_competitive/11/eval_300_4.npz,scan,0.8408203125,0.185546875,0.185546875,0.5431315104166667,0.9977213541666666,0.5437825520833334,1.6943359375,0.240478515625,0.240478515625,0.0
priority,scan,11,300,4,runs/experiment_A1/calibration/priority_scan/11/eval_300_4.npz,competitive,0.1669921875,0.75390625,0.75390625,0.9541015625,0.908203125,1.0,3.224609375,0.0,0.0,0.0
priority,competitive,11,300,6,runs/experiment_A/priority_competitive/11/eval_300_6.npz,scan,0.6181640625,0.0185546875,0.0185546875,0.4629557291666668,0.9932942708333333,0.4648437500000001,1.36328125,0.30078125,0.30078125,0.0
priority,scan,11,300,6,runs/experiment_A1/calibration/priority_scan/11/eval_300_6.npz,competitive,0.0126953125,0.4873046875,0.4873046875,0.9529296875000002,0.9058593750000001,1.0,3.7978515625,0.0,0.0,0.0
priority,competitive,11,600,4,runs/experiment_A/priority_competitive/11/eval_600_4.npz,scan,0.8984375,0.1875,0.1875,0.5455729166666667,0.9996744791666666,0.5457356770833334,1.705078125,0.2392578125,0.2392578125,0.0
priority,scan,11,600,4,runs/experiment_A1/calibration/priority_scan/11/eval_600_4.npz,competitive,0.17578125,0.81640625,0.81640625,0.9674479166666667,0.9348958333333333,1.0,3.431640625,0.0,0.0,0.0
priority,competitive,11,600,6,runs/experiment_A/priority_competitive/11/eval_600_6.npz,scan,0.7587890625,0.0234375,0.0234375,0.46399739583333344,0.9993489583333333,0.46412760416666676,1.4697265625,0.30192057291666663,0.30192057291666663,0.0
priority,scan,11,600,6,runs/experiment_A1/calibration/priority_scan/11/eval_600_6.npz,competitive,0.0234375,0.61328125,0.61328125,0.9688151041666667,0.9376302083333334,1.0,4.3466796875,0.0,0.0,0.0
priority,competitive,11,900,4,runs/experiment_A/priority_competitive/11/eval_900_4.npz,scan,0.9033203125,0.1884765625,0.1884765625,0.5432942708333334,0.9983723958333334,0.5439453125,1.724609375,0.240966796875,0.240966796875,0.0
priority,scan,11,900,4,runs/experiment_A1/calibration/priority_scan/11/eval_900_4.npz,competitive,0.3681640625,0.88671875,0.88671875,0.9803059895833334,0.9606119791666666,1.0,3.66796875,0.0,0.0,0.0
priority,competitive,11,900,6,runs/experiment_A/priority_competitive/11/eval_900_6.npz,scan,0.7783203125,0.0205078125,0.0205078125,0.4654296875000001,0.9994791666666667,0.46555989583333346,1.4248046875,0.30094401041666663,0.30094401041666663,0.0
priority,scan,11,900,6,runs/experiment_A1/calibration/priority_scan/11/eval_900_6.npz,competitive,0.0478515625,0.724609375,0.724609375,0.978125,0.95625,1.0,4.892578125,0.0,0.0,0.0
priority,competitive,22,300,4,runs/experiment_A/priority_competitive/22/eval_300_4.npz,scan,0.8525390625,0.1982421875,0.1982421875,0.5501302083333334,0.9973958333333334,0.5509440104166666,1.7255859375,0.23681640625,0.23681640625,0.0
priority,scan,22,300,4,runs/experiment_A1/calibration/priority_scan/22/eval_300_4.npz,competitive,0.18359375,0.7666015625,0.7666015625,0.9552408854166667,0.9104817708333333,1.0,3.28125,0.0,0.0,0.0
priority,competitive,22,300,6,runs/experiment_A/priority_competitive/22/eval_300_6.npz,scan,0.6796875,0.0283203125,0.0283203125,0.4673828125000001,0.99765625,0.4681640625000001,1.4443359375,0.2994791666666667,0.29947916666666663,0.0
priority,scan,22,300,6,runs/experiment_A1/calibration/priority_scan/22/eval_300_6.npz,competitive,0.025390625,0.50390625,0.50390625,0.9544270833333335,0.9088541666666667,1.0,3.908203125,0.0,0.0,0.0
priority,competitive,22,600,4,runs/experiment_A/priority_competitive/22/eval_600_4.npz,scan,0.8818359375,0.1923828125,0.1923828125,0.5455729166666666,0.9990234375,0.5458984375,1.73046875,0.23974609375,0.23974609375,0.0
priority,scan,22,600,4,runs/experiment_A1/calibration/priority_scan/22/eval_600_4.npz,competitive,0.16796875,0.841796875,0.841796875,0.97216796875,0.9443359375,1.0,3.515625,0.0,0.0,0.0
priority,competitive,22,600,6,runs/experiment_A/priority_competitive/22/eval_600_6.npz,scan,0.732421875,0.029296875,0.029296875,0.46705729166666676,0.9986979166666666,0.46751302083333346,1.4794921875,0.2999674479166667,0.2999674479166667,0.0
priority,scan,22,600,6,runs/experiment_A1/calibration/priority_scan/22/eval_600_6.npz,competitive,0.021484375,0.5693359375,0.5693359375,0.9630859375000002,0.9261718750000001,1.0,4.2548828125,0.0,0.0,0.0
priority,competitive,22,900,4,runs/experiment_A/priority_competitive/22/eval_900_4.npz,scan,0.9111328125,0.1962890625,0.1962890625,0.55029296875,0.9993489583333334,0.5506184895833334,1.734375,0.23681640625,0.23681640625,0.0
priority,scan,22,900,4,runs/experiment_A1/calibration/priority_scan/22/eval_900_4.npz,competitive,0.201171875,0.8798828125,0.8798828125,0.9794921875,0.958984375,1.0,3.6318359375,0.0,0.0,0.0
priority,competitive,22,900,6,runs/experiment_A/priority_competitive/22/eval_900_6.npz,scan,0.794921875,0.021484375,0.021484375,0.4580729166666668,1.0,0.4580729166666668,1.435546875,0.3059895833333333,0.3059895833333333,0.0
priority,scan,22,900,6,runs/experiment_A1/calibration/priority_scan/22/eval_900_6.npz,competitive,0.025390625,0.703125,0.703125,0.9763020833333335,0.9526041666666667,1.0,4.7646484375,0.0,0.0,0.0
priority,competitive,33,300,4,runs/experiment_A/priority_competitive/33/eval_300_4.npz,scan,0.8466796875,0.1826171875,0.1826171875,0.5408528645833334,0.9957682291666666,0.5423177083333334,1.658203125,0.24169921875,0.24169921875,0.0
priority,scan,33,300,4,runs/experiment_A1/calibration/priority_scan/33/eval_300_4.npz,competitive,0.1748046875,0.724609375,0.724609375,0.9482421875,0.896484375,1.0,3.15625,0.0,0.0,0.0
priority,competitive,33,300,6,runs/experiment_A/priority_competitive/33/eval_300_6.npz,scan,0.630859375,0.0224609375,0.0224609375,0.4711588541666668,0.9969401041666667,0.4720052083333335,1.4248046875,0.2957356770833333,0.2957356770833333,0.0
priority,scan,33,300,6,runs/experiment_A1/calibration/priority_scan/33/eval_300_6.npz,competitive,0.0244140625,0.4228515625,0.4228515625,0.9436197916666668,0.8872395833333333,1.0,3.484375,0.0,0.0,0.0
priority,competitive,33,600,4,runs/experiment_A/priority_competitive/33/eval_600_4.npz,scan,0.861328125,0.2021484375,0.2021484375,0.5520833333333334,0.9973958333333333,0.5528971354166666,1.734375,0.23583984375,0.23583984375,0.0
priority,scan,33,600,4,runs/experiment_A1/calibration/priority_scan/33/eval_600_4.npz,competitive,0.177734375,0.8125,0.8125,0.9654947916666667,0.9309895833333333,1.0,3.412109375,0.0,0.0,0.0
priority,competitive,33,600,6,runs/experiment_A/priority_competitive/33/eval_600_6.npz,scan,0.703125,0.0234375,0.0234375,0.4623046875000001,0.9977864583333333,0.4628255208333334,1.41015625,0.30208333333333337,0.30208333333333337,0.0
priority,scan,33,600,6,runs/experiment_A1/calibration/priority_scan/33/eval_600_6.npz,competitive,0.021484375,0.5703125,0.5703125,0.9637369791666668,0.9274739583333333,1.0,4.22265625,0.0,0.0,0.0
priority,competitive,33,900,4,runs/experiment_A/priority_competitive/33/eval_900_4.npz,scan,0.90625,0.1904296875,0.1904296875,0.5426432291666666,0.9990234375,0.54296875,1.7158203125,0.24169921875,0.24169921875,0.0
priority,scan,33,900,4,runs/experiment_A1/calibration/priority_scan/33/eval_900_4.npz,competitive,0.1708984375,0.8349609375,0.8349609375,0.9703776041666667,0.9407552083333333,1.0,3.5166015625,0.0,0.0,0.0
priority,competitive,33,900,6,runs/experiment_A/priority_competitive/33/eval_900_6.npz,scan,0.7939453125,0.02734375,0.02734375,0.4651692708333334,1.0,0.4651692708333334,1.4609375,0.30143229166666663,0.30143229166666663,0.0
priority,scan,33,900,6,runs/experiment_A1/calibration/priority_scan/33/eval_900_6.npz,competitive,0.0166015625,0.6181640625,0.6181640625,0.9677734375000001,0.935546875,1.0,4.478515625,0.0,0.0,0.0
priority,competitive,44,300,4,runs/experiment_A/priority_competitive/44/eval_300_4.npz,scan,0.8291015625,0.1669921875,0.1669921875,0.5270182291666667,0.9944661458333334,0.5286458333333333,1.640625,0.249755859375,0.249755859375,0.0
priority,scan,44,300,4,runs/experiment_A1/calibration/priority_scan/44/eval_300_4.npz,competitive,0.1650390625,0.75390625,0.75390625,0.9539388020833334,0.9078776041666665,1.0,3.265625,0.0,0.0,0.0
priority,competitive,44,300,6,runs/experiment_A/priority_competitive/44/eval_300_6.npz,scan,0.6328125,0.0185546875,0.0185546875,0.4591796875000001,0.9953125,0.46061197916666674,1.384765625,0.30403645833333337,0.30403645833333337,0.0
priority,scan,44,300,6,runs/experiment_A1/calibration/priority_scan/44/eval_300_6.npz,competitive,0.0234375,0.50390625,0.50390625,0.9548828125000002,0.909765625,1.0,3.86328125,0.0,0.0,0.0
priority,competitive,44,600,4,runs/experiment_A/priority_competitive/44/eval_600_4.npz,scan,0.8681640625,0.1953125,0.1953125,0.5411783854166666,0.9977213541666667,0.5418294270833333,1.7197265625,0.2431640625,0.2431640625,0.0
priority,scan,44,600,4,runs/experiment_A1/calibration/priority_scan/44/eval_600_4.npz,competitive,0.1845703125,0.833984375,0.833984375,0.9694010416666667,0.9388020833333333,1.0,3.5,0.0,0.0,0.0
priority,competitive,44,600,6,runs/experiment_A/priority_competitive/44/eval_600_6.npz,scan,0.724609375,0.0234375,0.0234375,0.4634114583333334,0.9990234375,0.4637369791666668,1.4248046875,0.30192057291666663,0.30192057291666663,0.0
priority,scan,44,600,6,runs/experiment_A1/calibration/priority_scan/44/eval_600_6.npz,competitive,0.029296875,0.6083984375,0.6083984375,0.9686848958333334,0.9373697916666668,1.0,4.42578125,0.0,0.0,0.0
priority,competitive,44,900,4,runs/experiment_A/priority_competitive/44/eval_900_4.npz,scan,0.9248046875,0.1796875,0.1796875,0.5333658854166666,0.9993489583333333,0.5335286458333333,1.7060546875,0.247314453125,0.247314453125,0.0
priority,scan,44,900,4,runs/experiment_A1/calibration/priority_scan/44/eval_900_4.npz,competitive,0.427734375,0.853515625,0.853515625,0.97314453125,0.9462890625,1.0,3.552734375,0.0,0.0,0.0
priority,competitive,44,900,6,runs/experiment_A/priority_competitive/44/eval_900_6.npz,scan,0.8193359375,0.0224609375,0.0224609375,0.4597656250000001,0.9994791666666667,0.45989583333333345,1.4443359375,0.3050130208333333,0.3050130208333333,0.0
priority,scan,44,900,6,runs/experiment_A1/calibration/priority_scan/44/eval_900_6.npz,competitive,0.0615234375,0.6494140625,0.6494140625,0.9712239583333334,0.9424479166666667,1.0,4.55859375,0.0,0.0,0.0
position,competitive,11,300,4,runs/experiment_A/position_competitive/11/eval_300_4.npz,scan,0.8349609375,0.1513671875,0.1513671875,0.45393880208333337,0.9937355753379493,0.45589192708333337,1.3662109375,0.30419921875,0.30419921875,0.0
position,scan,11,300,4,runs/experiment_A1/calibration/position_scan/11/eval_300_4.npz,competitive,0.16796875,0.8291015625,0.8291015625,0.9697265625,0.939453125,1.0,3.48046875,0.0,0.0,0.0
position,competitive,11,300,6,runs/experiment_A/position_competitive/11/eval_300_6.npz,scan,0.5869140625,0.013671875,0.013671875,0.37434895833333337,0.9879439556858912,0.3767578125000001,0.966796875,0.3675130208333333,0.3675130208333333,0.0
position,scan,11,300,6,runs/experiment_A1/calibration/position_scan/11/eval_300_6.npz,competitive,0.0068359375,0.59375,0.59375,0.9656250000000002,0.9312500000000001,1.0,4.2265625,0.0,0.0,0.0
position,competitive,11,600,4,runs/experiment_A/position_competitive/11/eval_600_4.npz,scan,0.8935546875,0.19140625,0.19140625,0.50048828125,0.9990196078431373,0.5008138020833334,1.6083984375,0.27392578125,0.27392578125,0.0
position,scan,11,600,4,runs/experiment_A1/calibration/position_scan/11/eval_600_4.npz,competitive,0.380859375,0.873046875,0.873046875,0.978515625,0.95703125,1.0,3.6103515625,0.0,0.0,0.0
position,competitive,11,600,6,runs/experiment_A/position_competitive/11/eval_600_6.npz,scan,0.7265625,0.0107421875,0.0107421875,0.4003906250000001,0.9973958333333333,0.40104166666666674,1.046875,0.34521484375,0.34521484375,0.0
position,scan,11,600,6,runs/experiment_A1/calibration/position_scan/11/eval_600_6.npz,competitive,0.017578125,0.712890625,0.712890625,0.9783854166666668,0.9567708333333333,1.0,4.822265625,0.0,0.0,0.0
position,competitive,11,900,4,runs/experiment_A/position_competitive/11/eval_900_4.npz,scan,0.8916015625,0.3623046875,0.3623046875,0.64208984375,0.9951076320939335,0.6438802083333333,2.2255859375,0.1884765625,0.1884765625,0.0
position,scan,11,900,4,runs/experiment_A1/calibration/position_scan/11/eval_900_4.npz,competitive,0.509765625,0.8701171875,0.8701171875,0.9768880208333334,0.9537760416666666,1.0,3.6181640625,0.0,0.0,0.0
position,competitive,11,900,6,runs/experiment_A/position_competitive/11/eval_900_6.npz,scan,0.7158203125,0.0390625,0.0390625,0.45729166666666676,0.9921875,0.4593750000000001,1.7060546875,0.30826822916666663,0.30826822916666663,0.0
position,scan,11,900,6,runs/experiment_A1/calibration/position_scan/11/eval_900_6.npz,competitive,0.0068359375,0.6982421875,0.6982421875,0.9761067708333333,0.9522135416666667,1.0,4.806640625,0.0,0.0,0.0
position,competitive,22,300,4,runs/experiment_A/position_competitive/22/eval_300_4.npz,scan,0.8359375,0.083984375,0.083984375,0.41276041666666663,0.9973571192599933,0.41357421875,0.9765625,0.327392578125,0.327392578125,0.0
position,scan,22,300,4,runs/experiment_A1/calibration/position_scan/22/eval_300_4.npz,competitive,0.2958984375,0.7958984375,0.7958984375,0.9627278645833334,0.9254557291666666,1.0,3.38671875,0.0,0.0,0.0
position,competitive,22,300,6,runs/experiment_A/position_competitive/22/eval_300_6.npz,scan,0.6064453125,0.0009765625,0.0009765625,0.35677083333333337,0.9942708333333333,0.35807291666666674,0.63671875,0.37972005208333337,0.3797200520833333,0.0
position,scan,22,300,6,runs/experiment_A1/calibration/position_scan/22/eval_300_6.npz,competitive,0.033203125,0.533203125,0.533203125,0.9611328125000002,0.9222656250000001,1.0,4.07421875,0.0,0.0,0.0
position,competitive,22,600,4,runs/experiment_A/position_competitive/22/eval_600_4.npz,scan,0.8623046875,0.1806640625,0.1806640625,0.50048828125,0.9960822722820764,0.501953125,1.6533203125,0.272216796875,0.272216796875,0.0
position,scan,22,600,4,runs/experiment_A1/calibration/position_scan/22/eval_600_4.npz,competitive,0.416015625,0.841796875,0.841796875,0.9724934895833335,0.9449869791666665,1.0,3.5263671875,0.0,0.0,0.0
position,competitive,22,600,6,runs/experiment_A/position_competitive/22/eval_600_6.npz,scan,0.6845703125,0.0146484375,0.0146484375,0.3960286458333334,0.9963541666666667,0.3968750000000001,1.224609375,0.3504231770833333,0.3504231770833333,0.0
position,scan,22,600,6,runs/experiment_A1/calibration/position_scan/22/eval_600_6.npz,competitive,0.0126953125,0.6533203125,0.6533203125,0.9727864583333333,0.9455729166666668,1.0,4.5859375,0.0,0.0,0.0
position,competitive,22,900,4,runs/experiment_A/position_competitive/22/eval_900_4.npz,scan,0.896484375,0.171875,0.171875,0.5130208333333334,0.9940944881889764,0.5146484375,1.892578125,0.262451171875,0.262451171875,0.0
position,scan,22,900,4,runs/experiment_A1/calibration/position_scan/22/eval_900_4.npz,competitive,0.5458984375,0.8876953125,0.8876953125,0.9806315104166667,0.9612630208333333,1.0,3.658203125,0.0,0.0,0.0
position,competitive,22,900,6,runs/experiment_A/position_competitive/22/eval_900_6.npz,scan,0.7197265625,0.005859375,0.005859375,0.40683593750000013,0.9929036458333333,0.40833333333333344,1.5341796875,0.34212239583333337,0.34212239583333337,0.0
position,scan,22,900,6,runs/experiment_A1/calibration/position_scan/22/eval_900_6.npz,competitive,0.01171875,0.73828125,0.73828125,0.9807291666666668,0.9614583333333334,1.0,4.9267578125,0.0,0.0,0.0
position,competitive,33,300,4,runs/experiment_A/position_competitive/33/eval_300_4.npz,scan,0.8095703125,0.1376953125,0.1376953125,0.45393880208333337,0.9927464556544675,0.45638020833333337,1.296875,0.302490234375,0.302490234375,0.0
position,scan,33,300,4,runs/experiment_A1/calibration/position_scan/33/eval_300_4.npz,competitive,0.3349609375,0.8134765625,0.8134765625,0.9654947916666667,0.9309895833333333,1.0,3.4541015625,0.0,0.0,0.0
position,competitive,33,300,6,runs/experiment_A/position_competitive/33/eval_300_6.npz,scan,0.578125,0.0126953125,0.0126953125,0.39010416666666675,0.9875,0.3930338541666668,0.9130859375,0.35530598958333337,0.3553059895833333,0.0
position,scan,33,300,6,runs/experiment_A1/calibration/position_scan/33/eval_300_6.npz,competitive,0.064453125,0.5390625,0.5390625,0.9620442708333334,0.9240885416666667,1.0,4.083984375,0.0,0.0,0.0
position,competitive,33,600,4,runs/experiment_A/position_competitive/33/eval_600_4.npz,scan,0.8955078125,0.1357421875,0.1357421875,0.44091796875,0.9986811737553577,0.44140625,1.3408203125,0.312744140625,0.312744140625,0.0
position,scan,33,600,4,runs/experiment_A1/calibration/position_scan/33/eval_600_4.npz,competitive,0.4501953125,0.8759765625,0.8759765625,0.9781901041666667,0.9563802083333333,1.0,3.6328125,0.0,0.0,0.0
position,competitive,33,600,6,runs/experiment_A/position_competitive/33/eval_600_6.npz,scan,0.7275390625,0.015625,0.015625,0.3761718750000001,0.9991536458333333,0.37643229166666675,1.0458984375,0.36751302083333337,0.3675130208333333,0.0
position,scan,33,600,6,runs/experiment_A1/calibration/position_scan/33/eval_600_6.npz,competitive,0.0546875,0.6708984375,0.6708984375,0.9752604166666667,0.9505208333333335,1.0,4.6572265625,0.0,0.0,0.0
position,competitive,33,900,4,runs/experiment_A/position_competitive/33/eval_900_4.npz,scan,0.8984375,0.279296875,0.279296875,0.5869140625,0.9986979166666667,0.5875651041666667,2.0205078125,0.2197265625,0.2197265625,0.0
position,scan,33,900,4,runs/experiment_A1/calibration/position_scan/33/eval_900_4.npz,competitive,0.375,0.8935546875,0.8935546875,0.98193359375,0.9638671875,1.0,3.6826171875,0.0,0.0,0.0
position,competitive,33,900,6,runs/experiment_A/position_competitive/33/eval_900_6.npz,scan,0.791015625,0.0361328125,0.0361328125,0.4527994791666668,0.9949869791666667,0.4539713541666668,1.65625,0.3089192708333333,0.3089192708333333,0.0
position,scan,33,900,6,runs/experiment_A1/calibration/position_scan/33/eval_900_6.npz,competitive,0.0,0.7744140625,0.7744140625,0.9828125000000001,0.965625,1.0,5.109375,0.0,0.0,0.0
position,competitive,44,300,4,runs/experiment_A/position_competitive/44/eval_300_4.npz,scan,0.7978515625,0.150390625,0.150390625,0.4508463541666667,0.9907773386034255,0.45312500000000006,1.35546875,0.306640625,0.306640625,0.0
position,scan,44,300,4,runs/experiment_A1/calibration/position_scan/44/eval_300_4.npz,competitive,0.1826171875,0.7607421875,0.7607421875,0.9568684895833335,0.9137369791666665,1.0,3.291015625,0.0,0.0,0.0
position,competitive,44,300,6,runs/experiment_A/position_competitive/44/eval_300_6.npz,scan,0.6103515625,0.017578125,0.017578125,0.37513020833333344,0.9883349625285108,0.37792968750000006,1.013671875,0.3662109375,0.36621093749999994,0.0
position,scan,44,300,6,runs/experiment_A1/calibration/position_scan/44/eval_300_6.npz,competitive,0.0107421875,0.537109375,0.537109375,0.9611979166666668,0.9223958333333334,1.0,4.0869140625,0.0,0.0,0.0
position,competitive,44,600,4,runs/experiment_A/position_competitive/44/eval_600_4.npz,scan,0.83984375,0.1240234375,0.1240234375,0.42610677083333337,0.9960079840319361,0.42757161458333337,1.267578125,0.3232421875,0.3232421875,0.0
position,scan,44,600,4,runs/experiment_A1/calibration/position_scan/44/eval_600_4.npz,competitive,0.30078125,0.8271484375,0.8271484375,0.9695638020833335,0.9391276041666665,1.0,3.4814453125,0.0,0.0,0.0
position,competitive,44,600,6,runs/experiment_A/position_competitive/44/eval_600_6.npz,scan,0.6689453125,0.0126953125,0.0126953125,0.3746093750000001,0.9925057021831215,0.37630208333333337,0.9208984375,0.36767578125,0.36767578124999994,0.0
position,scan,44,600,6,runs/experiment_A1/calibration/position_scan/44/eval_600_6.npz,competitive,0.0068359375,0.6015625,0.6015625,0.9676432291666668,0.9352864583333333,1.0,4.330078125,0.0,0.0,0.0
position,competitive,44,900,4,runs/experiment_A/position_competitive/44/eval_900_4.npz,scan,0.884765625,0.2587890625,0.2587890625,0.5690104166666666,0.998025666337611,0.5696614583333334,1.935546875,0.231689453125,0.231689453125,0.0
position,scan,44,900,4,runs/experiment_A1/calibration/position_scan/44/eval_900_4.npz,competitive,0.48046875,0.8994140625,0.8994140625,0.9825846354166667,0.9651692708333333,1.0,3.6953125,0.0,0.0,0.0
position,competitive,44,900,6,runs/experiment_A/position_competitive/44/eval_900_6.npz,scan,0.7197265625,0.0302734375,0.0302734375,0.43782552083333337,0.9934180514825676,0.43958333333333344,1.5927734375,0.32014973958333337,0.32014973958333326,0.0
position,scan,44,900,6,runs/experiment_A1/calibration/position_scan/44/eval_900_6.npz,competitive,0.0087890625,0.76171875,0.76171875,0.9821614583333333,0.9643229166666668,1.0,5.0263671875,0.0,0.0,0.0
phase,competitive,11,300,4,runs/experiment_A1/calibration/phase_competitive/11/eval_300_4.npz,scan,0.84375,0.0,0.0,0.15348307291666666,0.9333333333333333,0.16048177083333331,0.59765625,0.51123046875,0.51123046875,0.0
phase,scan,11,300,4,runs/experiment_A1/calibration/phase_scan/11/eval_300_4.npz,competitive,0.2265625,0.0009765625,0.0009765625,0.47705078125,-0.04589843749999999,1.0,0.5322265625,0.0,0.0,0.0
phase,competitive,11,300,6,runs/experiment_A1/calibration/phase_competitive/11/eval_300_6.npz,scan,0.638671875,0.0,0.0,0.1672526041666667,0.8816666666666667,0.18222656250000002,0.49609375,0.52734375,0.52734375,0.0
phase,scan,11,300,6,runs/experiment_A1/calibration/phase_scan/11/eval_300_6.npz,competitive,0.0205078125,0.0,0.0,0.46328125,-0.07343749999999999,1.0,0.560546875,0.0,0.0,0.0
phase,competitive,11,600,4,runs/experiment_A1/calibration/phase_competitive/11/eval_600_4.npz,scan,0.9052734375,0.0,0.0,0.13264973958333331,0.8636721828211189,0.14680989583333331,0.333984375,0.537109375,0.537109375,0.0
phase,scan,11,600,4,runs/experiment_A1/calibration/phase_scan/11/eval_600_4.npz,competitive,0.642578125,0.0009765625,0.0009765625,0.44498697916666663,-0.11002604166666666,1.0,0.4775390625,0.0,0.0,0.0
phase,competitive,11,600,6,runs/experiment_A1/calibration/phase_competitive/11/eval_600_6.npz,scan,0.7548828125,0.0,0.0,0.16471354166666669,0.5474371531178583,0.2203776041666667,0.216796875,0.49072265625,0.49072265625,0.0
phase,scan,11,600,6,runs/experiment_A1/calibration/phase_scan/11/eval_600_6.npz,competitive,0.1318359375,0.0,0.0,0.4585286458333334,-0.08294270833333334,1.0,0.5224609375,0.0,0.0,0.0
phase,competitive,11,900,4,runs/experiment_A1/calibration/phase_competitive/11/eval_900_4.npz,scan,0.9072265625,0.0,0.0,0.16373697916666663,0.8303030303030303,0.20084635416666663,0.4208984375,0.478515625,0.478515625,0.0
phase,scan,11,900,4,runs/experiment_A1/calibration/phase_scan/11/eval_900_4.npz,competitive,0.7314453125,0.0009765625,0.0009765625,0.4057617187499999,-0.1884765625,1.0,0.302734375,0.0,0.0,0.0
phase,competitive,11,900,6,runs/experiment_A1/calibration/phase_competitive/11/eval_900_6.npz,scan,0.775390625,0.0,0.0,0.15787760416666669,0.504265091863517,0.22076822916666672,0.2470703125,0.49088541666666663,0.49088541666666663,0.0
phase,scan,11,900,6,runs/experiment_A1/calibration/phase_scan/11/eval_900_6.npz,competitive,0.2197265625,0.0,0.0,0.4370442708333334,-0.12591145833333334,1.0,0.353515625,0.0,0.0,0.0
phase,competitive,22,300,4,runs/experiment_A1/calibration/phase_competitive/22/eval_300_4.npz,scan,0.841796875,0.0,0.0,0.16389973958333331,1.0,0.16389973958333331,0.7333984375,0.504150390625,0.504150390625,0.0
phase,scan,22,300,4,runs/experiment_A1/calibration/phase_scan/22/eval_300_4.npz,competitive,0.20703125,0.0048828125,0.0048828125,0.42887369791666663,-0.14225260416666669,1.0,0.3623046875,0.0,0.0,0.0
phase,competitive,22,300,6,runs/experiment_A1/calibration/phase_competitive/22/eval_300_6.npz,scan,0.630859375,0.0,0.0,0.17753906250000004,1.0,0.17753906250000004,0.7626953125,0.5289713541666667,0.5289713541666667,0.0
phase,scan,22,300,6,runs/experiment_A1/calibration/phase_scan/22/eval_300_6.npz,competitive,0.0126953125,0.0,0.0,0.4350260416666667,-0.12994791666666666,1.0,0.4013671875,0.0,0.0,0.0
phase,competitive,22,600,4,runs/experiment_A1/calibration/phase_competitive/22/eval_600_4.npz,scan,0.888671875,0.0,0.0,0.14339192708333331,0.9647940074906368,0.14811197916666666,0.4091796875,0.5302734375,0.5302734375,0.0
phase,scan,22,600,4,runs/experiment_A1/calibration/phase_scan/22/eval_600_4.npz,competitive,0.6474609375,0.0009765625,0.0009765625,0.44433593749999994,-0.111328125,1.0,0.5029296875,0.0,0.0,0.0
phase,competitive,22,600,6,runs/experiment_A1/calibration/phase_competitive/22/eval_600_6.npz,scan,0.6875,0.0,0.0,0.15468750000000003,0.7135437212360289,0.18574218750000004,0.2529296875,0.5252278645833334,0.5252278645833334,0.0
phase,scan,22,600,6,runs/experiment_A1/calibration/phase_scan/22/eval_600_6.npz,competitive,0.107421875,0.0,0.0,0.45045572916666676,-0.09908854166666667,1.0,0.544921875,0.0,0.0,0.0
phase,competitive,22,900,4,runs/experiment_A1/calibration/phase_competitive/22/eval_900_4.npz,scan,0.9169921875,0.0,0.0,0.17252604166666663,0.9161533196440794,0.1892903645833333,0.3349609375,0.48974609375,0.48974609375,0.0
phase,scan,22,900,4,runs/experiment_A1/calibration/phase_scan/22/eval_900_4.npz,competitive,0.7392578125,0.0,0.0,0.3889973958333333,-0.22200520833333331,1.0,0.216796875,0.0,0.0,0.0
phase,competitive,22,900,6,runs/experiment_A1/calibration/phase_competitive/22/eval_900_6.npz,scan,0.7822265625,0.0,0.0,0.18945312500000006,0.585663082437276,0.2559244791666667,0.1787109375,0.46142578125,0.46142578125,0.0
phase,scan,22,900,6,runs/experiment_A1/calibration/phase_scan/22/eval_900_6.npz,competitive,0.103515625,0.0,0.0,0.4222656250000001,-0.15546875000000002,1.0,0.2353515625,0.0,0.0,0.0
phase,competitive,33,300,4,runs/experiment_A1/calibration/phase_competitive/33/eval_300_4.npz,scan,0.8017578125,0.0,0.0,0.16080729166666663,1.0,0.16080729166666663,0.7216796875,0.5087890625,0.5087890625,0.0
phase,scan,33,300,4,runs/experiment_A1/calibration/phase_scan/33/eval_300_4.npz,competitive,0.2626953125,0.0009765625,0.0009765625,0.40283203124999994,-0.1943359375,1.0,0.2958984375,0.0,0.0,0.0
phase,competitive,33,300,6,runs/experiment_A1/calibration/phase_competitive/33/eval_300_6.npz,scan,0.587890625,0.0,0.0,0.17669270833333336,1.0,0.17669270833333336,0.6982421875,0.53125,0.53125,0.0
phase,scan,33,300,6,runs/experiment_A1/calibration/phase_scan/33/eval_300_6.npz,competitive,0.015625,0.0,0.0,0.4041666666666667,-0.1916666666666667,1.0,0.26953125,0.0,0.0,0.0
phase,competitive,33,600,4,runs/experiment_A1/calibration/phase_competitive/33/eval_600_4.npz,scan,0.8974609375,0.0,0.0,0.14876302083333331,0.9743016759776536,0.15234374999999997,0.4638671875,0.526611328125,0.526611328125,0.0
phase,scan,33,600,4,runs/experiment_A1/calibration/phase_scan/33/eval_600_4.npz,competitive,0.53515625,0.0009765625,0.0009765625,0.3982747395833333,-0.20345052083333334,1.0,0.314453125,0.0,0.0,0.0
phase,competitive,33,600,6,runs/experiment_A1/calibration/phase_competitive/33/eval_600_6.npz,scan,0.7109375,0.0,0.0,0.16497395833333336,0.7328083989501312,0.19153645833333338,0.2900390625,0.5187174479166667,0.5187174479166667,0.0
phase,scan,33,600,6,runs/experiment_A1/calibration/phase_scan/33/eval_600_6.npz,competitive,0.033203125,0.0,0.0,0.4108723958333334,-0.17825520833333336,1.0,0.3330078125,0.0,0.0,0.0
phase,competitive,33,900,4,runs/experiment_A1/calibration/phase_competitive/33/eval_900_4.npz,scan,0.9140625,0.0,0.0,0.16878255208333331,0.997979797979798,0.16894531249999994,0.775390625,0.50244140625,0.50244140625,0.0
phase,scan,33,900,4,runs/experiment_A1/calibration/phase_scan/33/eval_900_4.npz,competitive,0.7431640625,0.0009765625,0.0009765625,0.4129231770833333,-0.17415364583333331,1.0,0.310546875,0.0,0.0,0.0
phase,competitive,33,900,6,runs/experiment_A1/calibration/phase_competitive/33/eval_900_6.npz,scan,0.796875,0.0,0.0,0.18782552083333337,0.9457638207392869,0.1938151041666667,0.7470703125,0.5138346354166666,0.5138346354166666,0.0
phase,scan,33,900,6,runs/experiment_A1/calibration/phase_scan/33/eval_900_6.npz,competitive,0.234375,0.0,0.0,0.4408854166666667,-0.11822916666666666,1.0,0.345703125,0.0,0.0,0.0
phase,competitive,44,300,4,runs/experiment_A1/calibration/phase_competitive/44/eval_300_4.npz,scan,0.791015625,0.0,0.0,0.008463541666666666,-0.9323181049069373,0.16487630208333331,0.0361328125,0.506103515625,0.506103515625,0.0
phase,scan,44,300,4,runs/experiment_A1/calibration/phase_scan/44/eval_300_4.npz,competitive,0.1474609375,0.0009765625,0.0009765625,0.38557942708333326,-0.22884114583333331,1.0,0.2578125,0.0,0.0,0.0
phase,competitive,44,300,6,runs/experiment_A1/calibration/phase_competitive/44/eval_300_6.npz,scan,0.591796875,0.0,0.0,0.015755208333333333,-0.881,0.18417968750000005,0.0947265625,0.525390625,0.525390625,0.0
phase,scan,44,300,6,runs/experiment_A1/calibration/phase_scan/44/eval_300_6.npz,competitive,0.0087890625,0.0,0.0,0.39095052083333337,-0.2180989583333334,1.0,0.251953125,0.0,0.0,0.0
phase,competitive,44,600,4,runs/experiment_A1/calibration/phase_competitive/44/eval_600_4.npz,scan,0.869140625,0.0,0.0,0.0048828125,-0.9529768676526356,0.15120442708333331,0.0224609375,0.52978515625,0.52978515625,0.0
phase,scan,44,600,4,runs/experiment_A1/calibration/phase_scan/44/eval_600_4.npz,competitive,0.5419921875,0.0,0.0,0.40559895833333326,-0.18880208333333331,1.0,0.296875,0.0,0.0,0.0
phase,competitive,44,600,6,runs/experiment_A1/calibration/phase_competitive/44/eval_600_6.npz,scan,0.67578125,0.0,0.0,0.02584635416666667,-0.7931488801054019,0.2059244791666667,0.1640625,0.505859375,0.505859375,0.0
phase,scan,44,600,6,runs/experiment_A1/calibration/phase_scan/44/eval_600_6.npz,competitive,0.0556640625,0.0,0.0,0.4110026041666667,-0.1779947916666667,1.0,0.3154296875,0.0,0.0,0.0
phase,competitive,44,900,4,runs/experiment_A1/calibration/phase_competitive/44/eval_900_4.npz,scan,0.916015625,0.0,0.0,0.0003255208333333333,-0.998674618952949,0.18131510416666663,0.0009765625,0.4912109375,0.4912109375,0.0
phase,scan,44,900,4,runs/experiment_A1/calibration/phase_scan/44/eval_900_4.npz,competitive,0.6953125,0.0,0.0,0.38525390624999994,-0.2294921875,1.0,0.25390625,0.0,0.0,0.0
phase,competitive,44,900,6,runs/experiment_A1/calibration/phase_competitive/44/eval_900_6.npz,scan,0.77734375,0.0,0.0,0.0006510416666666666,-0.993483219289671,0.21360677083333338,0.0048828125,0.4928385416666667,0.49283854166666663,0.0
phase,scan,44,900,6,runs/experiment_A1/calibration/phase_scan/44/eval_900_6.npz,competitive,0.173828125,0.0,0.0,0.41822916666666676,-0.1635416666666667,1.0,0.2763671875,0.0,0.0,0.0
