system,n,exact_mean,exact_sd,pairwise_mean,pairwise_sd,tau_mean,first_error_mean
phase_competitive,4,0.5478515625,0.3935423980600699,0.7816365559895834,0.29390852672385603,0.5632731119791666,2.4237060546875
phase_competitive,6,0.390869140625,0.32340620585834207,0.7824951171875001,0.28685483381232446,0.5649902343750001,2.9766845703125
phase_scan,4,0.77294921875,0.30219926786114937,0.9207560221354166,0.14955888195139194,0.8415120442708334,3.274169921875
phase_scan,6,0.6400146484375,0.2664699099630069,0.9104085286458334,0.17860719113776924,0.8208170572916668,4.3626708984375
position_competitive,4,0.900634765625,0.012194468982507858,0.9830729166666666,0.0020988251667404686,0.9661458333333334,3.7012939453125
position_competitive,6,0.7474365234375,0.030499576163641365,0.9808675130208334,0.0024571201881047095,0.9617350260416667,4.9774169921875
position_scan,4,0.9022216796875,0.012521752096104273,0.983154296875,0.0024836681907043573,0.96630859375,3.7034912109375
position_scan,6,0.7606201171875,0.027335963794968308,0.9820882161458334,0.002200217442411383,0.9641764322916667,5.0357666015625
priority_competitive,4,0.91943359375,0.014782681003291996,0.9862060546875,0.002654185628242228,0.972412109375,3.755615234375
priority_competitive,6,0.8062744140625,0.025984310383712662,0.9857666015625001,0.0019847811271518,0.9715332031250001,5.223876953125
priority_scan,4,0.8585205078125,0.020293694478850707,0.9687093098958334,0.004194719249232805,0.9374186197916666,3.5574951171875
priority_scan,6,0.6993408203125,0.04781720676994323,0.9733968098958334,0.0038810474028615643,0.9467936197916668,4.7578125
reference,4,0.9222412109375,0.012207728774714146,0.9866129557291667,0.002286521122082018,0.9732259114583334,3.76171875
reference,6,0.812744140625,0.029985171695173046,0.9862955729166667,0.002477626900916219,0.9725911458333334,5.2449951171875
