system,seed,first_checkpoint_ge_075,final_exact,mid_to_final,runtime_seconds
phase_competitive,11,,0.72021484375,-0.01806640625,5.3568576079997
phase_competitive,22,,0.1025390625,0.10205078125,5.361700562003534
phase_competitive,33,,0.62353515625,0.2236328125,5.346251032009604
phase_competitive,44,,0.748046875,0.72705078125,5.35257754700433
phase_competitive,55,900.0,0.80322265625,0.46044921875,5.36652662299457
phase_competitive,66,,0.72998046875,0.0361328125,5.334091771001113
phase_competitive,77,,0.0263671875,-0.63623046875,5.3676568679948105
phase_competitive,88,,0.0009765625,-0.0498046875,5.43897541500337
phase_scan,11,600.0,0.81787109375,0.00537109375,5.4775732300040545
phase_scan,22,,0.015625,0.0009765625,5.5185700910078594
phase_scan,33,600.0,0.83935546875,0.013671875,5.535124229994835
phase_scan,44,600.0,0.81005859375,0.01220703125,5.535633013991173
phase_scan,55,600.0,0.8359375,0.0673828125,5.5136366069928044
phase_scan,66,,0.70361328125,0.052734375,5.535852155007888
phase_scan,77,600.0,0.86767578125,0.09716796875,5.538420077995397
phase_scan,88,900.0,0.76171875,0.04345703125,5.51885911799036
position_competitive,11,600.0,0.8037109375,-0.00634765625,5.1673535220033955
position_competitive,22,600.0,0.80810546875,0.03466796875,5.179517147000297
position_competitive,33,600.0,0.8447265625,0.033203125,5.231090614994173
position_competitive,44,600.0,0.80224609375,0.0478515625,5.167514347995166
position_competitive,55,600.0,0.83642578125,0.046875,5.169880572007969
position_competitive,66,900.0,0.83544921875,0.0927734375,5.256066724003176
position_competitive,77,300.0,0.81396484375,0.01708984375,5.201603303008596
position_competitive,88,600.0,0.84765625,0.0888671875,5.178475316002732
position_scan,11,600.0,0.80419921875,0.025390625,5.298206527993898
position_scan,22,600.0,0.8232421875,0.0380859375,5.259698897003545
position_scan,33,600.0,0.8466796875,0.0703125,5.250422899000114
position_scan,44,900.0,0.82958984375,0.08837890625,5.326032309007132
position_scan,55,600.0,0.86328125,0.0322265625,5.335100089010666
position_scan,66,300.0,0.81201171875,0.02392578125,5.313834271000815
position_scan,77,600.0,0.82763671875,0.04150390625,5.302162182997563
position_scan,88,900.0,0.8447265625,0.125,5.3108968940068735
priority_competitive,11,600.0,0.8408203125,0.01220703125,5.164571134999278
priority_competitive,22,300.0,0.85302734375,0.0458984375,5.19067249399086
priority_competitive,33,600.0,0.85009765625,0.06787109375,5.185278697012109
priority_competitive,44,600.0,0.8720703125,0.07568359375,5.180748395010596
priority_competitive,55,600.0,0.89697265625,0.09130859375,5.178374105991679
priority_competitive,66,600.0,0.8564453125,0.05322265625,5.205423311999766
priority_competitive,77,300.0,0.8486328125,0.04248046875,5.224313422004343
priority_competitive,88,600.0,0.884765625,0.1171875,5.205103468004381
priority_scan,11,900.0,0.8193359375,0.09326171875,5.247800110999378
priority_scan,22,900.0,0.796875,0.08056640625,5.324798539004405
priority_scan,33,900.0,0.76220703125,0.04150390625,5.317653106001671
priority_scan,44,900.0,0.77099609375,0.04833984375,5.292723410995677
priority_scan,55,900.0,0.80078125,0.0615234375,5.344392778002657
priority_scan,66,600.0,0.7666015625,-0.017578125,5.346928938990459
priority_scan,77,900.0,0.79931640625,0.078125,5.348485722002806
priority_scan,88,,0.71533203125,-0.02392578125,5.3818140600051265
reference,11,300.0,0.837890625,-0.00537109375,5.112231494000298
reference,22,300.0,0.8779296875,0.07861328125,6.145963322996977
reference,33,600.0,0.9013671875,0.09423828125,6.191385034995619
reference,44,300.0,0.85791015625,0.02685546875,6.1541549720132025
reference,55,300.0,0.88720703125,0.05419921875,6.25125731099979
reference,66,300.0,0.8515625,0.001953125,6.158051200007321
reference,77,300.0,0.86865234375,0.00732421875,6.1609743110020645
reference,88,300.0,0.857421875,0.04833984375,5.366234432003694
