system,seed,step,n,coordinate_min,coordinate_max,coordinate_span,ideal_slot_rmse,monotone_sort_agreement,frozen_cursor_agreement,boundary_fraction
phase_competitive,66,600,6,0.32815924,0.8265654,0.49840608,0.14028909444892712,1.0,,0.0
phase_competitive,66,600,4,0.34184557,0.8096192,0.46777368,0.14253517053801654,1.0,,0.0
phase_competitive,66,300,4,0.30365878,0.8933811,0.5897223,0.15171515801126542,1.0,,0.049560546875
phase_competitive,66,300,6,0.26950818,0.92836344,0.6588552,0.14492840278703703,1.0,,0.0576171875
phase_competitive,66,900,4,0.3204608,0.868049,0.5475883,0.15608546467572698,1.0,,0.0
phase_competitive,66,900,6,0.29290223,0.88913524,0.596233,0.14590947797375164,1.0,,0.0
phase_competitive,33,600,6,0.1593383,0.20458792,0.04524963,0.2931836083317456,1.0,,0.0
phase_competitive,33,600,4,0.15973866,0.18992504,0.030186363,0.2989756590476381,1.0,,0.0
phase_competitive,33,300,4,0.31199944,0.6393822,0.32738277,0.27656365463048277,1.0,,0.004638671875
phase_competitive,33,300,6,0.28060108,0.7267458,0.44614476,0.2687760892583632,1.0,,0.00927734375
phase_competitive,33,900,4,0.2614831,0.6165631,0.35507995,0.18192453147081383,1.0,,0.0
phase_competitive,33,900,6,0.25139555,0.6540779,0.4026823,0.17242044175071303,1.0,,0.0
phase_competitive,11,600,6,0.1460635,0.765545,0.61948144,0.11198867890956246,1.0,,0.0
phase_competitive,11,600,4,0.1800865,0.75239515,0.57230866,0.12134646025026878,1.0,,0.0
phase_competitive,11,300,4,0.30424422,0.88247675,0.5782325,0.19686545115716358,1.0,,0.05029296875
phase_competitive,11,300,6,0.25649828,0.92209005,0.66559184,0.19289633895542255,1.0,,0.055013020833333336
phase_competitive,11,900,4,0.33734354,0.60018504,0.2628415,0.19164113347976988,1.0,,0.0
phase_competitive,11,900,6,0.3242662,0.60966897,0.28540283,0.19069892211809597,1.0,,0.0
phase_competitive,44,600,6,0.41062164,0.41139868,0.00077702606,0.29504269792428456,1.0,,0.0
phase_competitive,44,600,4,0.41067567,0.41132224,0.0006465761,0.293350107365694,1.0,,0.0
phase_competitive,44,300,4,0.24752815,0.74586,0.49833182,0.23710666048678902,1.0,,0.0732421875
phase_competitive,44,300,6,0.19408734,0.83105886,0.6369716,0.23338584119492456,1.0,,0.07307942708333333
phase_competitive,44,900,4,0.3836686,0.9288932,0.54522467,0.18087634493649843,1.0,,0.020751953125
phase_competitive,44,900,6,0.35607556,0.9557917,0.5997162,0.1768731356733567,1.0,,0.037272135416666664
phase_competitive,88,600,6,0.563767,0.56577855,0.0020115706,0.29164760713957855,1.0,,0.0
phase_competitive,88,600,4,0.5639926,0.56558764,0.0015950198,0.2866903667319588,1.0,,0.0
phase_competitive,88,300,4,0.19928706,0.6311606,0.43187356,0.15936481336569636,1.0,,0.0
phase_competitive,88,300,6,0.1857318,0.6408323,0.45510054,0.1569404940892659,1.0,,0.0
phase_competitive,88,900,4,0.86578274,0.8663947,0.0006119838,0.30263504212206227,1.0,,0.0
phase_competitive,88,900,6,0.86571515,0.8664329,0.0007177576,0.2864534201349378,1.0,,0.0
phase_competitive,55,600,6,0.2751463,0.52879035,0.25364405,0.2324980748848069,1.0,,0.0
phase_competitive,55,600,4,0.28726506,0.50498426,0.21771923,0.23676449879284348,1.0,,0.0
phase_competitive,55,300,4,0.46798837,0.92642885,0.45844045,0.23862239041597175,1.0,,0.000732421875
phase_competitive,55,300,6,0.45317736,0.9437146,0.49053723,0.23952007831578204,1.0,,0.00048828125
phase_competitive,55,900,4,0.29124683,0.78936017,0.4981134,0.14590459522762664,1.0,,0.0
phase_competitive,55,900,6,0.2690997,0.81780535,0.5487057,0.14227174824670855,1.0,,0.0
phase_competitive,77,600,6,0.44168007,0.7799823,0.3383022,0.20947304988844212,1.0,,0.0
phase_competitive,77,600,4,0.4574771,0.75911856,0.30164146,0.21038734449213606,1.0,,0.0
phase_competitive,77,300,4,0.46330717,0.5247208,0.061413642,0.2997647647335219,1.0,,0.0
phase_competitive,77,300,6,0.45938697,0.536562,0.077175066,0.3057805399652548,1.0,,0.0
phase_competitive,77,900,4,0.20202911,0.831884,0.6298549,0.3248934095886397,1.0,,0.04345703125
phase_competitive,77,900,6,0.14537781,0.8822082,0.7368305,0.32900336485277326,1.0,,0.041666666666666664
phase_competitive,22,600,6,0.65153337,0.69818616,0.046652824,0.28854677902673653,1.0,,0.0
phase_competitive,22,600,4,0.6573696,0.6960714,0.03870178,0.2875063036343656,1.0,,0.0
phase_competitive,22,300,4,0.048513405,0.48411858,0.43560517,0.2836304266514589,1.0,,0.0009765625
phase_competitive,22,300,6,0.040726826,0.49212128,0.45139444,0.2873429039291379,1.0,,0.0009765625
phase_competitive,22,900,4,0.2025109,0.32000834,0.11749742,0.28022255831482334,1.0,,0.0
phase_competitive,22,900,6,0.19844551,0.32867643,0.13023093,0.28031081907696515,1.0,,0.0
phase_scan,66,600,6,0.11941653,0.8411773,0.72176075,0.1454698441812268,0.9140625,0.0,0.0
phase_scan,66,600,4,0.13861609,0.83235335,0.69373727,0.1372038370909067,0.962890625,0.0,0.0
phase_scan,66,300,4,0.74112433,0.76884866,0.027724322,0.27741320012100956,0.01171875,0.0,0.000732421875
phase_scan,66,300,6,0.73760825,0.7742982,0.03668992,0.2914191274684143,0.001953125,0.0,0.0
phase_scan,66,900,4,0.14204654,0.8801973,0.7381507,0.11053720115655144,0.9873046875,0.0,0.0
phase_scan,66,900,6,0.11505605,0.90503097,0.7899749,0.1146240624419171,0.9609375,0.0,0.0
phase_scan,33,600,6,0.10454582,0.9023065,0.79776067,0.10781208087592767,0.99609375,0.0,0.0
phase_scan,33,600,4,0.13294205,0.87711716,0.7441751,0.10372250141566754,0.9912109375,0.0,0.0
phase_scan,33,300,4,0.14985165,0.86659306,0.7167414,0.12874679823442814,0.978515625,0.0,0.0
phase_scan,33,300,6,0.117529295,0.889078,0.77154875,0.12654262822829476,0.9501953125,0.0,0.0
phase_scan,33,900,4,0.11310682,0.90745085,0.79434407,0.10551208084785306,0.99609375,0.0,0.0
phase_scan,33,900,6,0.088626355,0.9291723,0.8405459,0.10779039479319344,0.99609375,0.0,0.0
phase_scan,11,600,6,0.114169374,0.9029505,0.78878117,0.10552776348536355,0.9765625,0.0,0.0
phase_scan,11,600,4,0.1449,0.87727284,0.7323728,0.10197366636846628,0.982421875,0.0,0.0
phase_scan,11,300,4,0.17594224,0.8883059,0.71236366,0.13133454505162934,0.9541015625,0.0,0.0
phase_scan,11,300,6,0.13753608,0.90984404,0.7723079,0.1305073503805942,0.931640625,0.0,0.0
phase_scan,11,900,4,0.13508174,0.8764838,0.7414021,0.0906677647725044,0.994140625,0.0,0.0
phase_scan,11,900,6,0.105274476,0.9015754,0.7963009,0.0897500687976398,0.9892578125,0.0,0.0
phase_scan,44,600,6,0.106372826,0.9094629,0.8030901,0.1005831865151902,0.990234375,0.0,0.0
phase_scan,44,600,4,0.13426614,0.8861877,0.75192153,0.09818423394796871,0.9951171875,0.0,0.0
phase_scan,44,300,4,0.15192644,0.86635125,0.7144248,0.12987893578213727,0.9697265625,0.0,0.0
phase_scan,44,300,6,0.11581164,0.88719547,0.7713838,0.12722146025784825,0.939453125,0.0,0.0
phase_scan,44,900,4,0.15993504,0.893579,0.73364395,0.10208973711026692,0.974609375,0.0,0.0
phase_scan,44,900,6,0.120076254,0.9184481,0.7983719,0.1048244573434706,0.9716796875,0.0,0.0
phase_scan,88,600,6,0.13064098,0.88069916,0.7500581,0.13372226212669433,0.9619140625,0.0,0.0
phase_scan,88,600,4,0.16102184,0.8661752,0.7051534,0.1275095104992796,0.9736328125,0.0,0.0
phase_scan,88,300,4,0.05391822,0.23975778,0.18583956,0.2572212311202175,0.0,0.0,0.002685546875
phase_scan,88,300,6,0.047562763,0.24288155,0.19531879,0.26373546644289003,0.0,0.0,0.00244140625
phase_scan,88,900,4,0.13233262,0.8801952,0.7478626,0.118040031975572,0.9951171875,0.0,0.0
phase_scan,88,900,6,0.114921585,0.89996684,0.78504527,0.12558980073948459,0.9853515625,0.0,0.0
phase_scan,55,600,6,0.12502034,0.9190897,0.79406935,0.1291246160494886,0.9638671875,0.0,0.0
phase_scan,55,600,4,0.1603902,0.897896,0.7375058,0.12633573900742212,0.9677734375,0.0,0.0
phase_scan,55,300,4,0.14756356,0.8629577,0.71539414,0.12984835194537414,0.96484375,0.0,0.0
phase_scan,55,300,6,0.115131944,0.88484704,0.76971513,0.12978574287998038,0.89453125,0.0,0.0
phase_scan,55,900,4,0.15891549,0.8704394,0.711524,0.10586988301588159,0.9921875,0.0,0.0
phase_scan,55,900,6,0.128014,0.89467335,0.7666593,0.11384522556424838,0.9873046875,0.0,0.0
phase_scan,77,600,6,0.14191414,0.90814507,0.7662309,0.12407337473282713,0.9541015625,0.0,0.0
phase_scan,77,600,4,0.18563813,0.8871556,0.70151746,0.12116529310089677,0.9423828125,0.0,0.0
phase_scan,77,300,4,0.6415477,0.66940224,0.02785461,0.2938357631068295,0.0,0.0,0.0
phase_scan,77,300,6,0.63920707,0.6728848,0.0336778,0.2857311200958089,0.0,0.0,0.0
phase_scan,77,900,4,0.1311787,0.88027287,0.7490941,0.1003641349799666,0.9921875,0.0,0.0
phase_scan,77,900,6,0.10260526,0.90560293,0.80299765,0.10248445796019112,0.9931640625,0.0,0.0
phase_scan,22,600,6,0.2577159,0.2639996,0.006283705,0.2938345679018664,0.0,0.0,0.0
phase_scan,22,600,4,0.25812092,0.26335007,0.0052291416,0.2795852332112846,0.0,0.0,0.0
phase_scan,22,300,4,0.23675913,0.24838254,0.011623423,0.2794256999354167,0.0,0.0,0.0
phase_scan,22,300,6,0.23581493,0.24988313,0.014068194,0.2937860242881252,0.0,0.0,0.0
phase_scan,22,900,4,0.642944,0.66646194,0.023517922,0.2938570995986903,0.0,0.0,0.0
phase_scan,22,900,6,0.64079857,0.6700103,0.029211748,0.2852963635733958,0.0,0.0,0.0
priority_scan,66,600,6,0.0,1.0,1.0,0.23221579917038762,0.921875,0.9755859375,0.3650716145833333
priority_scan,66,600,4,0.0,1.0,1.0,0.22588988302328505,0.921875,0.97265625,0.52734375
priority_scan,66,300,4,0.0,1.0,1.0,0.20214542183681816,0.6484375,0.771484375,0.52294921875
priority_scan,66,300,6,0.0,1.0,1.0,0.17845375790781043,0.5302734375,0.6513671875,0.3577473958333333
priority_scan,66,900,4,0.0,1.0,1.0,0.20897574872394012,0.9345703125,0.9765625,0.516845703125
priority_scan,66,900,6,0.0,1.0,1.0,0.20843889209192473,0.91796875,0.98046875,0.3544921875
priority_scan,33,600,6,0.0,1.0,1.0,0.23553924927767367,0.9033203125,0.974609375,0.36572265625
priority_scan,33,600,4,0.0,1.0,1.0,0.22831383864290525,0.9248046875,0.966796875,0.522705078125
priority_scan,33,300,4,0.0,1.0,1.0,0.19809759611037409,0.6318359375,0.74609375,0.5205078125
priority_scan,33,300,6,0.0,1.0,1.0,0.1711791826273745,0.5029296875,0.5947265625,0.3541666666666667
priority_scan,33,900,4,0.0,1.0,1.0,0.20262507882718453,0.9482421875,0.9775390625,0.5126953125
priority_scan,33,900,6,0.0,1.0,1.0,0.20218509785698788,0.93359375,0.9853515625,0.3538411458333333
priority_scan,11,600,6,0.0,1.0,1.0,0.23415098271808008,0.9169921875,0.978515625,0.369140625
priority_scan,11,600,4,0.0,1.0,1.0,0.23064847700232724,0.9189453125,0.97265625,0.52587890625
priority_scan,11,300,4,0.0,1.0,1.0,0.22912919304638013,0.875,0.9365234375,0.52392578125
priority_scan,11,300,6,0.0,1.0,1.0,0.23439237789747405,0.873046875,0.9404296875,0.3668619791666667
priority_scan,11,900,4,0.0,1.0,1.0,0.21814886034135178,0.9375,0.9765625,0.521240234375
priority_scan,11,900,6,0.0,1.0,1.0,0.22247215547137617,0.9443359375,0.9853515625,0.3663736979166667
priority_scan,44,600,6,0.0,1.0,1.0,0.21636666003484634,0.912109375,0.9736328125,0.365234375
priority_scan,44,600,4,0.0,1.0,1.0,0.21156972696857215,0.90625,0.9501953125,0.5205078125
priority_scan,44,300,4,0.0,1.0,1.0,0.23250611649910183,0.8486328125,0.9169921875,0.5302734375
priority_scan,44,300,6,0.0,1.0,1.0,0.24102312119451094,0.8310546875,0.931640625,0.3688151041666667
priority_scan,44,900,4,0.0,1.0,1.0,0.2189483404144195,0.93359375,0.970703125,0.525146484375
priority_scan,44,900,6,0.0,1.0,1.0,0.22971214206539442,0.9384765625,0.9833984375,0.3675130208333333
priority_scan,88,600,6,0.0,1.0,1.0,0.2319328346330723,0.9326171875,0.982421875,0.3681640625
priority_scan,88,600,4,0.0,1.0,1.0,0.22285374511302258,0.916015625,0.958984375,0.5244140625
priority_scan,88,300,4,0.0,1.0,1.0,0.22759922726194037,0.873046875,0.927734375,0.5263671875
priority_scan,88,300,6,0.0,1.0,1.0,0.23449373990001462,0.8564453125,0.93359375,0.3675130208333333
priority_scan,88,900,4,0.0,1.0,1.0,0.21772030899186906,0.9365234375,0.9697265625,0.517333984375
priority_scan,88,900,6,0.0,1.0,1.0,0.21650426825960167,0.9404296875,0.98828125,0.3639322916666667
priority_scan,55,600,6,0.0,1.0,1.0,0.23428248561773152,0.9169921875,0.9736328125,0.3658854166666667
priority_scan,55,600,4,0.0,1.0,1.0,0.22242984428232987,0.92578125,0.958984375,0.522705078125
priority_scan,55,300,4,0.0,1.0,1.0,0.24082420935203738,0.8232421875,0.9130859375,0.530029296875
priority_scan,55,300,6,0.0,1.0,1.0,0.2454503584382049,0.7958984375,0.9033203125,0.37255859375
priority_scan,55,900,4,0.0,1.0,1.0,0.2242854544900757,0.9384765625,0.97265625,0.52294921875
priority_scan,55,900,6,0.0,1.0,1.0,0.2394332082800887,0.93359375,0.984375,0.3693033854166667
priority_scan,77,600,6,0.0,1.0,1.0,0.21210832895569334,0.91015625,0.962890625,0.3642578125
priority_scan,77,600,4,0.0,1.0,1.0,0.2119496501310068,0.9365234375,0.966796875,0.523193359375
priority_scan,77,300,4,0.0,1.0,1.0,0.1973992673177015,0.625,0.7451171875,0.51806640625
priority_scan,77,300,6,0.0,1.0,1.0,0.17407278534481896,0.4970703125,0.6181640625,0.3605143229166667
priority_scan,77,900,4,0.0,1.0,1.0,0.2088635635701062,0.9345703125,0.97265625,0.51708984375
priority_scan,77,900,6,0.0,1.0,1.0,0.2111676918654458,0.921875,0.9814453125,0.3606770833333333
priority_scan,22,600,6,0.0,1.0,1.0,0.22562540877716697,0.923828125,0.982421875,0.3642578125
priority_scan,22,600,4,0.0,1.0,1.0,0.2174893113362991,0.9248046875,0.9716796875,0.52099609375
priority_scan,22,300,4,0.0,1.0,1.0,0.22783270372243555,0.822265625,0.8837890625,0.530029296875
priority_scan,22,300,6,0.0,1.0,1.0,0.23599254968149527,0.8515625,0.921875,0.3653971354166667
priority_scan,22,900,4,0.0,1.0,1.0,0.20581052877884623,0.9326171875,0.9658203125,0.515869140625
priority_scan,22,900,6,0.0,1.0,1.0,0.21810840338732757,0.931640625,0.9775390625,0.3673502604166667
position_competitive,66,600,6,0.050082177,0.90923697,0.85915476,0.12397463180659545,1.0,,0.05712890625
position_competitive,66,600,4,0.07646862,0.8718152,0.7953466,0.13407321191448093,1.0,,0.044677734375
position_competitive,66,300,4,0.11984168,0.8970945,0.77725285,0.13634813674917787,1.0,,0.031494140625
position_competitive,66,300,6,0.07974832,0.9285728,0.84882444,0.12473182739795138,1.0,,0.038736979166666664
position_competitive,66,900,4,0.07033108,0.92506313,0.85473204,0.10658945731471707,1.0,,0.091796875
position_competitive,66,900,6,0.03590408,0.9548708,0.91896677,0.09752155937627506,1.0,,0.13492838541666666
position_competitive,33,600,6,0.07793014,0.9269006,0.8489705,0.11892976797205489,1.0,,0.047688802083333336
position_competitive,33,600,4,0.116653554,0.89693534,0.7802818,0.131288573679079,1.0,,0.04052734375
position_competitive,33,300,4,0.099008515,0.86131155,0.762303,0.13573008405318232,1.0,,0.029052734375
position_competitive,33,300,6,0.065327145,0.90252346,0.83719635,0.12670397466200428,1.0,,0.033203125
position_competitive,33,900,4,0.099430166,0.91738933,0.8179592,0.10527402524531601,1.0,,0.00048828125
position_competitive,33,900,6,0.06502506,0.94301045,0.87798536,0.09488563935471385,1.0,,0.0166015625
position_competitive,11,600,6,0.06570929,0.922943,0.8572337,0.10778112928595338,1.0,,0.02685546875
position_competitive,11,600,4,0.097038954,0.8938941,0.79685503,0.11782004726775647,1.0,,0.012451171875
position_competitive,11,300,4,0.117048286,0.884845,0.7677967,0.1325261420221609,1.0,,0.031982421875
position_competitive,11,300,6,0.07804094,0.9193537,0.84131277,0.12187216127157084,1.0,,0.039388020833333336
position_competitive,11,900,4,0.10718146,0.92778057,0.8205991,0.09957315694061451,1.0,,0.038330078125
position_competitive,11,900,6,0.06363957,0.9582039,0.89456433,0.09358194974551497,1.0,,0.09358723958333333
position_competitive,44,600,6,0.06719196,0.9200934,0.85290146,0.12099413758659334,1.0,,0.0556640625
position_competitive,44,600,4,0.10287212,0.8868116,0.7839394,0.13392545902068298,1.0,,0.04931640625
position_competitive,44,300,4,0.11403346,0.8895149,0.77548146,0.13614343019598052,1.0,,0.02880859375
position_competitive,44,300,6,0.07619661,0.92242026,0.84622365,0.12443431134516061,1.0,,0.037272135416666664
position_competitive,44,900,4,0.11465992,0.94267106,0.8280112,0.11190475550104316,1.0,,0.048095703125
position_competitive,44,900,6,0.074825495,0.96545756,0.89063203,0.09981171171339676,1.0,,0.07600911458333333
position_competitive,88,600,6,0.06396335,0.91986585,0.85590255,0.12065378617215011,1.0,,0.05517578125
position_competitive,88,600,4,0.09677848,0.88480556,0.78802705,0.13284972185958094,1.0,,0.04150390625
position_competitive,88,300,4,0.11589822,0.8891088,0.77321064,0.13494284731310305,1.0,,0.02783203125
position_competitive,88,300,6,0.07659178,0.92645144,0.84985965,0.1257597927866754,1.0,,0.034993489583333336
position_competitive,88,900,4,0.07181689,0.8854052,0.81358826,0.10475567605397866,1.0,,0.014404296875
position_competitive,88,900,6,0.044311456,0.9281123,0.8838009,0.09795305020810616,1.0,,0.06559244791666667
position_competitive,55,600,6,0.05274459,0.90156126,0.8488167,0.12881975593533848,1.0,,0.057779947916666664
position_competitive,55,600,4,0.08345785,0.86216855,0.77871066,0.13850745577935672,1.0,,0.045654296875
position_competitive,55,300,4,0.07407455,0.8241068,0.75003225,0.1529098616072995,1.0,,0.037109375
position_competitive,55,300,6,0.0485631,0.8723929,0.82382977,0.14208561857695012,1.0,,0.044108072916666664
position_competitive,55,900,4,0.10618683,0.94402814,0.83784133,0.14026028292171386,1.0,,0.0283203125
position_competitive,55,900,6,0.06820144,0.96356726,0.8953658,0.12851303750865742,1.0,,0.06266276041666667
position_competitive,77,600,6,0.09076957,0.9462087,0.8554391,0.12096130492784618,1.0,,0.0341796875
position_competitive,77,600,4,0.13163826,0.924157,0.79251873,0.13202759443141057,1.0,,0.017578125
position_competitive,77,300,4,0.11550008,0.89245373,0.77695376,0.13586554501573087,1.0,,0.033935546875
position_competitive,77,300,6,0.07753691,0.9266122,0.8490753,0.12455228668332227,1.0,,0.041666666666666664
position_competitive,77,900,4,0.06217695,0.89438844,0.8322115,0.10206109132508273,1.0,,0.083251953125
position_competitive,77,900,6,0.030175777,0.93734866,0.90717286,0.09538391610878508,1.0,,0.13053385416666666
position_competitive,22,600,6,0.079009466,0.9336099,0.8546004,0.11105161240558264,1.0,,0.035807291666666664
position_competitive,22,600,4,0.113670364,0.9059861,0.7923157,0.12204295641123905,1.0,,0.02294921875
position_competitive,22,300,4,0.07248844,0.83540505,0.76291656,0.15259138286902282,1.0,,0.042236328125
position_competitive,22,300,6,0.046619907,0.882372,0.8357521,0.14371388064005172,1.0,,0.050130208333333336
position_competitive,22,900,4,0.109961584,0.9603452,0.8503836,0.11867685478984685,1.0,,0.11669921875
position_competitive,22,900,6,0.064490795,0.97956765,0.9150769,0.11174738522703406,1.0,,0.14420572916666666
priority_competitive,66,600,6,0.0,1.0,1.0,0.16180011110954423,1.0,,0.3580729166666667
priority_competitive,66,600,4,0.0,1.0,1.0,0.1897818134782295,1.0,,0.5166015625
priority_competitive,66,300,4,0.0,1.0,1.0,0.19375577460741086,1.0,,0.52294921875
priority_competitive,66,300,6,0.0,1.0,1.0,0.16105355432858345,1.0,,0.3583984375
priority_competitive,66,900,4,0.0,1.0,1.0,0.1905002667484459,1.0,,0.51904296875
priority_competitive,66,900,6,0.0,1.0,1.0,0.15988601659875593,1.0,,0.35888671875
priority_competitive,33,600,6,0.0,1.0,1.0,0.16147392948148048,1.0,,0.3590494791666667
priority_competitive,33,600,4,0.0,1.0,1.0,0.19043715249668622,1.0,,0.52099609375
priority_competitive,33,300,4,0.0,1.0,1.0,0.19289074086701133,1.0,,0.518310546875
priority_competitive,33,300,6,0.0,1.0,1.0,0.16277745738222266,1.0,,0.3601888020833333
priority_competitive,33,900,4,0.0,1.0,1.0,0.19021833532917426,1.0,,0.51806640625
priority_competitive,33,900,6,0.0,1.0,1.0,0.16080980938680214,1.0,,0.3592122395833333
priority_competitive,11,600,6,0.0,1.0,1.0,0.16142186529341584,1.0,,0.3634440104166667
priority_competitive,11,600,4,0.0,1.0,1.0,0.19022307172919728,1.0,,0.520751953125
priority_competitive,11,300,4,0.0,1.0,1.0,0.19238792479678848,1.0,,0.515869140625
priority_competitive,11,300,6,0.0,1.0,1.0,0.16285000152795434,1.0,,0.3595377604166667
priority_competitive,11,900,4,0.0,1.0,1.0,0.19129258092695467,1.0,,0.517822265625
priority_competitive,11,900,6,0.0,1.0,1.0,0.1608356984251853,1.0,,0.3575846354166667
priority_competitive,44,600,6,0.0,1.0,1.0,0.16185982535419444,1.0,,0.35986328125
priority_competitive,44,600,4,0.0,1.0,1.0,0.19198902090707262,1.0,,0.51953125
priority_competitive,44,300,4,0.0,1.0,1.0,0.1953415921045233,1.0,,0.519287109375
priority_competitive,44,300,6,0.0,1.0,1.0,0.16279649329936485,1.0,,0.35888671875
priority_competitive,44,900,4,0.0,1.0,1.0,0.191389376419417,1.0,,0.5205078125
priority_competitive,44,900,6,0.0,1.0,1.0,0.16086093735680754,1.0,,0.3587239583333333
priority_competitive,88,600,6,0.0,1.0,1.0,0.1624775611767431,1.0,,0.3590494791666667
priority_competitive,88,600,4,0.0,1.0,1.0,0.19241877450013312,1.0,,0.518310546875
priority_competitive,88,300,4,0.0,1.0,1.0,0.19304058439030175,1.0,,0.521484375
priority_competitive,88,300,6,0.0,1.0,1.0,0.1628116696400329,1.0,,0.3525390625
priority_competitive,88,900,4,0.0,1.0,1.0,0.18980374052424065,1.0,,0.518310546875
priority_competitive,88,900,6,0.0,1.0,1.0,0.160001251859073,1.0,,0.3597005208333333
priority_competitive,55,600,6,0.0,1.0,1.0,0.16071042959845702,1.0,,0.35791015625
priority_competitive,55,600,4,0.0,1.0,1.0,0.19185400877273243,1.0,,0.51806640625
priority_competitive,55,300,4,0.0,1.0,1.0,0.19254308382642188,1.0,,0.519775390625
priority_competitive,55,300,6,0.0,1.0,1.0,0.16195968364694,1.0,,0.357421875
priority_competitive,55,900,4,0.0,1.0,1.0,0.18957267520323498,1.0,,0.520263671875
priority_competitive,55,900,6,0.0,1.0,1.0,0.16001475630834766,1.0,,0.3601888020833333
priority_competitive,77,600,6,0.0,1.0,1.0,0.1608591860846141,1.0,,0.3597005208333333
priority_competitive,77,600,4,0.0,1.0,1.0,0.19203379113469232,1.0,,0.51904296875
priority_competitive,77,300,4,0.0,1.0,1.0,0.19255181453089243,1.0,,0.51904296875
priority_competitive,77,300,6,0.0,1.0,1.0,0.16232054381190356,1.0,,0.35546875
priority_competitive,77,900,4,0.0,1.0,1.0,0.1908887914431359,1.0,,0.519287109375
priority_competitive,77,900,6,0.0,1.0,1.0,0.16083484233728457,1.0,,0.35888671875
priority_competitive,22,600,6,0.0,1.0,1.0,0.16120678199870772,1.0,,0.3562825520833333
priority_competitive,22,600,4,0.0,1.0,1.0,0.19116837297075975,1.0,,0.517578125
priority_competitive,22,300,4,0.0,1.0,1.0,0.1909712817021743,1.0,,0.51806640625
priority_competitive,22,300,6,0.0,1.0,1.0,0.16034300568846438,1.0,,0.357421875
priority_competitive,22,900,4,0.0,1.0,1.0,0.1883056799384996,1.0,,0.517578125
priority_competitive,22,900,6,0.0,1.0,1.0,0.16086492001432892,1.0,,0.3582356770833333
position_scan,66,600,6,0.25798342,0.9915489,0.7335655,0.23090613033765756,1.0,1.0,0.17936197916666666
position_scan,66,600,4,0.3131551,0.9842937,0.6711385,0.22898207945544627,1.0,1.0,0.19140625
position_scan,66,300,4,0.212697,0.9504967,0.7377997,0.18186601745152253,0.9990234375,1.0,0.08642578125
position_scan,66,300,6,0.15832081,0.9690087,0.8106879,0.17633971625218495,0.9677734375,0.9775390625,0.09912109375
position_scan,66,900,4,0.24434376,0.9892466,0.7449028,0.2034926651969578,1.0,1.0,0.214599609375
position_scan,66,900,6,0.16333939,0.9967102,0.8333708,0.20199877595964788,1.0,1.0,0.20035807291666666
position_scan,33,600,6,0.18025851,0.9955531,0.8152946,0.20830826947026856,1.0,1.0,0.20735677083333334
position_scan,33,600,4,0.2558128,0.98673624,0.7309234,0.2143813324971836,1.0,1.0,0.2109375
position_scan,33,300,4,0.30267757,0.9691837,0.66650605,0.22402516944459316,1.0,1.0,0.1484375
position_scan,33,300,6,0.24561039,0.982975,0.73736465,0.21759802530976824,1.0,1.0,0.16731770833333334
position_scan,33,900,4,0.24000555,0.9864713,0.7464657,0.1970344409094949,1.0,1.0,0.208251953125
position_scan,33,900,6,0.14823477,0.9957441,0.84750926,0.19794733354530336,0.9990234375,1.0,0.18310546875
position_scan,11,600,6,0.21437418,0.99553955,0.78116536,0.19602040980471883,1.0,1.0,0.20833333333333334
position_scan,11,600,4,0.27650625,0.9876207,0.71111447,0.1971903403345937,1.0,1.0,0.213623046875
position_scan,11,300,4,0.31726295,0.9704647,0.6532017,0.23523188114972282,1.0,1.0,0.14794921875
position_scan,11,300,6,0.2572376,0.9829923,0.72575474,0.23071715013484204,1.0,1.0,0.16324869791666666
position_scan,11,900,4,0.26665843,0.98652077,0.71986234,0.2091880939243867,1.0,1.0,0.203369140625
position_scan,11,900,6,0.17781854,0.9960189,0.81820035,0.21344373530500096,1.0,1.0,0.189453125
position_scan,44,600,6,0.22273253,0.99705637,0.7743238,0.2318756805561602,1.0,1.0,0.2294921875
position_scan,44,600,4,0.29123417,0.99124867,0.7000145,0.23334626719745546,1.0,1.0,0.230224609375
position_scan,44,300,4,0.32739437,0.9728676,0.64547324,0.24671942359342194,1.0,1.0,0.16064453125
position_scan,44,300,6,0.26570034,0.9843885,0.7186881,0.24262899704184288,1.0,1.0,0.1767578125
position_scan,44,900,4,0.2843715,0.99738425,0.71301275,0.2293373898621111,1.0,1.0,0.282470703125
position_scan,44,900,6,0.18584087,0.9997369,0.81389594,0.227238514355442,1.0,1.0,0.3059895833333333
position_scan,88,600,6,0.25357014,0.9969676,0.7433975,0.23586691178360944,1.0,1.0,0.23502604166666666
position_scan,88,600,4,0.31598285,0.991195,0.67521226,0.2353584000776891,1.0,1.0,0.234619140625
position_scan,88,300,4,0.30001718,0.9650049,0.6649877,0.22782253939522537,1.0,1.0,0.13037109375
position_scan,88,300,6,0.24064037,0.97975945,0.7391191,0.22319783334536789,0.9970703125,0.998046875,0.14339192708333334
position_scan,88,900,4,0.300272,0.993693,0.693421,0.2269804433033757,1.0,1.0,0.232666015625
position_scan,88,900,6,0.22190449,0.9986663,0.7767618,0.2323627973944925,1.0,1.0,0.24739583333333334
position_scan,55,600,6,0.27320483,0.9973484,0.7241436,0.2476522548170958,1.0,1.0,0.23893229166666666
position_scan,55,600,4,0.34610957,0.9907771,0.64466757,0.2495857101625124,1.0,1.0,0.226318359375
position_scan,55,300,4,0.36627802,0.9835031,0.61722505,0.2729380509524604,1.0,1.0,0.20703125
position_scan,55,300,6,0.3011047,0.9897627,0.68865806,0.2705683485474268,1.0,1.0,0.21598307291666666
position_scan,55,900,4,0.3091901,0.99295884,0.6837688,0.22142367626475853,1.0,1.0,0.236572265625
position_scan,55,900,6,0.22748595,0.998307,0.770821,0.22104782710929302,1.0,1.0,0.24365234375
position_scan,77,600,6,0.20043626,0.99897635,0.79854006,0.24034580606019146,1.0,1.0,0.2706705729166667
position_scan,77,600,4,0.28843448,0.99638474,0.70795023,0.2458339127272382,1.0,1.0,0.262939453125
position_scan,77,300,4,0.30750096,0.97257316,0.66507214,0.2276966474953523,1.0,1.0,0.135009765625
position_scan,77,300,6,0.25519276,0.9828918,0.72769904,0.22212132967493622,1.0,1.0,0.13932291666666666
position_scan,77,900,4,0.18584785,0.99187434,0.80602646,0.2019366479392657,1.0,1.0,0.2294921875
position_scan,77,900,6,0.10621321,0.99800384,0.8917906,0.20091666734621338,0.998046875,1.0,0.2412109375
position_scan,22,600,6,0.22019148,0.9975452,0.77735376,0.2043631046082139,1.0,1.0,0.22412109375
position_scan,22,600,4,0.28164548,0.99178207,0.71013653,0.20735890110631755,1.0,1.0,0.233642578125
position_scan,22,300,4,0.26720557,0.95993185,0.6927264,0.20204892614667427,1.0,1.0,0.111083984375
position_scan,22,300,6,0.21049961,0.9760335,0.76553386,0.195787813111394,0.9921875,0.9921875,0.12223307291666667
position_scan,22,900,4,0.2509808,0.9962972,0.7453164,0.20710637258474804,1.0,1.0,0.244140625
position_scan,22,900,6,0.16855803,0.99911404,0.83055604,0.20793185051971377,1.0,1.0,0.2517903645833333
