system,seed,n,intervention,sequence_change_rate,pairwise_relation_change,pairwise_accuracy_change,first_changed_position,normal_correct_count,exact_accuracy,pairwise_accuracy,kendall_tau_present,pair_coverage,first_error,omission_rate,no_match_rate,duplicate_rate,kendall_tau_change,transformed_sequence_agreement,slot_agreement,transformed_agreement_on_normal_correct,collateral_mismatch,transformed_target_accuracy,boost_moves_earlier
priority_scan,11,4,normal,0.0,0.0,0.0,4.0,344,0.3359375,0.638671875,0.9967447916666667,0.6396484375,2.1494140625,0.1875,0.1875,0.0,0.0,,,,,,
priority_scan,11,4,freeze,1.0,0.6603190104166666,-0.62548828125,1.3935546875,344,0.0,0.01318359375,0.2755905511811024,0.020670572916666664,1.02734375,0.718994140625,0.718994140625,0.0,-0.7139107611548555,,,,,,
priority_scan,11,4,shift,1.0,0.375,-0.37337239583333337,0.0,344,0.0,0.26529947916666663,-0.27669270833333326,0.6396484375,0.0048828125,0.1875,0.1875,0.0,-1.2734375,1.0,1.0,1.0,0.0,0.3359375,
priority_scan,11,4,permutation,1.0,0.375,-0.375,0.0,344,0.0,0.263671875,-0.2825520833333333,0.6396484375,0.0,0.1875,0.1875,0.0,-1.279296875,1.0,1.0,1.0,0.0,0.3359375,
priority_scan,11,4,ablation,1.0,0.6396484375,-0.638671875,0.400390625,344,0.0,0.0,,0.0,0.255859375,0.75,0.75,0.0,,,,,,,
priority_scan,11,4,swap,1.0,0.5970052083333334,-0.5703125,0.142578125,344,0.0,0.068359375,-0.8391927083333333,0.6396484375,0.0,0.1875,0.1875,0.0,-1.8359375,1.0,1.0,1.0,0.0,0.3359375,
priority_scan,11,6,normal,0.0,0.0,0.0,6.0,51,0.0498046875,0.5268880208333334,0.9942708333333333,0.5283854166666668,1.5888671875,0.25911458333333337,0.25911458333333337,0.0,0.0,,,,,,
priority_scan,11,6,freeze,1.0,0.5393229166666667,-0.5195963541666668,1.5830078125,51,0.0,0.007291666666666667,0.34199134199134196,0.0109375,1.0361328125,0.80712890625,0.80712890625,0.0,-0.6471861471861471,,,,,,
priority_scan,11,6,shift,1.0,0.2296875,-0.22864583333333333,0.0,51,0.0,0.2982421875000001,0.07252604166666667,0.5283854166666668,0.005859375,0.25911458333333337,0.25911458333333337,0.0,-0.9217447916666668,1.0,1.0,1.0,0.0,0.0498046875,
priority_scan,11,6,permutation,1.0,0.2296875,-0.22955729166666666,0.0,51,0.0,0.2973307291666667,0.06888020833333333,0.5283854166666668,0.0,0.25911458333333337,0.25911458333333337,0.0,-0.9253906250000001,1.0,1.0,1.0,0.0,0.0498046875,
priority_scan,11,6,ablation,1.0,0.5283854166666667,-0.5268880208333334,0.2919921875,51,0.0,0.0,,0.0,0.162109375,0.8333333333333335,0.8333333333333335,0.0,,,,,,,
priority_scan,11,6,swap,0.998046875,0.3995442708333333,-0.37480468750000007,0.2958984375,51,0.0,0.15208333333333335,-0.4754557291666668,0.5283854166666668,0.0,0.25911458333333337,0.25911458333333337,0.0,-1.4697265624999998,1.0,1.0,1.0,0.0,0.0498046875,
priority_scan,22,4,normal,0.0,0.0,0.0,4.0,190,0.185546875,0.5447591145833334,0.9967447916666666,0.5458984375,1.6826171875,0.2392578125,0.2392578125,0.0,0.0,,,,,,
priority_scan,22,4,freeze,1.0,0.5826822916666666,-0.5172526041666667,1.45703125,190,0.0,0.027506510416666664,0.4937106918238993,0.036783854166666664,1.091796875,0.696533203125,0.696533203125,0.0,-0.5,,,,,,
priority_scan,22,4,shift,1.0,0.3404947916666667,-0.33854166666666663,0.0,190,0.0,0.20621744791666663,-0.36523437499999994,0.5458984375,0.00390625,0.2392578125,0.2392578125,0.0,-1.3619791666666665,1.0,1.0,1.0,0.0,0.185546875,
priority_scan,22,4,permutation,1.0,0.3404947916666667,-0.34049479166666663,0.0,190,0.0,0.20426432291666663,-0.37109374999999994,0.5458984375,0.0,0.2392578125,0.2392578125,0.0,-1.3678385416666665,1.0,1.0,1.0,0.0,0.185546875,
priority_scan,22,4,ablation,1.0,0.5458984375,-0.5447591145833334,0.439453125,190,0.0,0.0,,0.0,0.255859375,0.75,0.75,0.0,,,,,,,
priority_scan,22,4,swap,0.99609375,0.52685546875,-0.5022786458333334,0.171875,190,0.0,0.04248046875,-0.888671875,0.5458984375,0.0,0.2392578125,0.2392578125,0.0,-1.8854166666666665,1.0,1.0,1.0,0.0,0.185546875,
priority_scan,22,6,normal,0.0,0.0,0.0,6.0,28,0.02734375,0.46067708333333346,0.996875,0.4614583333333334,1.443359375,0.3035481770833333,0.3035481770833333,0.0,0.0,,,,,,
priority_scan,22,6,freeze,1.0,0.47903645833333336,-0.44817708333333345,1.6083984375,28,0.0,0.0125,0.4174174174174174,0.017578125,1.064453125,0.7932942708333334,0.7932942708333334,0.0,-0.581081081081081,,,,,,
priority_scan,22,6,shift,1.0,0.2119140625,-0.2111328125,0.0,28,0.0,0.24954427083333336,0.009895833333333338,0.4614583333333334,0.0048828125,0.3035481770833333,0.3035481770833333,0.0,-0.9869791666666667,1.0,1.0,1.0,0.0,0.02734375,
priority_scan,22,6,permutation,1.0,0.2119140625,-0.2119140625,0.0,28,0.0,0.2487630208333334,0.0062500000000000056,0.4614583333333334,0.0,0.3035481770833333,0.3035481770833333,0.0,-0.9906250000000001,1.0,1.0,1.0,0.0,0.02734375,
priority_scan,22,6,ablation,1.0,0.46145833333333336,-0.46067708333333346,0.3154296875,28,0.0,0.0,,0.0,0.162109375,0.8333333333333335,0.8333333333333335,0.0,,,,,,,
priority_scan,22,6,swap,0.9990234375,0.365625,-0.33860677083333335,0.3984375,28,0.0,0.1220703125,-0.5349609375000001,0.4614583333333334,0.0,0.3035481770833333,0.3035481770833333,0.0,-1.5318359375,1.0,1.0,1.0,0.0,0.02734375,
priority_scan,33,4,normal,0.0,0.0,0.0,4.0,177,0.1728515625,0.5343424479166666,0.998046875,0.5349934895833333,1.6318359375,0.24560546875,0.24560546875,0.0,0.0,,,,,,
priority_scan,33,4,freeze,1.0,0.5721028645833334,-0.5069986979166666,1.4912109375,177,0.0,0.02734375,0.49514563106796117,0.037109375,1.0908203125,0.697021484375,0.697021484375,0.0,-0.4983818770226537,,,,,,
priority_scan,33,4,shift,1.0,0.3362630208333333,-0.3359375,0.0,177,0.0,0.19840494791666663,-0.38053385416666663,0.5349934895833333,0.0,0.24560546875,0.24560546875,0.0,-1.3785807291666665,1.0,1.0,1.0,0.0,0.1728515625,
priority_scan,33,4,permutation,1.0,0.3362630208333333,-0.3359375,0.0,177,0.0,0.19840494791666663,-0.38053385416666663,0.5349934895833333,0.0,0.24560546875,0.24560546875,0.0,-1.3785807291666665,1.0,1.0,1.0,0.0,0.1728515625,
priority_scan,33,4,ablation,1.0,0.5349934895833334,-0.5343424479166666,0.4482421875,177,0.0,0.0,,0.0,0.255859375,0.75,0.75,0.0,,,,,,,
priority_scan,33,4,swap,0.9970703125,0.52197265625,-0.49365234375,0.17578125,177,0.0,0.04069010416666666,-0.8909505208333333,0.5349934895833333,0.0,0.24560546875,0.24560546875,0.0,-1.8889973958333333,1.0,1.0,1.0,0.0,0.1728515625,
priority_scan,33,6,normal,0.0,0.0,0.0,6.0,22,0.021484375,0.4421875000000001,0.9932942708333332,0.4440104166666668,1.3955078125,0.31591796875,0.31591796875,0.0,0.0,,,,,,
priority_scan,33,6,freeze,1.0,0.4598307291666667,-0.4304036458333334,1.7412109375,22,0.0,0.011783854166666666,0.4840871021775544,0.015820312500000003,1.064453125,0.7973632812500001,0.7973632812500001,0.0,-0.5122278056951424,,,,,,
priority_scan,33,6,shift,1.0,0.20696614583333334,-0.20514322916666666,0.0,22,0.0,0.23704427083333335,-0.012044270833333327,0.4440104166666668,0.013671875,0.31591796875,0.31591796875,0.0,-1.0053385416666667,1.0,1.0,1.0,0.0,0.021484375,
priority_scan,33,6,permutation,1.0,0.20696614583333334,-0.20670572916666669,0.0,22,0.0,0.23548177083333338,-0.01647135416666666,0.4440104166666668,0.0,0.31591796875,0.31591796875,0.0,-1.009765625,1.0,1.0,1.0,0.0,0.021484375,
priority_scan,33,6,ablation,1.0,0.4440104166666667,-0.4421875000000001,0.3125,22,0.0,0.0,,0.0,0.162109375,0.8333333333333335,0.8333333333333335,0.0,,,,,,,
priority_scan,33,6,swap,0.9931640625,0.3531901041666667,-0.3270833333333334,0.3076171875,22,0.0,0.11510416666666667,-0.5464192708333334,0.4440104166666668,0.0,0.31591796875,0.31591796875,0.0,-1.5397135416666667,1.0,1.0,1.0,0.0,0.021484375,
priority_scan,44,4,normal,0.0,0.0,0.0,4.0,438,0.427734375,0.6980794270833333,0.9912109375,0.70166015625,2.4052734375,0.154296875,0.154296875,0.0,0.0,,,,,,
priority_scan,44,4,freeze,1.0,0.72607421875,-0.68212890625,1.2255859375,438,0.0,0.015950520833333332,0.3063063063063063,0.0244140625,1.0234375,0.713623046875,0.713623046875,0.0,-0.6936936936936937,,,,,,
priority_scan,44,4,shift,1.0,0.3971354166666667,-0.3935546875,0.0,438,0.0,0.3045247395833333,-0.22591145833333331,0.70166015625,0.0107421875,0.154296875,0.154296875,0.0,-1.2171223958333333,1.0,1.0,1.0,0.0,0.427734375,
priority_scan,44,4,permutation,1.0,0.3971354166666667,-0.396484375,0.0,438,0.0,0.30159505208333337,-0.232421875,0.70166015625,0.0,0.154296875,0.154296875,0.0,-1.2236328125,1.0,1.0,1.0,0.0,0.427734375,
priority_scan,44,4,ablation,1.0,0.70166015625,-0.6980794270833333,0.365234375,438,0.0,0.0,,0.0,0.255859375,0.75,0.75,0.0,,,,,,,
priority_scan,44,4,swap,0.9990234375,0.6432291666666666,-0.6083984375,0.1904296875,438,0.0,0.08968098958333333,-0.7877604166666666,0.70166015625,0.0,0.154296875,0.154296875,0.0,-1.7789713541666667,1.0,1.0,1.0,0.0,0.427734375,
priority_scan,44,6,normal,0.0,0.0,0.0,6.0,78,0.076171875,0.5317708333333334,0.9867187500000001,0.5354817708333335,1.8603515625,0.255859375,0.255859375,0.0,0.0,,,,,,
priority_scan,44,6,freeze,1.0,0.5520833333333334,-0.5196614583333334,1.3447265625,78,0.0,0.012109375000000002,0.45350500715307585,0.0166015625,1.06640625,0.7936197916666667,0.7936197916666667,0.0,-0.5293276108726753,,,,,,
priority_scan,44,6,shift,1.0,0.23098958333333333,-0.22864583333333335,0.0,78,0.0,0.3031250000000001,0.07109375,0.5354817708333335,0.013671875,0.255859375,0.255859375,0.0,-0.9156250000000001,1.0,1.0,1.0,0.0,0.076171875,
priority_scan,44,6,permutation,1.0,0.23098958333333333,-0.23033854166666667,0.0,78,0.0,0.30143229166666674,0.065234375,0.5354817708333335,0.0,0.255859375,0.255859375,0.0,-0.9214843750000001,1.0,1.0,1.0,0.0,0.076171875,
priority_scan,44,6,ablation,1.0,0.5354817708333334,-0.5317708333333334,0.2626953125,78,0.0,0.0,,0.0,0.162109375,0.8333333333333335,0.8333333333333335,0.0,,,,,,,
priority_scan,44,6,swap,0.99609375,0.40078125,-0.3724609375,0.3828125,78,0.0,0.15930989583333335,-0.4598307291666667,0.5354817708333335,0.0,0.255859375,0.255859375,0.0,-1.4465494791666667,1.0,1.0,1.0,0.0,0.076171875,
position_scan,11,4,normal,0.0,0.0,0.0,4.0,492,0.48046875,0.7198893229166667,0.9911591355599214,0.72314453125,2.4921875,0.14501953125,0.14501953125,0.0,0.0,,,,,,
position_scan,11,4,freeze,1.0,0.7233072916666666,-0.7197265625,1.21484375,492,0.0,0.00016276041666666666,1.0,0.00016276041666666666,0.859375,0.78369140625,0.78369140625,0.0,0.0,,,,,,
position_scan,11,4,shift,1.0,0.3649088541666667,-0.3629557291666667,0.00390625,492,0.0,0.35693359375,-0.01899148657498361,0.72314453125,0.05859375,0.14501953125,0.14501953125,0.0,-1.010150622134905,1.0,1.0,1.0,0.0,0.48046875,
position_scan,11,4,permutation,1.0,0.3917643229166667,-0.39013671875,0.0126953125,492,0.0,0.3297526041666667,-0.13032089063523247,0.72314453125,0.0,0.14501953125,0.14501953125,0.0,-1.1214800261951539,1.0,1.0,1.0,0.0,0.48046875,
position_scan,11,4,ablation,1.0,0.72314453125,-0.7198893229166667,0.1396484375,492,0.0,0.0,,0.0,0.0,1.0,1.0,0.0,,,,,,,
position_scan,11,4,swap,0.9912109375,0.6622721354166666,-0.6171875,0.31640625,492,0.0,0.10270182291666666,-0.7432874918140142,0.72314453125,0.0,0.14501953125,0.14501953125,0.0,-1.7344466273739356,1.0,1.0,1.0,0.0,0.48046875,
position_scan,11,6,normal,0.0,0.0,0.0,6.0,10,0.009765625,0.4336588541666668,0.987109375,0.4359375000000001,1.3837890625,0.3212890625,0.3212890625,0.0,0.0,,,,,,
position_scan,11,6,freeze,1.0,0.43626302083333335,-0.4333984375000001,1.4326171875,10,0.0,0.00026041666666666666,0.6,0.00032552083333333337,0.77734375,0.8696289062500001,0.8696289062500001,0.0,-0.4,,,,,,
position_scan,11,6,shift,1.0,0.16627604166666668,-0.166015625,0.0146484375,10,0.0,0.2676432291666667,0.22552083333333336,0.4359375000000001,0.0869140625,0.3212890625,0.3212890625,0.0,-0.7615885416666668,1.0,1.0,1.0,0.0,0.009765625,
position_scan,11,6,permutation,1.0,0.17766927083333334,-0.17688802083333333,0.05078125,10,0.0,0.2567708333333334,0.17369791666666667,0.4359375000000001,0.0,0.3212890625,0.3212890625,0.0,-0.8134114583333334,1.0,1.0,1.0,0.0,0.009765625,
position_scan,11,6,ablation,1.0,0.4359375,-0.4336588541666668,0.2373046875,10,0.0,0.0,,0.0,0.0,1.0,1.0,0.0,,,,,,,
position_scan,11,6,swap,0.9296875,0.3529296875,-0.2761067708333334,0.8857421875,10,0.0,0.15755208333333337,-0.2674479166666667,0.4359375000000001,0.0,0.3212890625,0.3212890625,0.0,-1.2545572916666665,1.0,1.0,1.0,0.0,0.009765625,
position_scan,22,4,normal,0.0,0.0,0.0,4.0,557,0.5439453125,0.759765625,0.9895731508634735,0.7639973958333333,2.8056640625,0.12255859375,0.12255859375,0.0,0.0,,,,,,
position_scan,22,4,freeze,1.0,0.7646484375,-0.7594401041666667,1.1630859375,557,0.0,0.0003255208333333333,0.0,0.0006510416666666666,0.912109375,0.764892578125,0.764892578125,0.0,-1.0,,,,,,
position_scan,22,4,shift,1.0,0.4015299479166667,-0.39534505208333337,0.0029296875,557,0.0,0.3644205729166667,-0.07559465623981752,0.7639973958333333,0.0361328125,0.12255859375,0.12255859375,0.0,-1.0651678071032908,1.0,1.0,1.0,0.0,0.5439453125,
position_scan,22,4,permutation,1.0,0.3974609375,-0.3968098958333333,0.0068359375,557,0.0,0.36295572916666663,-0.07363962202671878,0.7639973958333333,0.0,0.12255859375,0.12255859375,0.0,-1.0632127728901921,1.0,1.0,1.0,0.0,0.5439453125,
position_scan,22,4,ablation,1.0,0.7639973958333334,-0.759765625,0.06640625,557,0.0,0.0,,0.0,0.0,1.0,1.0,0.0,,,,,,,
position_scan,22,4,swap,0.9921875,0.6871744791666666,-0.6432291666666667,0.205078125,557,0.0,0.11653645833333334,-0.7148908439231019,0.7639973958333333,0.0,0.12255859375,0.12255859375,0.0,-1.7044639947865754,1.0,1.0,1.0,0.0,0.5439453125,
position_scan,22,6,normal,0.0,0.0,0.0,6.0,11,0.0107421875,0.45585937500000007,0.9876712328767124,0.4588541666666668,1.8466796875,0.306640625,0.306640625,0.0,0.0,,,,,,
position_scan,22,6,freeze,1.0,0.46067708333333335,-0.4546223958333334,1.3017578125,11,0.0,0.0012369791666666668,0.35714285714285715,0.0018229166666666667,0.8623046875,0.8479817708333335,0.8479817708333335,0.0,-0.5925925925925926,,,,,,
position_scan,22,6,shift,1.0,0.19244791666666666,-0.18932291666666667,0.021484375,11,0.0,0.2665364583333334,0.1433137638617091,0.4588541666666668,0.064453125,0.306640625,0.306640625,0.0,-0.8443574690150033,1.0,1.0,1.0,0.0,0.0107421875,
position_scan,22,6,permutation,1.0,0.18138020833333332,-0.18098958333333331,0.0322265625,11,0.0,0.2748697916666667,0.1878016960208741,0.4588541666666668,0.0,0.306640625,0.306640625,0.0,-0.7998695368558383,1.0,1.0,1.0,0.0,0.0107421875,
position_scan,22,6,ablation,1.0,0.4588541666666667,-0.45585937500000007,0.13671875,11,0.0,0.0,,0.0,0.0,1.0,1.0,0.0,,,,,,,
position_scan,22,6,swap,0.9375,0.3785807291666667,-0.2596354166666667,0.587890625,11,0.0,0.19622395833333336,-0.1420743639921722,0.4588541666666668,0.0,0.306640625,0.306640625,0.0,-1.1297455968688845,1.0,1.0,1.0,0.0,0.0107421875,
position_scan,33,4,normal,0.0,0.0,0.0,4.0,356,0.34765625,0.63623046875,0.9947865754317367,0.6378580729166666,2.123046875,0.190673828125,0.190673828125,0.0,0.0,,,,,,
position_scan,33,4,freeze,0.9990234375,0.63818359375,-0.6360677083333333,1.3359375,356,0.0,0.00016276041666666666,0.0,0.0003255208333333333,0.8505859375,0.785400390625,0.785400390625,0.0,-1.0,,,,,,
position_scan,33,4,shift,1.0,0.33349609375,-0.33154296875,0.0068359375,356,0.0,0.3046875,-0.0641902899967416,0.6378580729166666,0.0517578125,0.190673828125,0.190673828125,0.0,-1.0589768654284784,1.0,1.0,1.0,0.0,0.34765625,
position_scan,33,4,permutation,1.0,0.3623046875,-0.361328125,0.0068359375,356,0.0,0.27490234375,-0.2134245682632779,0.6378580729166666,0.0,0.190673828125,0.190673828125,0.0,-1.2082111436950147,1.0,1.0,1.0,0.0,0.34765625,
position_scan,33,4,ablation,1.0,0.6378580729166666,-0.63623046875,0.150390625,356,0.0,0.0,,0.0,0.0,1.0,1.0,0.0,,,,,,,
position_scan,33,4,swap,0.9921875,0.603515625,-0.5563151041666666,0.3623046875,356,0.0,0.07991536458333333,-0.7882046269143043,0.6378580729166666,0.0,0.190673828125,0.190673828125,0.0,-1.782991202346041,1.0,1.0,1.0,0.0,0.34765625,
position_scan,33,6,normal,0.0,0.0,0.0,6.0,0,0.0,0.42447916666666674,0.9897786458333334,0.4266276041666668,1.2626953125,0.3258463541666667,0.32584635416666663,0.0,0.0,,,,,,
position_scan,33,6,freeze,1.0,0.427734375,-0.42356770833333346,1.5654296875,0,0.0,0.0009114583333333335,0.6470588235294118,0.0011067708333333333,0.841796875,0.8570963541666669,0.8570963541666669,0.0,-0.35294117647058826,,,,,,
position_scan,33,6,shift,1.0,0.17545572916666666,-0.1744140625,0.0126953125,0,0.0,0.2500651041666667,0.15598958333333335,0.4266276041666668,0.0869140625,0.3258463541666667,0.32584635416666663,0.0,-0.8337890625000001,1.0,1.0,,,0.0,
position_scan,33,6,permutation,1.0,0.18619791666666666,-0.185546875,0.0146484375,0,0.0,0.2389322916666667,0.09596354166666668,0.4266276041666668,0.0,0.3258463541666667,0.32584635416666663,0.0,-0.8938151041666667,1.0,1.0,,,0.0,
position_scan,33,6,ablation,1.0,0.4266276041666667,-0.42447916666666674,0.171875,0,0.0,0.0,,0.0,0.0,1.0,1.0,0.0,,,,,,,
position_scan,33,6,swap,0.958984375,0.36087239583333336,-0.26927083333333335,0.5791015625,0,0.0,0.15520833333333334,-0.27727864583333334,0.4266276041666668,0.0,0.3258463541666667,0.32584635416666663,0.0,-1.2670572916666667,1.0,1.0,,,0.0,
position_scan,44,4,normal,0.0,0.0,0.0,4.0,465,0.4541015625,0.70166015625,0.9986953685583824,0.7023111979166666,2.5068359375,0.15576171875,0.15576171875,0.0,0.0,,,,,,
position_scan,44,4,freeze,1.0,0.7024739583333334,-0.7014973958333333,1.1962890625,465,0.0,0.00016276041666666666,1.0,0.00016276041666666666,0.875,0.7802734375,0.7802734375,0.0,0.0,,,,,,
position_scan,44,4,shift,1.0,0.3623046875,-0.3616536458333333,0.0,465,0.0,0.3400065104166667,-0.0466405740378343,0.7023111979166666,0.033203125,0.15576171875,0.15576171875,0.0,-1.0453359425962168,1.0,1.0,1.0,0.0,0.4541015625,
position_scan,44,4,permutation,1.0,0.3829752604166667,-0.3829752604166667,0.0078125,465,0.0,0.31868489583333337,-0.14774951076320939,0.7023111979166666,0.0,0.15576171875,0.15576171875,0.0,-1.1464448793215916,1.0,1.0,1.0,0.0,0.4541015625,
position_scan,44,4,ablation,1.0,0.7023111979166666,-0.70166015625,0.1220703125,465,0.0,0.0,,0.0,0.0,1.0,1.0,0.0,,,,,,,
position_scan,44,4,swap,0.99609375,0.6534830729166666,-0.6043294270833334,0.3154296875,465,0.0,0.09733072916666666,-0.7576647097195042,0.7023111979166666,0.0,0.15576171875,0.15576171875,0.0,-1.7563600782778865,1.0,1.0,1.0,0.0,0.4541015625,
position_scan,44,6,normal,0.0,0.0,0.0,6.0,10,0.009765625,0.44257812500000004,0.9935546875,0.44394531250000013,1.564453125,0.31591796875,0.31591796875,0.0,0.0,,,,,,
position_scan,44,6,freeze,1.0,0.4444661458333333,-0.44218750000000007,1.40234375,10,0.0,0.000390625,0.5,0.0005208333333333333,0.7841796875,0.8668619791666667,0.8668619791666667,0.0,-0.5,,,,,,
position_scan,44,6,shift,1.0,0.17122395833333334,-0.17005208333333333,0.009765625,10,0.0,0.2725260416666667,0.22942708333333334,0.44394531250000013,0.09765625,0.31591796875,0.31591796875,0.0,-0.7641276041666667,1.0,1.0,1.0,0.0,0.009765625,
position_scan,44,6,permutation,1.0,0.18170572916666666,-0.1814453125,0.0419921875,10,0.0,0.26113281250000003,0.1703125,0.44394531250000013,0.0,0.31591796875,0.31591796875,0.0,-0.8232421875,1.0,1.0,1.0,0.0,0.009765625,
position_scan,44,6,ablation,1.0,0.4439453125,-0.44257812500000004,0.21875,10,0.0,0.0,,0.0,0.0,1.0,1.0,0.0,,,,,,,
position_scan,44,6,swap,0.9208984375,0.3666015625,-0.2473307291666667,0.81640625,10,0.0,0.19524739583333336,-0.12337239583333333,0.44394531250000013,0.0,0.31591796875,0.31591796875,0.0,-1.1169270833333333,1.0,1.0,1.0,0.0,0.009765625,
phase_scan,11,4,normal,0.0,0.0,0.0,4.0,740,0.72265625,0.8663736979166667,0.9833984375,0.8743489583333333,3.1572265625,0.065185546875,0.065185546875,0.0,0.0,,,,,,
phase_scan,11,4,freeze,1.0,0.87451171875,-0.8663736979166667,1.080078125,740,0.0,0.0,-1.0,0.00016276041666666666,0.90234375,0.7705078125,0.7705078125,0.0,-2.0,,,,,,
phase_scan,11,4,shift,1.0,0.4309895833333333,-0.42643229166666663,0.0,740,0.0,0.43994140625,0.015299479166666671,0.8743489583333333,0.0400390625,0.065185546875,0.065185546875,0.0,-0.9680989583333333,1.0,1.0,1.0,0.0,0.72265625,
phase_scan,11,4,permutation,1.0,0.4510091145833333,-0.44612630208333337,0.0,740,0.0,0.4202473958333333,-0.05891927083333333,0.8743489583333333,0.0,0.065185546875,0.065185546875,0.0,-1.0423177083333335,1.0,1.0,1.0,0.0,0.72265625,
phase_scan,11,4,ablation,1.0,0.8743489583333334,-0.8663736979166667,0.0830078125,740,0.0,0.0,,0.0,0.0,1.0,1.0,0.0,,,,,,,
phase_scan,11,4,swap,0.998046875,0.751953125,-0.724609375,0.21484375,740,0.0,0.14176432291666666,-0.6891276041666666,0.8743489583333333,0.0,0.065185546875,0.065185546875,0.0,-1.6725260416666667,1.0,1.0,1.0,0.0,0.72265625,
phase_scan,11,6,normal,0.0,0.0,0.0,6.0,212,0.20703125,0.63671875,0.9906901041666667,0.6397135416666666,2.4931640625,0.19547526041666666,0.19547526041666663,0.0,0.0,,,,,,
phase_scan,11,6,freeze,1.0,0.6411458333333333,-0.6358723958333334,1.3662109375,212,0.0,0.0008463541666666667,0.18181818181818182,0.0014322916666666668,0.8818359375,0.8471679687500001,0.8471679687500001,0.0,-0.8181818181818182,,,,,,
phase_scan,11,6,shift,1.0,0.23255208333333333,-0.230859375,0.0068359375,212,0.0,0.40585937500000013,0.23984375000000002,0.6397135416666666,0.0625,0.19547526041666666,0.19547526041666663,0.0,-0.7508463541666668,1.0,1.0,1.0,0.0,0.20703125,
phase_scan,11,6,permutation,1.0,0.246875,-0.24583333333333335,0.0087890625,212,0.0,0.39088541666666676,0.19192708333333336,0.6397135416666666,0.0,0.19547526041666666,0.19547526041666663,0.0,-0.7987630208333334,1.0,1.0,1.0,0.0,0.20703125,
phase_scan,11,6,ablation,1.0,0.6397135416666667,-0.63671875,0.111328125,212,0.0,0.0,,0.0,0.0,1.0,1.0,0.0,,,,,,,
phase_scan,11,6,swap,0.9931640625,0.44798177083333335,-0.42122395833333337,0.42578125,212,0.0,0.2154947916666667,-0.36881510416666674,0.6397135416666666,0.0,0.19547526041666666,0.19547526041666663,0.0,-1.3595052083333332,1.0,1.0,1.0,0.0,0.20703125,
phase_scan,22,4,normal,0.0,0.0,0.0,4.0,745,0.7275390625,0.8649088541666667,0.9869791666666667,0.8709309895833333,3.2099609375,0.06689453125,0.06689453125,0.0,0.0,,,,,,
phase_scan,22,4,freeze,1.0,0.87158203125,-0.8645833333333333,1.0791015625,745,0.0,0.0003255208333333333,0.0,0.0006510416666666666,0.923828125,0.762939453125,0.762939453125,0.0,-1.0,,,,,,
phase_scan,22,4,shift,1.0,0.4396158854166667,-0.43310546875,0.0029296875,745,0.0,0.4318033854166667,-0.012695312499999995,0.8709309895833333,0.0419921875,0.06689453125,0.06689453125,0.0,-0.9996744791666665,1.0,1.0,1.0,0.0,0.7275390625,
phase_scan,22,4,permutation,1.0,0.45361328125,-0.4519856770833333,0.0009765625,745,0.0,0.41292317708333337,-0.08561197916666666,0.8709309895833333,0.0,0.06689453125,0.06689453125,0.0,-1.0725911458333333,1.0,1.0,1.0,0.0,0.7275390625,
phase_scan,22,4,ablation,1.0,0.8709309895833334,-0.8649088541666667,0.05859375,745,0.0,0.0,,0.0,0.0,1.0,1.0,0.0,,,,,,,
phase_scan,22,4,swap,1.0,0.7483723958333334,-0.7268880208333335,0.150390625,745,0.0,0.13802083333333331,-0.7047526041666665,0.8709309895833333,0.0,0.06689453125,0.06689453125,0.0,-1.6917317708333335,1.0,1.0,1.0,0.0,0.7275390625,
phase_scan,22,6,normal,0.0,0.0,0.0,6.0,108,0.10546875,0.5815755208333334,0.9912109375,0.5840494791666667,2.51953125,0.2255859375,0.22558593749999997,0.0,0.0,,,,,,
phase_scan,22,6,freeze,1.0,0.5873697916666667,-0.5795572916666667,1.271484375,108,0.0,0.002018229166666667,0.21568627450980393,0.0033203125,0.916015625,0.8359375000000001,0.8359375000000001,0.0,-0.7777777777777777,,,,,,
phase_scan,22,6,shift,1.0,0.23053385416666666,-0.2287109375,0.001953125,108,0.0,0.35286458333333337,0.17936197916666669,0.5840494791666667,0.03515625,0.2255859375,0.22558593749999997,0.0,-0.8118489583333335,1.0,1.0,1.0,0.0,0.10546875,
phase_scan,22,6,permutation,1.0,0.23938802083333333,-0.2392578125,0.0,108,0.0,0.3423177083333334,0.12975260416666667,0.5840494791666667,0.0,0.2255859375,0.22558593749999997,0.0,-0.8614583333333334,1.0,1.0,1.0,0.0,0.10546875,
phase_scan,22,6,ablation,1.0,0.5840494791666667,-0.5815755208333334,0.0673828125,108,0.0,0.0,,0.0,0.0,1.0,1.0,0.0,,,,,,,
phase_scan,22,6,swap,0.9931640625,0.425390625,-0.39667968750000004,0.44140625,108,0.0,0.18489583333333337,-0.40742187500000004,0.5840494791666667,0.0,0.2255859375,0.22558593749999997,0.0,-1.3986328124999998,1.0,1.0,1.0,0.0,0.10546875,
phase_scan,33,4,normal,0.0,0.0,0.0,4.0,772,0.75390625,0.875,0.9886067708333333,0.8802083333333333,3.3046875,0.0625,0.0625,0.0,0.0,,,,,,
phase_scan,33,4,freeze,1.0,0.8811848958333334,-0.8741861979166666,1.076171875,772,0.0,0.0008138020833333333,0.6666666666666666,0.0009765624999999999,0.9453125,0.758544921875,0.758544921875,0.0,-0.3333333333333333,,,,,,
phase_scan,33,4,shift,1.0,0.447265625,-0.44173177083333337,0.001953125,772,0.0,0.4332682291666667,-0.030273437499999993,0.8802083333333333,0.0283203125,0.0625,0.0625,0.0,-1.0188802083333335,1.0,1.0,1.0,0.0,0.75390625,
phase_scan,33,4,permutation,1.0,0.45458984375,-0.4523111979166667,0.0,772,0.0,0.42268880208333337,-0.06282552083333331,0.8802083333333333,0.0,0.0625,0.0625,0.0,-1.0514322916666667,1.0,1.0,1.0,0.0,0.75390625,
phase_scan,33,4,ablation,1.0,0.8802083333333334,-0.875,0.0419921875,772,0.0,0.0,,0.0,0.0,1.0,1.0,0.0,,,,,,,
phase_scan,33,4,swap,1.0,0.7537434895833334,-0.7350260416666667,0.1220703125,772,0.0,0.13997395833333331,-0.7047526041666665,0.8802083333333333,0.0,0.0625,0.0625,0.0,-1.693359375,1.0,1.0,1.0,0.0,0.75390625,
phase_scan,33,6,normal,0.0,0.0,0.0,6.0,210,0.205078125,0.6434895833333333,0.9910807291666667,0.6466796875,2.796875,0.19059244791666666,0.19059244791666666,0.0,0.0,,,,,,
phase_scan,33,6,freeze,1.0,0.6505208333333333,-0.640625,1.2646484375,210,0.0,0.0028645833333333336,0.4915254237288136,0.0038411458333333336,0.9677734375,0.8308919270833335,0.8308919270833335,0.0,-0.5084745762711864,,,,,,
phase_scan,33,6,shift,1.0,0.2494140625,-0.2482421875,0.0048828125,210,0.0,0.3952473958333334,0.19225260416666667,0.6466796875,0.0185546875,0.19059244791666666,0.19059244791666666,0.0,-0.7988281250000001,1.0,1.0,1.0,0.0,0.205078125,
phase_scan,33,6,permutation,1.0,0.251171875,-0.25078125,0.0029296875,210,0.0,0.39270833333333344,0.18053385416666667,0.6466796875,0.0,0.19059244791666666,0.19059244791666666,0.0,-0.8105468750000001,1.0,1.0,1.0,0.0,0.205078125,
phase_scan,33,6,ablation,1.0,0.6466796875,-0.6434895833333333,0.0478515625,210,0.0,0.0,,0.0,0.0,1.0,1.0,0.0,,,,,,,
phase_scan,33,6,swap,0.998046875,0.4533203125,-0.429296875,0.3017578125,210,0.0,0.21419270833333337,-0.38033854166666675,0.6466796875,0.0,0.19059244791666666,0.19059244791666666,0.0,-1.3714192708333333,1.0,1.0,1.0,0.0,0.205078125,
phase_scan,44,4,normal,0.0,0.0,0.0,4.0,703,0.6865234375,0.8370768229166667,0.9954427083333334,0.83935546875,2.9892578125,0.0830078125,0.0830078125,0.0,0.0,,,,,,
phase_scan,44,4,freeze,1.0,0.83935546875,-0.8370768229166667,1.0771484375,703,0.0,0.0,,0.0,0.8486328125,0.786865234375,0.786865234375,0.0,,,,,,,
phase_scan,44,4,shift,1.0,0.3982747395833333,-0.3972981770833333,0.0,703,0.0,0.43977864583333337,0.08365885416666669,0.83935546875,0.041015625,0.0830078125,0.0830078125,0.0,-0.9117838541666666,1.0,1.0,1.0,0.0,0.6865234375,
phase_scan,44,4,permutation,1.0,0.44189453125,-0.43994140625,0.0,703,0.0,0.39713541666666663,-0.09147135416666666,0.83935546875,0.0,0.0830078125,0.0830078125,0.0,-1.0869140625,1.0,1.0,1.0,0.0,0.6865234375,
phase_scan,44,4,ablation,1.0,0.83935546875,-0.8370768229166667,0.1474609375,703,0.0,0.0,,0.0,0.0,1.0,1.0,0.0,,,,,,,
phase_scan,44,4,swap,0.9990234375,0.7434895833333334,-0.7000325520833335,0.375,703,0.0,0.13704427083333331,-0.6852213541666666,0.83935546875,0.0,0.0830078125,0.0830078125,0.0,-1.6806640625,1.0,1.0,1.0,0.0,0.6865234375,
phase_scan,44,6,normal,0.0,0.0,0.0,6.0,147,0.1435546875,0.5975260416666668,0.9944010416666667,0.5992838541666667,2.0595703125,0.21793619791666666,0.21793619791666666,0.0,0.0,,,,,,
phase_scan,44,6,freeze,1.0,0.6001302083333333,-0.596875,1.3681640625,147,0.0,0.0006510416666666667,0.5384615384615384,0.0008463541666666667,0.7978515625,0.8642578125000002,0.8642578125000002,0.0,-0.46153846153846156,,,,,,
phase_scan,44,6,shift,1.0,0.20319010416666666,-0.2021484375,0.01953125,147,0.0,0.39537760416666673,0.3091796875,0.5992838541666667,0.1044921875,0.21793619791666666,0.21793619791666666,0.0,-0.6852213541666667,1.0,1.0,1.0,0.0,0.1435546875,
phase_scan,44,6,permutation,1.0,0.23899739583333332,-0.23834635416666666,0.0078125,147,0.0,0.35917968750000007,0.1677734375,0.5992838541666667,0.0,0.21793619791666666,0.21793619791666666,0.0,-0.8266276041666668,1.0,1.0,1.0,0.0,0.1435546875,
phase_scan,44,6,ablation,1.0,0.5992838541666666,-0.5975260416666668,0.2177734375,147,0.0,0.0,,0.0,0.0,1.0,1.0,0.0,,,,,,,
phase_scan,44,6,swap,0.9931640625,0.43333333333333335,-0.3985677083333333,0.7099609375,147,0.0,0.19895833333333338,-0.37766927083333335,0.5992838541666667,0.0,0.21793619791666666,0.21793619791666666,0.0,-1.3720703125,1.0,1.0,1.0,0.0,0.1435546875,
phase_competitive,11,4,ablation,0.9599609375,0.4988606770833333,-0.47802734375,0.427734375,915,0.0390625,0.5032552083333333,0.0065104166666666696,1.0,0.421875,0.0,0.0,0.0,-0.9560546875,,,,,,
phase_competitive,11,4,swap,1.0,0.8098958333333334,-0.8098958333333335,0.041015625,915,0.0,0.17138671874999994,-0.6572265625,1.0,0.0,0.0,0.0,0.0,-1.619791666666667,1.0,1.0,1.0,0.0,0.8935546875,
phase_competitive,11,4,boost,1.0,0.4951171875,-0.4951171875,0.0,915,0.0,0.4861653645833333,-0.027669270833333332,1.0,0.0,0.0,0.0,0.0,-0.990234375,,,,,,1.0
phase_competitive,11,6,ablation,0.998046875,0.50234375,-0.4825520833333333,0.2236328125,768,0.001953125,0.4986328125,-0.0027343750000000016,1.0,0.21875,0.0,0.0,0.0,-0.9651041666666667,,,,,,
phase_competitive,11,6,swap,1.0,0.583203125,-0.5832031249999998,0.0703125,768,0.0,0.3979817708333334,-0.2040364583333334,1.0,0.0,0.0,0.0,0.0,-1.1664062499999996,1.0,1.0,1.0,0.0,0.75,
phase_competitive,11,6,boost,1.0,0.32962239583333336,-0.3296223958333333,0.0,768,0.0,0.6515624999999999,0.30312500000000003,1.0,0.0,0.0,0.0,0.0,-0.6592447916666666,,,,,,1.0
phase_competitive,22,4,ablation,0.9580078125,0.4983723958333333,-0.48046875,0.431640625,929,0.0390625,0.5032552083333333,0.0065104166666666696,1.0,0.421875,0.0,0.0,0.0,-0.9609375,,,,,,
phase_competitive,22,4,swap,1.0,0.8111979166666666,-0.8111979166666667,0.03515625,929,0.0,0.17252604166666663,-0.6549479166666666,1.0,0.0,0.0,0.0,0.0,-1.6223958333333335,1.0,1.0,1.0,0.0,0.9072265625,
phase_competitive,22,4,boost,1.0,0.4947916666666667,-0.49479166666666663,0.0,929,0.0,0.48893229166666663,-0.022135416666666664,1.0,0.0,0.0,0.0,0.0,-0.9895833333333333,,,,,,1.0
phase_competitive,22,6,ablation,0.9970703125,0.5006510416666666,-0.4837239583333333,0.22265625,789,0.001953125,0.4986328125,-0.0027343750000000016,1.0,0.21875,0.0,0.0,0.0,-0.9674479166666667,,,,,,
phase_competitive,22,6,swap,1.0,0.5844401041666667,-0.5844401041666666,0.068359375,789,0.0,0.3979166666666667,-0.20416666666666672,1.0,0.0,0.0,0.0,0.0,-1.1688802083333332,0.9990234375,0.9996744791666666,1.0,0.0,0.7705078125,
phase_competitive,22,6,boost,1.0,0.33014322916666666,-0.33014322916666666,0.0,789,0.0,0.6522135416666666,0.30442708333333335,1.0,0.0,0.0,0.0,0.0,-0.6602864583333333,,,,,,1.0
phase_competitive,33,4,ablation,0.9609375,0.49658203125,-0.48095703125,0.4296875,931,0.0390625,0.5032552083333333,0.0065104166666666696,1.0,0.421875,0.0,0.0,0.0,-0.9619140625,,,,,,
phase_competitive,33,4,swap,1.0,0.8098958333333334,-0.8098958333333335,0.0380859375,931,0.0,0.17431640624999997,-0.6513671875,1.0,0.0,0.0,0.0,0.0,-1.619791666666667,1.0,1.0,1.0,0.0,0.9091796875,
phase_competitive,33,4,boost,1.0,0.49462890625,-0.49462890625,0.0,931,0.0,0.4895833333333333,-0.020833333333333332,1.0,0.0,0.0,0.0,0.0,-0.9892578125,,,,,,1.0
phase_competitive,33,6,ablation,0.998046875,0.5021484375,-0.4849609375,0.216796875,792,0.001953125,0.4986328125,-0.0027343750000000016,1.0,0.21875,0.0,0.0,0.0,-0.969921875,,,,,,
phase_competitive,33,6,swap,1.0,0.587109375,-0.5871093749999999,0.0517578125,792,0.0,0.3964843750000001,-0.20703125000000006,1.0,0.0,0.0,0.0,0.0,-1.1742187499999999,1.0,1.0,1.0,0.0,0.7734375,
phase_competitive,33,6,boost,1.0,0.33033854166666665,-0.33033854166666665,0.0,792,0.0,0.6532552083333333,0.3065104166666667,1.0,0.0,0.0,0.0,0.0,-0.6606770833333333,,,,,,1.0
phase_competitive,44,4,ablation,0.9619140625,0.4973958333333333,-0.4811197916666667,0.4189453125,933,0.0390625,0.5032552083333333,0.0065104166666666696,1.0,0.421875,0.0,0.0,0.0,-0.9622395833333333,,,,,,
phase_competitive,44,4,swap,1.0,0.8128255208333334,-0.8128255208333335,0.03515625,933,0.0,0.17154947916666663,-0.6569010416666666,1.0,0.0,0.0,0.0,0.0,-1.625651041666667,1.0,1.0,1.0,0.0,0.9111328125,
phase_competitive,44,4,boost,1.0,0.49560546875,-0.49560546875,0.0,933,0.0,0.48876953125,-0.0224609375,1.0,0.0,0.0,0.0,0.0,-0.9912109375,,,,,,1.0
phase_competitive,44,6,ablation,1.0,0.5027994791666667,-0.4835286458333333,0.2138671875,778,0.001953125,0.4986328125,-0.0027343750000000016,1.0,0.21875,0.0,0.0,0.0,-0.9670572916666667,,,,,,
phase_competitive,44,6,swap,1.0,0.585546875,-0.5855468749999999,0.052734375,778,0.0,0.3966145833333334,-0.20677083333333335,1.0,0.0,0.0,0.0,0.0,-1.1710937499999998,1.0,1.0,1.0,0.0,0.759765625,
phase_competitive,44,6,boost,1.0,0.32962239583333336,-0.3296223958333333,0.0,778,0.0,0.6525390624999999,0.30507812500000003,1.0,0.0,0.0,0.0,0.0,-0.6592447916666666,,,,,,1.0
