system,seed,n,normal_exact,normal_pairwise,code_pairwise,ablation_exact_drop,swap_transformed,invariance_preserved,freeze_sequence_change,freeze_pairwise_drop,shift_conditional,shift_all,permutation_conditional,permutation_all,S1,S2,S3,S4,S5,S_extra,scan_pass,P1,P2,P3,P4
priority_scan,11,4,0.3681640625,0.65869140625,0.9803059895833334,0.3359375,1.0,1.0,1.0,0.62548828125,1.0,0.3359375,1.0,0.3359375,True,False,False,False,True,True,False,,,,
priority_scan,11,6,0.0478515625,0.5368489583333333,0.978125,0.0498046875,1.0,1.0,1.0,0.5195963541666668,1.0,0.0498046875,1.0,0.0498046875,True,False,False,False,False,True,False,,,,
priority_scan,22,4,0.201171875,0.5558268229166667,0.9794921875,0.185546875,1.0,1.0,1.0,0.5172526041666667,1.0,0.185546875,1.0,0.185546875,True,False,False,False,False,True,False,,,,
priority_scan,22,6,0.025390625,0.4681640625000001,0.9763020833333335,0.02734375,1.0,1.0,1.0,0.44817708333333345,1.0,0.02734375,1.0,0.02734375,True,False,False,False,False,True,False,,,,
priority_scan,33,4,0.1708984375,0.53515625,0.9703776041666667,0.1728515625,1.0,1.0,1.0,0.5069986979166666,1.0,0.1728515625,1.0,0.1728515625,True,False,False,False,False,True,False,,,,
priority_scan,33,6,0.0166015625,0.4541015625000001,0.9677734375000001,0.021484375,1.0,1.0,1.0,0.4304036458333334,1.0,0.021484375,1.0,0.021484375,True,False,False,False,False,True,False,,,,
priority_scan,44,4,0.427734375,0.6954752604166667,0.97314453125,0.427734375,1.0,1.0,1.0,0.68212890625,1.0,0.427734375,1.0,0.427734375,True,False,False,False,True,True,False,,,,
priority_scan,44,6,0.0615234375,0.5304036458333334,0.9712239583333334,0.076171875,1.0,1.0,1.0,0.5196614583333334,1.0,0.076171875,1.0,0.076171875,True,False,False,False,False,True,False,,,,
position_scan,11,4,0.509765625,0.7376302083333333,0.9768880208333334,0.48046875,1.0,1.0,1.0,0.7197265625,1.0,0.48046875,1.0,0.48046875,True,False,False,False,True,True,False,,,,
position_scan,11,6,0.0068359375,0.4242838541666668,0.9761067708333333,0.009765625,1.0,1.0,1.0,0.4333984375000001,1.0,0.009765625,1.0,0.009765625,True,False,False,False,False,True,False,,,,
position_scan,22,4,0.5458984375,0.7607421875,0.9806315104166667,0.5439453125,1.0,1.0,1.0,0.7594401041666667,1.0,0.5439453125,1.0,0.5439453125,True,True,True,False,True,True,False,,,,
position_scan,22,6,0.01171875,0.4535156250000001,0.9807291666666668,0.0107421875,1.0,1.0,1.0,0.4546223958333334,1.0,0.0107421875,1.0,0.0107421875,True,False,False,False,False,True,False,,,,
position_scan,33,4,0.375,0.6569010416666666,0.98193359375,0.34765625,1.0,1.0,0.9990234375,0.6360677083333333,1.0,0.34765625,1.0,0.34765625,True,False,False,False,True,True,False,,,,
position_scan,33,6,0.0,0.4361328125000001,0.9828125000000001,0.0,,1.0,1.0,0.42356770833333346,,0.0,,0.0,True,False,False,False,False,False,False,,,,
position_scan,44,4,0.48046875,0.7102864583333333,0.9825846354166667,0.4541015625,1.0,1.0,1.0,0.7014973958333333,1.0,0.4541015625,1.0,0.4541015625,True,False,False,False,True,True,False,,,,
position_scan,44,6,0.0087890625,0.4472005208333334,0.9821614583333333,0.009765625,1.0,1.0,1.0,0.44218750000000007,1.0,0.009765625,1.0,0.009765625,True,False,False,False,False,True,False,,,,
phase_scan,11,4,0.7314453125,0.8662109375,0.97900390625,0.72265625,1.0,1.0,1.0,0.8663736979166667,1.0,0.72265625,1.0,0.72265625,True,True,True,True,True,True,True,True,True,True,True
phase_scan,11,6,0.2197265625,0.6412760416666667,0.9785807291666667,0.20703125,1.0,1.0,1.0,0.6358723958333334,1.0,0.20703125,1.0,0.20703125,True,False,False,False,True,True,False,True,False,False,True
phase_scan,22,4,0.7392578125,0.8743489583333333,0.9816080729166667,0.7275390625,1.0,1.0,1.0,0.8645833333333333,1.0,0.7275390625,1.0,0.7275390625,True,True,True,True,True,True,True,True,True,True,True
phase_scan,22,6,0.103515625,0.588671875,0.9821614583333333,0.10546875,1.0,1.0,1.0,0.5795572916666667,1.0,0.10546875,1.0,0.10546875,True,False,False,False,False,True,False,True,False,False,True
phase_scan,33,4,0.7431640625,0.8741861979166667,0.9791666666666667,0.75390625,1.0,1.0,1.0,0.8741861979166666,1.0,0.75390625,1.0,0.75390625,True,True,True,True,True,True,True,True,True,True,True
phase_scan,33,6,0.234375,0.6577473958333333,0.9813151041666667,0.205078125,1.0,1.0,1.0,0.640625,1.0,0.205078125,1.0,0.205078125,True,False,False,False,True,True,False,True,False,False,True
phase_scan,44,4,0.6953125,0.83544921875,0.9816080729166667,0.6865234375,1.0,1.0,1.0,0.8370768229166667,1.0,0.6865234375,1.0,0.6865234375,True,True,True,True,True,True,True,True,True,True,True
phase_scan,44,6,0.173828125,0.6139973958333333,0.9842447916666668,0.1435546875,1.0,1.0,1.0,0.596875,1.0,0.1435546875,1.0,0.1435546875,True,False,False,False,False,True,False,True,False,False,True
phase_competitive,11,4,0.9072265625,0.9837239583333334,0.9837239583333334,0.8544921875,1.0,1.0,,,,,,,,,,,,,,True,True,True,True
phase_competitive,11,6,0.775390625,0.9830078125,0.9830078125,0.748046875,1.0,1.0,,,,,,,,,,,,,,True,True,True,True
phase_competitive,22,4,0.9169921875,0.9860026041666667,0.9860026041666667,0.8681640625,1.0,1.0,,,,,,,,,,,,,,True,True,True,True
phase_competitive,22,6,0.7822265625,0.9840494791666667,0.9840494791666667,0.7685546875,1.0,1.0,,,,,,,,,,,,,,True,True,True,True
phase_competitive,33,4,0.9140625,0.9856770833333334,0.9856770833333334,0.8701171875,1.0,1.0,,,,,,,,,,,,,,True,True,True,True
phase_competitive,33,6,0.796875,0.98515625,0.98515625,0.771484375,1.0,1.0,,,,,,,,,,,,,,True,True,True,True
phase_competitive,44,4,0.916015625,0.9855143229166667,0.9855143229166667,0.8720703125,1.0,1.0,,,,,,,,,,,,,,True,True,True,True
phase_competitive,44,6,0.77734375,0.9837890625,0.9837890625,0.7578125,1.0,1.0,,,,,,,,,,,,,,True,True,True,True
