system,seed,n,intervention,sequence_change_rate,pairwise_relation_change,pairwise_accuracy_change,first_changed_position,normal_correct_count,exact_accuracy,pairwise_accuracy,kendall_tau_present,pair_coverage,first_error,omission_rate,no_match_rate,duplicate_rate,kendall_tau_change,max_logit_difference
priority_scan,11,4,affine,0.0,0.0,0.0,4.0,344,0.3359375,0.638671875,0.9967447916666667,0.6396484375,2.1494140625,0.1875,0.1875,0.0,0.0,2.86102294921875e-06
priority_scan,11,6,affine,0.0,0.0,0.0,6.0,51,0.0498046875,0.5268880208333334,0.9942708333333333,0.5283854166666668,1.5888671875,0.25911458333333337,0.25911458333333337,0.0,0.0,3.814697265625e-06
priority_scan,22,4,affine,0.0,0.0,0.0,4.0,190,0.185546875,0.5447591145833334,0.9967447916666666,0.5458984375,1.6826171875,0.2392578125,0.2392578125,0.0,0.0,1.9073486328125e-06
priority_scan,22,6,affine,0.0,0.0,0.0,6.0,28,0.02734375,0.46067708333333346,0.996875,0.4614583333333334,1.443359375,0.3035481770833333,0.3035481770833333,0.0,0.0,1.430511474609375e-06
priority_scan,33,4,affine,0.0,0.0,0.0,4.0,177,0.1728515625,0.5343424479166666,0.998046875,0.5349934895833333,1.6318359375,0.24560546875,0.24560546875,0.0,0.0,2.86102294921875e-06
priority_scan,33,6,affine,0.0,0.0,0.0,6.0,22,0.021484375,0.4421875000000001,0.9932942708333332,0.4440104166666668,1.3955078125,0.31591796875,0.31591796875,0.0,0.0,3.814697265625e-06
priority_scan,44,4,affine,0.0,0.0,0.0,4.0,438,0.427734375,0.6980794270833333,0.9912109375,0.70166015625,2.4052734375,0.154296875,0.154296875,0.0,0.0,2.86102294921875e-06
priority_scan,44,6,affine,0.0,0.0,0.0,6.0,78,0.076171875,0.5317708333333334,0.9867187500000001,0.5354817708333335,1.8603515625,0.255859375,0.255859375,0.0,0.0,3.814697265625e-06
position_scan,11,4,affine,0.0,0.0,0.0,4.0,492,0.48046875,0.7198893229166667,0.9911591355599214,0.72314453125,2.4921875,0.14501953125,0.14501953125,0.0,0.0,3.814697265625e-06
position_scan,11,6,affine,0.0,0.0,0.0,6.0,10,0.009765625,0.4336588541666668,0.987109375,0.4359375000000001,1.3837890625,0.3212890625,0.3212890625,0.0,0.0,3.814697265625e-06
position_scan,22,4,affine,0.0,0.0,0.0,4.0,557,0.5439453125,0.759765625,0.9895731508634735,0.7639973958333333,2.8056640625,0.12255859375,0.12255859375,0.0,0.0,3.814697265625e-06
position_scan,22,6,affine,0.0,0.0,0.0,6.0,11,0.0107421875,0.45585937500000007,0.9876712328767124,0.4588541666666668,1.8466796875,0.306640625,0.306640625,0.0,0.0,3.814697265625e-06
position_scan,33,4,affine,0.0,0.0,0.0,4.0,356,0.34765625,0.63623046875,0.9947865754317367,0.6378580729166666,2.123046875,0.190673828125,0.190673828125,0.0,0.0,3.814697265625e-06
position_scan,33,6,affine,0.0,0.0,0.0,6.0,0,0.0,0.42447916666666674,0.9897786458333334,0.4266276041666668,1.2626953125,0.3258463541666667,0.32584635416666663,0.0,0.0,3.814697265625e-06
position_scan,44,4,affine,0.0,0.0,0.0,4.0,465,0.4541015625,0.70166015625,0.9986953685583824,0.7023111979166666,2.5068359375,0.15576171875,0.15576171875,0.0,0.0,3.814697265625e-06
position_scan,44,6,affine,0.0,0.0,0.0,6.0,10,0.009765625,0.44257812500000004,0.9935546875,0.44394531250000013,1.564453125,0.31591796875,0.31591796875,0.0,0.0,3.814697265625e-06
phase_scan,11,4,rotation_037,0.0,0.0,0.0,4.0,740,0.72265625,0.8663736979166667,0.9833984375,0.8743489583333333,3.1572265625,0.065185546875,0.065185546875,0.0,0.0,4.76837158203125e-07
phase_scan,11,4,rotation_210,0.0,0.0,0.0,4.0,740,0.72265625,0.8663736979166667,0.9833984375,0.8743489583333333,3.1572265625,0.065185546875,0.065185546875,0.0,0.0,4.76837158203125e-07
phase_scan,11,6,rotation_037,0.0,0.0,0.0,6.0,212,0.20703125,0.63671875,0.9906901041666667,0.6397135416666666,2.4931640625,0.19547526041666666,0.19547526041666663,0.0,0.0,4.76837158203125e-07
phase_scan,11,6,rotation_210,0.0,0.0,0.0,6.0,212,0.20703125,0.63671875,0.9906901041666667,0.6397135416666666,2.4931640625,0.19547526041666666,0.19547526041666663,0.0,0.0,4.76837158203125e-07
phase_scan,22,4,rotation_037,0.0,0.0,0.0,4.0,745,0.7275390625,0.8649088541666667,0.9869791666666667,0.8709309895833333,3.2099609375,0.06689453125,0.06689453125,0.0,0.0,3.5762786865234375e-07
phase_scan,22,4,rotation_210,0.0,0.0,0.0,4.0,745,0.7275390625,0.8649088541666667,0.9869791666666667,0.8709309895833333,3.2099609375,0.06689453125,0.06689453125,0.0,0.0,4.76837158203125e-07
phase_scan,22,6,rotation_037,0.0,0.0,0.0,6.0,108,0.10546875,0.5815755208333334,0.9912109375,0.5840494791666667,2.51953125,0.2255859375,0.22558593749999997,0.0,0.0,4.76837158203125e-07
phase_scan,22,6,rotation_210,0.0,0.0,0.0,6.0,108,0.10546875,0.5815755208333334,0.9912109375,0.5840494791666667,2.51953125,0.2255859375,0.22558593749999997,0.0,0.0,3.5762786865234375e-07
phase_scan,33,4,rotation_037,0.0,0.0,0.0,4.0,772,0.75390625,0.875,0.9886067708333333,0.8802083333333333,3.3046875,0.0625,0.0625,0.0,0.0,4.76837158203125e-07
phase_scan,33,4,rotation_210,0.0,0.0,0.0,4.0,772,0.75390625,0.875,0.9886067708333333,0.8802083333333333,3.3046875,0.0625,0.0625,0.0,0.0,4.76837158203125e-07
phase_scan,33,6,rotation_037,0.0,0.0,0.0,6.0,210,0.205078125,0.6434895833333333,0.9910807291666667,0.6466796875,2.796875,0.19059244791666666,0.19059244791666666,0.0,0.0,4.76837158203125e-07
phase_scan,33,6,rotation_210,0.0,0.0,0.0,6.0,210,0.205078125,0.6434895833333333,0.9910807291666667,0.6466796875,2.796875,0.19059244791666666,0.19059244791666666,0.0,0.0,4.76837158203125e-07
phase_scan,44,4,rotation_037,0.0,0.0,0.0,4.0,703,0.6865234375,0.8370768229166667,0.9954427083333334,0.83935546875,2.9892578125,0.0830078125,0.0830078125,0.0,0.0,4.76837158203125e-07
phase_scan,44,4,rotation_210,0.0,0.0,0.0,4.0,703,0.6865234375,0.8370768229166667,0.9954427083333334,0.83935546875,2.9892578125,0.0830078125,0.0830078125,0.0,0.0,4.76837158203125e-07
phase_scan,44,6,rotation_037,0.0,0.0,0.0,6.0,147,0.1435546875,0.5975260416666668,0.9944010416666667,0.5992838541666667,2.0595703125,0.21793619791666666,0.21793619791666666,0.0,0.0,4.76837158203125e-07
phase_scan,44,6,rotation_210,0.0,0.0,0.0,6.0,147,0.1435546875,0.5975260416666668,0.9944010416666667,0.5992838541666667,2.0595703125,0.21793619791666666,0.21793619791666666,0.0,0.0,4.76837158203125e-07
phase_competitive,11,4,rotation_037,0.0,0.0,0.0,4.0,915,0.8935546875,0.9812825520833334,0.9625651041666666,1.0,3.6650390625,0.0,0.0,0.0,0.0,1.9073486328125e-06
phase_competitive,11,4,rotation_210,0.0,0.0,0.0,4.0,915,0.8935546875,0.9812825520833334,0.9625651041666666,1.0,3.6650390625,0.0,0.0,0.0,0.0,1.9073486328125e-06
phase_competitive,11,6,rotation_037,0.0,0.0,0.0,6.0,768,0.75,0.9811848958333333,0.9623697916666667,1.0,4.935546875,0.0,0.0,0.0,0.0,1.9073486328125e-06
phase_competitive,11,6,rotation_210,0.0,0.0,0.0,6.0,768,0.75,0.9811848958333333,0.9623697916666667,1.0,4.935546875,0.0,0.0,0.0,0.0,9.5367431640625e-07
phase_competitive,22,4,rotation_037,0.0,0.0,0.0,4.0,929,0.9072265625,0.9837239583333334,0.9674479166666667,1.0,3.712890625,0.0,0.0,0.0,0.0,1.9073486328125e-06
phase_competitive,22,4,rotation_210,0.0,0.0,0.0,4.0,929,0.9072265625,0.9837239583333334,0.9674479166666667,1.0,3.712890625,0.0,0.0,0.0,0.0,9.5367431640625e-07
phase_competitive,22,6,rotation_037,0.0,0.0,0.0,6.0,789,0.7705078125,0.9823567708333334,0.9647135416666668,1.0,5.0087890625,0.0,0.0,0.0,0.0,1.9073486328125e-06
phase_competitive,22,6,rotation_210,0.0,0.0,0.0,6.0,789,0.7705078125,0.9823567708333334,0.9647135416666668,1.0,5.0087890625,0.0,0.0,0.0,0.0,9.5367431640625e-07
phase_competitive,33,4,rotation_037,0.0,0.0,0.0,4.0,931,0.9091796875,0.9842122395833334,0.9684244791666666,1.0,3.720703125,0.0,0.0,0.0,0.0,1.9073486328125e-06
phase_competitive,33,4,rotation_210,0.0,0.0,0.0,4.0,931,0.9091796875,0.9842122395833334,0.9684244791666666,1.0,3.720703125,0.0,0.0,0.0,0.0,9.5367431640625e-07
phase_competitive,33,6,rotation_037,0.0,0.0,0.0,6.0,792,0.7734375,0.98359375,0.9671875000000001,1.0,5.0537109375,0.0,0.0,0.0,0.0,1.9073486328125e-06
phase_competitive,33,6,rotation_210,0.0,0.0,0.0,6.0,792,0.7734375,0.98359375,0.9671875000000001,1.0,5.0537109375,0.0,0.0,0.0,0.0,1.9073486328125e-06
phase_competitive,44,4,rotation_037,0.0,0.0,0.0,4.0,933,0.9111328125,0.984375,0.96875,1.0,3.72265625,0.0,0.0,0.0,0.0,1.9073486328125e-06
phase_competitive,44,4,rotation_210,0.0,0.0,0.0,4.0,933,0.9111328125,0.984375,0.96875,1.0,3.72265625,0.0,0.0,0.0,0.0,9.5367431640625e-07
phase_competitive,44,6,rotation_037,0.0,0.0,0.0,6.0,778,0.759765625,0.9821614583333333,0.9643229166666668,1.0,4.98828125,0.0,0.0,0.0,0.0,1.9073486328125e-06
phase_competitive,44,6,rotation_210,0.0,0.0,0.0,6.0,778,0.759765625,0.9821614583333333,0.9643229166666668,1.0,4.98828125,0.0,0.0,0.0,0.0,9.5367431640625e-07
