system,seed,n,intervention,checkpoint,sequence_change_rate,pairwise_relation_change,pairwise_accuracy_change,first_changed_position,normal_correct_count,exact_accuracy,pairwise_accuracy,kendall_tau_present,pair_coverage,first_error,omission_rate,no_match_rate,duplicate_rate,kendall_tau_change,transformed_sequence_agreement,slot_agreement,transformed_agreement_on_normal_correct,collateral_mismatch
priority_scan,11,4,normal,/original_A/priority_scan/11/checkpoint_900.pt,0.0,0.0,0.0,4.0,901,0.8798828125,0.9746093750000001,0.94921875,1,3.6337890625,0,0,0,0.0,1.0,1.0,1.0,0.0
priority_scan,11,4,freeze,/original_A/priority_scan/11/checkpoint_900.pt,0.0234375,0.006998697916666001,0.006022135416666001,3.931640625,901,0.8876953125,0.9806315104166661,0.961263020833333,1,3.6552734375,0,0,0,0.012044270833333,0.0,0.25,0.0,0.75
priority_scan,11,4,shift,/original_A/priority_scan/11/checkpoint_900.pt,0.794921875,0.38899739583333304,-0.38411458333333304,0.859375,901,0.166015625,0.5904947916666661,0.180989583333333,1,0.744140625,0,0,0,-0.7682291666666661,0.744140625,0.76953125,0.7913429522752491,0.198668146503884
priority_scan,11,4,permutation,/original_A/priority_scan/11/checkpoint_900.pt,1.0,0.34309895833333304,-0.33984375,0.0,901,0.0,0.634765625,0.26953125,1,0.0,0,0,0,-0.6796875,0.154296875,0.55322265625,0.16093229744728002,0.440066592674805
priority_scan,11,6,normal,/original_A/priority_scan/11/checkpoint_900.pt,0.0,0.0,0.0,6.0,777,0.7587890625,0.9781901041666661,0.956380208333333,1,5.0,0,0,0,0.0,1.0,1.0,1.0,0.0
priority_scan,11,6,freeze,/original_A/priority_scan/11/checkpoint_900.pt,0.0146484375,0.0036458333333330003,0.0032552083333330004,5.927734375,777,0.7607421875,0.9814453125,0.9628906250000001,1,5.0087890625,0,0,0,0.006510416666666001,0.0,0.16666666666666602,0.0,0.833333333333333
priority_scan,11,6,shift,/original_A/priority_scan/11/checkpoint_900.pt,0.4609375,0.1232421875,-0.118294270833333,3.5234375,777,0.4306640625,0.8598958333333331,0.719791666666666,1,3.1376953125,0,0,0,-0.236588541666666,0.3056640625,0.359049479166666,0.301158301158301,0.6593736593736591
priority_scan,11,6,permutation,/original_A/priority_scan/11/checkpoint_900.pt,1.0,0.2529296875,-0.24915364583333302,0.0,777,0.0,0.7290364583333331,0.45807291666666605,1,0.0,0,0,0,-0.49830729166666604,0.111328125,0.65087890625,0.118404118404118,0.33805233805233803
priority_scan,22,4,normal,/original_A/priority_scan/22/checkpoint_900.pt,0.0,0.0,0.0,4.0,895,0.8740234375,0.9703776041666661,0.940755208333333,1,3.607421875,0,0,0,0.0,1.0,1.0,1.0,0.0
priority_scan,22,4,freeze,/original_A/priority_scan/22/checkpoint_900.pt,0.0341796875,0.0107421875,0.0107421875,3.8994140625,895,0.888671875,0.9811197916666661,0.962239583333333,1,3.6494140625,0,0,0,0.021484375,0.0,0.25,0.0,0.75
priority_scan,22,4,shift,/original_A/priority_scan/22/checkpoint_900.pt,0.8095703125,0.396158854166666,-0.3935546875,0.794921875,895,0.150390625,0.5768229166666661,0.153645833333333,1,0.6650390625,0,0,0,-0.787109375,0.7578125,0.78369140625,0.8122905027932961,0.179888268156424
priority_scan,22,4,permutation,/original_A/priority_scan/22/checkpoint_900.pt,1.0,0.35335286458333304,-0.35107421875,0.0,895,0.0,0.6193033854166661,0.238606770833333,1,0.0,0,0,0,-0.7021484375,0.2119140625,0.5830078125,0.21452513966480402,0.41256983240223405
priority_scan,22,6,normal,/original_A/priority_scan/22/checkpoint_900.pt,0.0,0.0,0.0,6.0,737,0.7197265625,0.9751953125,0.950390625,1,4.869140625,0,0,0,0.0,1.0,1.0,1.0,0.0
priority_scan,22,6,freeze,/original_A/priority_scan/22/checkpoint_900.pt,0.0224609375,0.0044921875000000005,0.004231770833333,5.8935546875,737,0.7275390625,0.9794270833333331,0.9588541666666661,1,4.9130859375,0,0,0,0.008463541666666,0.0,0.16666666666666602,0.0,0.833333333333333
priority_scan,22,6,shift,/original_A/priority_scan/22/checkpoint_900.pt,0.49414062500000006,0.13515625,-0.130729166666666,3.3251953125,737,0.37890625,0.844466145833333,0.688932291666666,1,2.8740234375,0,0,0,-0.261458333333333,0.3330078125,0.39339192708333304,0.348710990502035,0.6114880144730891
priority_scan,22,6,permutation,/original_A/priority_scan/22/checkpoint_900.pt,1.0,0.255533854166666,-0.25227864583333304,0.0,737,0.0,0.7229166666666661,0.445833333333333,1,0.0,0,0,0,-0.5045572916666661,0.14453125,0.662923177083333,0.149253731343283,0.324061510628674
priority_scan,33,4,normal,/original_A/priority_scan/33/checkpoint_900.pt,0.0,0.0,0.0,4.0,865,0.8447265625,0.9679361979166661,0.935872395833333,1,3.5244140625,0,0,0,0.0,1.0,1.0,1.0,0.0
priority_scan,33,4,freeze,/original_A/priority_scan/33/checkpoint_900.pt,0.0224609375,0.007324218749999999,0.006998697916666001,3.9326171875,865,0.8544921875,0.974934895833333,0.9498697916666661,1,3.5537109375,0,0,0,0.013997395833333,0.0,0.25,0.0,0.75
priority_scan,33,4,shift,/original_A/priority_scan/33/checkpoint_900.pt,0.865234375,0.42626953125,-0.41845703125,0.568359375,865,0.0927734375,0.5494791666666661,0.09895833333333301,1,0.45117187500000006,0,0,0,-0.8369140625,0.8271484375,0.84619140625,0.8739884393063581,0.11791907514450801
priority_scan,33,4,permutation,/original_A/priority_scan/33/checkpoint_900.pt,1.0,0.361490885416666,-0.357584635416666,0.0,865,0.0,0.6103515625,0.220703125,1,0.0,0,0,0,-0.715169270833333,0.2265625,0.598876953125,0.22312138728323702,0.40057803468208003
priority_scan,33,6,normal,/original_A/priority_scan/33/checkpoint_900.pt,0.0,0.0,0.0,6.0,696,0.6796875,0.9718749999999999,0.9437500000000001,1,4.7060546875,0,0,0,0.0,1.0,1.0,1.0,0.0
priority_scan,33,6,freeze,/original_A/priority_scan/33/checkpoint_900.pt,0.0146484375,0.003385416666666,0.0032552083333330004,5.9306640625,696,0.685546875,0.9751302083333331,0.950260416666666,1,4.7353515625,0,0,0,0.006510416666666001,0.0,0.16666666666666602,0.0,0.833333333333333
priority_scan,33,6,shift,/original_A/priority_scan/33/checkpoint_900.pt,0.55859375,0.15891927083333302,-0.15397135416666602,2.9921875,696,0.3017578125,0.8179036458333331,0.635807291666666,1,2.451171875,0,0,0,-0.30794270833333304,0.40234375,0.46435546874999994,0.43678160919540204,0.519396551724137
priority_scan,33,6,permutation,/original_A/priority_scan/33/checkpoint_900.pt,1.0,0.26901041666666603,-0.26497395833333304,0.0,696,0.0,0.706901041666666,0.413802083333333,1,0.0,0,0,0,-0.5299479166666661,0.212890625,0.7080078125,0.211206896551724,0.28496168582375403
priority_scan,44,4,normal,/original_A/priority_scan/44/checkpoint_900.pt,0.0,0.0,0.0,4.0,862,0.841796875,0.96484375,0.9296875,1,3.5048828125,0,0,0,0.0,1.0,1.0,1.0,0.0
priority_scan,44,4,freeze,/original_A/priority_scan/44/checkpoint_900.pt,0.029296875000000003,0.0087890625,0.007486979166666001,3.9150390625,862,0.8466796875,0.9723307291666661,0.944661458333333,1,3.517578125,0,0,0,0.014973958333333,0.0,0.25,0.0,0.75
priority_scan,44,4,shift,/original_A/priority_scan/44/checkpoint_900.pt,0.7900390625,0.38606770833333304,-0.377604166666666,0.87890625,862,0.1611328125,0.587239583333333,0.17447916666666602,1,0.734375,0,0,0,-0.755208333333333,0.73828125,0.763671875,0.796983758700696,0.19721577726218
priority_scan,44,4,permutation,/original_A/priority_scan/44/checkpoint_900.pt,1.0,0.345703125,-0.341471354166666,0.0,862,0.0,0.623372395833333,0.24674479166666602,1,0.0,0,0,0,-0.682942708333333,0.1787109375,0.563232421875,0.18329466357308502,0.430974477958236
priority_scan,44,6,normal,/original_A/priority_scan/44/checkpoint_900.pt,0.0,0.0,0.0,6.0,717,0.7001953125,0.9725260416666661,0.9450520833333331,1,4.759765625,0,0,0,0.0,1.0,1.0,1.0,0.0
priority_scan,44,6,freeze,/original_A/priority_scan/44/checkpoint_900.pt,0.0166015625,0.0033203125,0.002799479166666,5.921875,717,0.703125,0.9753255208333331,0.950651041666666,1,4.7763671875,0,0,0,0.005598958333333,0.0,0.16666666666666602,0.0,0.833333333333333
priority_scan,44,6,shift,/original_A/priority_scan/44/checkpoint_900.pt,0.3857421875,0.100260416666666,-0.095442708333333,3.9755859375,717,0.45703125,0.8770833333333331,0.7541666666666661,1,3.3876953125,0,0,0,-0.190885416666666,0.23632812500000003,0.2900390625,0.23988842398884203,0.7278010227801021
priority_scan,44,6,permutation,/original_A/priority_scan/44/checkpoint_900.pt,1.0,0.252083333333333,-0.24765625000000002,0.0,717,0.0,0.7248697916666661,0.449739583333333,1,0.0,0,0,0,-0.4953125,0.1044921875,0.6476236979166661,0.10320781032078101,0.34193398419339804
priority_scan,55,4,normal,/original_A/priority_scan/55/checkpoint_900.pt,0.0,0.0,0.0,4.0,890,0.869140625,0.9707031250000001,0.94140625,1,3.5830078125,0,0,0,0.0,1.0,1.0,1.0,0.0
priority_scan,55,4,freeze,/original_A/priority_scan/55/checkpoint_900.pt,0.02734375,0.008626302083333,0.00830078125,3.919921875,890,0.8798828125,0.9790039062499999,0.9580078125,1,3.615234375,0,0,0,0.0166015625,0.0,0.25,0.0,0.75
priority_scan,55,4,shift,/original_A/priority_scan/55/checkpoint_900.pt,0.7236328125,0.354166666666666,-0.349609375,1.140625,890,0.2236328125,0.62109375,0.2421875,1,0.9746093750000001,0,0,0,-0.69921875,0.6787109375,0.700927734375,0.732584269662921,0.262359550561797
priority_scan,55,4,permutation,/original_A/priority_scan/55/checkpoint_900.pt,1.0,0.33447265625,-0.330240885416666,0.0,890,0.0,0.640462239583333,0.280924479166666,1,0.0,0,0,0,-0.660481770833333,0.1396484375,0.53662109375,0.141573033707865,0.460112359550561
priority_scan,55,6,normal,/original_A/priority_scan/55/checkpoint_900.pt,0.0,0.0,0.0,6.0,750,0.732421875,0.9766927083333331,0.9533854166666661,1,4.9091796875,0,0,0,0.0,1.0,1.0,1.0,0.0
priority_scan,55,6,freeze,/original_A/priority_scan/55/checkpoint_900.pt,0.015625,0.0036458333333330003,0.003385416666666,5.923828125,750,0.7353515625,0.980078125,0.96015625,1,4.923828125,0,0,0,0.0067708333333330005,0.0,0.16666666666666602,0.0,0.833333333333333
priority_scan,55,6,shift,/original_A/priority_scan/55/checkpoint_900.pt,0.3349609375,0.084895833333333,-0.08085937500000001,4.2919921875,750,0.5166015625,0.895833333333333,0.7916666666666661,1,3.7470703125,0,0,0,-0.16171875000000002,0.1865234375,0.24332682291666602,0.182666666666666,0.7795555555555551
priority_scan,55,6,permutation,/original_A/priority_scan/55/checkpoint_900.pt,1.0,0.248372395833333,-0.24524739583333302,0.0,750,0.0,0.7314453124999991,0.46289062500000006,1,0.0,0,0,0,-0.49049479166666604,0.099609375,0.637532552083333,0.09466666666666601,0.354
priority_scan,66,4,normal,/original_A/priority_scan/66/checkpoint_900.pt,0.0,0.0,0.0,4.0,892,0.87109375,0.971028645833333,0.9420572916666661,1,3.599609375,0,0,0,0.0,1.0,1.0,1.0,0.0
priority_scan,66,4,freeze,/original_A/priority_scan/66/checkpoint_900.pt,0.0234375,0.007324218749999999,0.006998697916666001,3.931640625,892,0.87890625,0.9780273437499999,0.9560546875,1,3.623046875,0,0,0,0.013997395833333,0.0,0.25,0.0,0.75
priority_scan,66,4,shift,/original_A/priority_scan/66/checkpoint_900.pt,0.8427734375,0.41259765625,-0.40608723958333304,0.6728515625,892,0.1181640625,0.56494140625,0.1298828125,1,0.552734375,0,0,0,-0.8121744791666661,0.7919921875,0.81689453125,0.841928251121076,0.14686098654708502
priority_scan,66,4,permutation,/original_A/priority_scan/66/checkpoint_900.pt,1.0,0.35302734375,-0.349772135416666,0.0,892,0.0,0.6212565104166661,0.242513020833333,1,0.0,0,0,0,-0.699544270833333,0.1826171875,0.5751953125,0.18609865470852002,0.42012331838565004
priority_scan,66,6,normal,/original_A/priority_scan/66/checkpoint_900.pt,0.0,0.0,0.0,6.0,678,0.662109375,0.970182291666666,0.9403645833333331,1,4.5810546875,0,0,0,0.0,1.0,1.0,1.0,0.0
priority_scan,66,6,freeze,/original_A/priority_scan/66/checkpoint_900.pt,0.01953125,0.0046875,0.004557291666666,5.904296875,678,0.669921875,0.9747395833333331,0.9494791666666661,1,4.619140625,0,0,0,0.009114583333333,0.0,0.16666666666666602,0.0,0.833333333333333
priority_scan,66,6,shift,/original_A/priority_scan/66/checkpoint_900.pt,0.513671875,0.14804687500000002,-0.14361979166666602,3.2119140625,678,0.3408203125,0.8265625,0.653125,1,2.619140625,0,0,0,-0.28723958333333305,0.36328125,0.4306640625,0.396755162241887,0.572025565388397
priority_scan,66,6,permutation,/original_A/priority_scan/66/checkpoint_900.pt,1.0,0.26510416666666603,-0.26210937500000003,0.0,678,0.0,0.708072916666666,0.41614583333333305,1,0.0,0,0,0,-0.5242187500000001,0.1572265625,0.68896484375,0.144542772861356,0.308997050147492
priority_scan,77,4,normal,/original_A/priority_scan/77/checkpoint_900.pt,0.0,0.0,0.0,4.0,887,0.8662109375,0.9692382812499999,0.9384765625,1,3.564453125,0,0,0,0.0,1.0,1.0,1.0,0.0
priority_scan,77,4,freeze,/original_A/priority_scan/77/checkpoint_900.pt,0.02734375,0.00830078125,0.007649739583333001,3.919921875,887,0.869140625,0.976888020833333,0.9537760416666661,1,3.5732421875,0,0,0,0.015299479166666002,0.0,0.25,0.0,0.75
priority_scan,77,4,shift,/original_A/priority_scan/77/checkpoint_900.pt,0.8310546875,0.4072265625,-0.400065104166666,0.71484375,887,0.1298828125,0.569173177083333,0.13834635416666602,1,0.587890625,0,0,0,-0.800130208333333,0.7822265625,0.806396484375,0.835400225479143,0.15727170236753102
priority_scan,77,4,permutation,/original_A/priority_scan/77/checkpoint_900.pt,1.0,0.3486328125,-0.345703125,0.0,887,0.0,0.62353515625,0.2470703125,1,0.0,0,0,0,-0.69140625,0.1669921875,0.564697265625,0.162344983089064,0.43573844419391206
priority_scan,77,6,normal,/original_A/priority_scan/77/checkpoint_900.pt,0.0,0.0,0.0,6.0,750,0.732421875,0.976041666666666,0.9520833333333331,1,4.845703125,0,0,0,0.0,1.0,1.0,1.0,0.0
priority_scan,77,6,freeze,/original_A/priority_scan/77/checkpoint_900.pt,0.0185546875,0.0038411458333330005,0.0035807291666660004,5.912109375,750,0.73828125,0.9796223958333331,0.9592447916666661,1,4.8740234375,0,0,0,0.007161458333333001,0.0,0.16666666666666602,0.0,0.833333333333333
priority_scan,77,6,shift,/original_A/priority_scan/77/checkpoint_900.pt,0.521484375,0.1498046875,-0.14654947916666602,3.15625,750,0.365234375,0.8294921874999991,0.6589843750000001,1,2.685546875,0,0,0,-0.29309895833333305,0.3740234375,0.43684895833333304,0.40533333333333305,0.565777777777777
priority_scan,77,6,permutation,/original_A/priority_scan/77/checkpoint_900.pt,1.0,0.261458333333333,-0.257552083333333,0.0,750,0.0,0.718489583333333,0.43697916666666603,1,0.0,0,0,0,-0.515104166666666,0.1533203125,0.67919921875,0.141333333333333,0.32177777777777705
priority_scan,88,4,normal,/original_A/priority_scan/88/checkpoint_900.pt,0.0,0.0,0.0,4.0,841,0.8212890625,0.9609375,0.921875,1,3.4423828125,0,0,0,0.0,1.0,1.0,1.0,0.0
priority_scan,88,4,freeze,/original_A/priority_scan/88/checkpoint_900.pt,0.0302734375,0.009114583333333,0.008138020833333,3.912109375,841,0.8271484375,0.969075520833333,0.9381510416666661,1,3.4580078125,0,0,0,0.016276041666666,0.0,0.25,0.0,0.75
priority_scan,88,4,shift,/original_A/priority_scan/88/checkpoint_900.pt,0.7802734375,0.382486979166666,-0.37239583333333304,0.9130859375,841,0.1533203125,0.5885416666666661,0.177083333333333,1,0.724609375,0,0,0,-0.7447916666666661,0.7353515625,0.757568359375,0.8014268727705111,0.192627824019024
priority_scan,88,4,permutation,/original_A/priority_scan/88/checkpoint_900.pt,1.0,0.34700520833333304,-0.3388671875,0.0,841,0.0,0.6220703125,0.24414062500000003,1,0.0,0,0,0,-0.677734375,0.1806640625,0.565673828125,0.18430439952437502,0.42925089179548104
priority_scan,88,6,normal,/original_A/priority_scan/88/checkpoint_900.pt,0.0,0.0,0.0,6.0,624,0.609375,0.9664713541666661,0.932942708333333,1,4.3916015625,0,0,0,0.0,1.0,1.0,1.0,0.0
priority_scan,88,6,freeze,/original_A/priority_scan/88/checkpoint_900.pt,0.01171875,0.002473958333333,0.001953125,5.9423828125,624,0.611328125,0.9684244791666661,0.936848958333333,1,4.4013671875,0,0,0,0.00390625,0.0,0.16666666666666602,0.0,0.833333333333333
priority_scan,88,6,shift,/original_A/priority_scan/88/checkpoint_900.pt,0.55078125,0.152799479166666,-0.14759114583333302,2.9990234375,624,0.2744140625,0.8188802083333331,0.637760416666666,1,2.2939453125,0,0,0,-0.29518229166666604,0.384765625,0.44612630208333304,0.44391025641025605,0.5269764957264951
priority_scan,88,6,permutation,/original_A/priority_scan/88/checkpoint_900.pt,1.0,0.256770833333333,-0.251953125,0.0,624,0.0,0.7145182291666661,0.42903645833333304,1,0.0,0,0,0,-0.50390625,0.1474609375,0.66650390625,0.149038461538461,0.32051282051282004
position_scan,11,4,normal,/original_A/position_scan/11/checkpoint_900.pt,0.0,0.0,0.0,4.0,903,0.8818359375,0.9790039062499999,0.9580078125,1,3.646484375,0,0,0,0.0,1.0,1.0,1.0,0.0
position_scan,11,4,freeze,/original_A/position_scan/11/checkpoint_900.pt,0.0,0.0,0.0,4.0,903,0.8818359375,0.9790039062499999,0.9580078125,1,3.646484375,0,0,0,0.0,0.0,0.25,0.0,0.75
position_scan,11,4,shift,/original_A/position_scan/11/checkpoint_900.pt,0.1171875,0.03125,-0.028645833333333003,3.6953125,903,0.80078125,0.9503580729166661,0.900716145833333,1,3.4140625,0,0,0,-0.057291666666666005,0.0341796875,0.055419921875,0.036544850498338,0.9473975636766331
position_scan,11,4,permutation,/original_A/position_scan/11/checkpoint_900.pt,1.0,0.346842447916666,-0.33675130208333304,0.0,903,0.0,0.6422526041666661,0.28450520833333304,1,0.0,0,0,0,-0.6735026041666661,0.0810546875,0.54052734375,0.059800664451827,0.470099667774086
position_scan,11,6,normal,/original_A/position_scan/11/checkpoint_900.pt,0.0,0.0,0.0,6.0,744,0.7265625,0.9791015625,0.958203125,1,4.931640625,0,0,0,0.0,1.0,1.0,1.0,0.0
position_scan,11,6,freeze,/original_A/position_scan/11/checkpoint_900.pt,0.0,0.0,0.0,6.0,744,0.7265625,0.9791015625,0.958203125,1,4.931640625,0,0,0,0.0,0.0,0.16666666666666602,0.0,0.833333333333333
position_scan,11,6,shift,/original_A/position_scan/11/checkpoint_900.pt,0.0478515625,0.006640625000000001,-0.005859375,5.7998046875,744,0.7060546875,0.9732421875,0.946484375,1,4.79296875,0,0,0,-0.011718750000000002,0.0126953125,0.018717447916666,0.012096774193548002,0.98431899641577
position_scan,11,6,permutation,/original_A/position_scan/11/checkpoint_900.pt,1.0,0.2634765625,-0.254622395833333,0.0,744,0.0,0.724479166666666,0.448958333333333,1,0.0,0,0,0,-0.509244791666666,0.0224609375,0.662434895833333,0.008064516129032001,0.34072580645161205
position_scan,22,4,normal,/original_A/position_scan/22/checkpoint_900.pt,0.0,0.0,0.0,4.0,925,0.9033203125,0.9835611979166661,0.967122395833333,1,3.7119140625,0,0,0,0.0,1.0,1.0,1.0,0.0
position_scan,22,4,freeze,/original_A/position_scan/22/checkpoint_900.pt,0.0,0.0,0.0,4.0,925,0.9033203125,0.9835611979166661,0.967122395833333,1,3.7119140625,0,0,0,0.0,0.0,0.25,0.0,0.75
position_scan,22,4,shift,/original_A/position_scan/22/checkpoint_900.pt,0.1572265625,0.06575520833333301,-0.06380208333333301,3.4482421875,925,0.767578125,0.919759114583333,0.8395182291666661,1,3.2138671875,0,0,0,-0.12760416666666602,0.1171875,0.1279296875,0.12432432432432401,0.8683783783783781
position_scan,22,4,permutation,/original_A/position_scan/22/checkpoint_900.pt,1.0,0.33968098958333304,-0.328287760416666,0.0,925,0.0,0.655273437499999,0.310546874999999,1,0.0,0,0,0,-0.656575520833333,0.0380859375,0.51904296875,0.027027027027027,0.486486486486486
position_scan,22,6,normal,/original_A/position_scan/22/checkpoint_900.pt,0.0,0.0,0.0,6.0,761,0.7431640625,0.980924479166666,0.9618489583333331,1,4.9619140625,0,0,0,0.0,1.0,1.0,1.0,0.0
position_scan,22,6,freeze,/original_A/position_scan/22/checkpoint_900.pt,0.0,0.0,0.0,6.0,761,0.7431640625,0.980924479166666,0.9618489583333331,1,4.9619140625,0,0,0,0.0,0.0,0.16666666666666602,0.0,0.833333333333333
position_scan,22,6,shift,/original_A/position_scan/22/checkpoint_900.pt,0.1484375,0.036328125,-0.034114583333333004,5.134765625,761,0.650390625,0.9468098958333331,0.893619791666666,1,4.3447265625,0,0,0,-0.06822916666666601,0.09765625,0.107096354166666,0.106438896189224,0.886990801576872
position_scan,22,6,permutation,/original_A/position_scan/22/checkpoint_900.pt,1.0,0.25436197916666603,-0.24915364583333302,0.0,761,0.0,0.731770833333333,0.463541666666666,1,0.0,0,0,0,-0.49830729166666604,0.005859375,0.6368815104166661,0.002628120893561,0.362023653088042
position_scan,33,4,normal,/original_A/position_scan/33/checkpoint_900.pt,0.0,0.0,0.0,4.0,926,0.9042968750000001,0.9840494791666661,0.968098958333333,1,3.7080078125,0,0,0,0.0,1.0,1.0,1.0,0.0
position_scan,33,4,freeze,/original_A/position_scan/33/checkpoint_900.pt,0.0,0.0,0.0,4.0,926,0.9042968750000001,0.9840494791666661,0.968098958333333,1,3.7080078125,0,0,0,0.0,0.0,0.25,0.0,0.75
position_scan,33,4,shift,/original_A/position_scan/33/checkpoint_900.pt,0.23632812500000003,0.082682291666666,-0.080729166666666,3.267578125,926,0.7080078125,0.9033203125,0.806640625,1,3.0615234375,0,0,0,-0.161458333333333,0.1259765625,0.155517578125,0.133909287257019,0.843142548596112
position_scan,33,4,permutation,/original_A/position_scan/33/checkpoint_900.pt,1.0,0.35205078125,-0.346842447916666,0.0,926,0.0,0.63720703125,0.2744140625,1,0.0,0,0,0,-0.693684895833333,0.1123046875,0.55615234375,0.09287257019438401,0.45356371490280706
position_scan,33,6,normal,/original_A/position_scan/33/checkpoint_900.pt,0.0,0.0,0.0,6.0,808,0.7890625,0.9841145833333331,0.968229166666666,1,5.1484375,0,0,0,0.0,1.0,1.0,1.0,0.0
position_scan,33,6,freeze,/original_A/position_scan/33/checkpoint_900.pt,0.0,0.0,0.0,6.0,808,0.7890625,0.9841145833333331,0.968229166666666,1,5.1484375,0,0,0,0.0,0.0,0.16666666666666602,0.0,0.833333333333333
position_scan,33,6,shift,/original_A/position_scan/33/checkpoint_900.pt,0.15625,0.029296875000000003,-0.027604166666666003,5.234375,808,0.6875,0.956510416666666,0.9130208333333331,1,4.5673828125,0,0,0,-0.055208333333333005,0.068359375,0.084635416666666,0.07549504950495001,0.912128712871287
position_scan,33,6,permutation,/original_A/position_scan/33/checkpoint_900.pt,1.0,0.266341145833333,-0.259830729166666,0.0,808,0.0,0.7242838541666661,0.44856770833333304,1,0.0,0,0,0,-0.519661458333333,0.044921875,0.67333984375,0.027227722772277002,0.33127062706270605
position_scan,44,4,normal,/original_A/position_scan/44/checkpoint_900.pt,0.0,0.0,0.0,4.0,921,0.8994140625,0.9824218750000001,0.96484375,1,3.685546875,0,0,0,0.0,1.0,1.0,1.0,0.0
position_scan,44,4,freeze,/original_A/position_scan/44/checkpoint_900.pt,0.0,0.0,0.0,4.0,921,0.8994140625,0.9824218750000001,0.96484375,1,3.685546875,0,0,0,0.0,0.0,0.25,0.0,0.75
position_scan,44,4,shift,/original_A/position_scan/44/checkpoint_900.pt,0.1396484375,0.049641927083333,-0.048990885416666005,3.5546875,921,0.779296875,0.933430989583333,0.8668619791666661,1,3.283203125,0,0,0,-0.09798177083333301,0.076171875,0.093505859375,0.08360477741585201,0.9030944625407161
position_scan,44,4,permutation,/original_A/position_scan/44/checkpoint_900.pt,1.0,0.3408203125,-0.333984375,0.0,921,0.0,0.6484375,0.296875,1,0.0,0,0,0,-0.66796875,0.0576171875,0.525634765625,0.043431053203040006,0.48072747014115
position_scan,44,6,normal,/original_A/position_scan/44/checkpoint_900.pt,0.0,0.0,0.0,6.0,778,0.759765625,0.9819661458333331,0.963932291666666,1,5.0361328125,0,0,0,0.0,1.0,1.0,1.0,0.0
position_scan,44,6,freeze,/original_A/position_scan/44/checkpoint_900.pt,0.0,0.0,0.0,6.0,778,0.759765625,0.9819661458333331,0.963932291666666,1,5.0361328125,0,0,0,0.0,0.0,0.16666666666666602,0.0,0.833333333333333
position_scan,44,6,shift,/original_A/position_scan/44/checkpoint_900.pt,0.0927734375,0.021354166666666,-0.020572916666666,5.4736328125,778,0.6982421875,0.961393229166666,0.9227864583333331,1,4.6298828125,0,0,0,-0.041145833333333,0.0556640625,0.062662760416666,0.06041131105398401,0.935518423307626
position_scan,44,6,permutation,/original_A/position_scan/44/checkpoint_900.pt,1.0,0.23333333333333303,-0.230338541666666,0.0,778,0.0,0.7516276041666661,0.503255208333333,1,0.0,0,0,0,-0.460677083333333,0.0068359375,0.58447265625,0.0012853470437010001,0.41580976863753205
position_scan,55,4,normal,/original_A/position_scan/55/checkpoint_900.pt,0.0,0.0,0.0,4.0,946,0.9238281250000001,0.9873046875,0.9746093750000001,1,3.759765625,0,0,0,0.0,1.0,1.0,1.0,0.0
position_scan,55,4,freeze,/original_A/position_scan/55/checkpoint_900.pt,0.0,0.0,0.0,4.0,946,0.9238281250000001,0.9873046875,0.9746093750000001,1,3.759765625,0,0,0,0.0,0.0,0.25,0.0,0.75
position_scan,55,4,shift,/original_A/position_scan/55/checkpoint_900.pt,0.052734375,0.0107421875,-0.009765625,3.8828125,946,0.8876953125,0.9775390625,0.9550781250000001,1,3.67578125,0,0,0,-0.01953125,0.005859375,0.017578125,0.006342494714587,0.9846723044397461
position_scan,55,4,permutation,/original_A/position_scan/55/checkpoint_900.pt,1.0,0.340983072916666,-0.33447265625,0.0,946,0.0,0.65283203125,0.3056640625,1,0.0,0,0,0,-0.6689453125,0.046875,0.523193359375,0.035940803382663006,0.48229386892177506
position_scan,55,6,normal,/original_A/position_scan/55/checkpoint_900.pt,0.0,0.0,0.0,6.0,822,0.802734375,0.9854817708333331,0.9709635416666661,1,5.25390625,0,0,0,0.0,1.0,1.0,1.0,0.0
position_scan,55,6,freeze,/original_A/position_scan/55/checkpoint_900.pt,0.0,0.0,0.0,6.0,822,0.802734375,0.9854817708333331,0.9709635416666661,1,5.25390625,0,0,0,0.0,0.0,0.16666666666666602,0.0,0.833333333333333
position_scan,55,6,shift,/original_A/position_scan/55/checkpoint_900.pt,0.021484375,0.002799479166666,-0.002408854166666,5.9169921875,822,0.79296875,0.9830729166666661,0.966145833333333,1,5.2021484375,0,0,0,-0.0048177083333330005,0.0048828125,0.0078125,0.004866180048661,0.9935117599351171
position_scan,55,6,permutation,/original_A/position_scan/55/checkpoint_900.pt,1.0,0.24850260416666603,-0.24433593750000002,0.0,822,0.0,0.7411458333333331,0.48229166666666606,1,0.0,0,0,0,-0.48867187500000003,0.01171875,0.6232096354166661,0.006082725060827,0.37652068126520605
position_scan,66,4,normal,/original_A/position_scan/66/checkpoint_900.pt,0.0,0.0,0.0,4.0,912,0.890625,0.9809570312499999,0.9619140625,1,3.671875,0,0,0,0.0,1.0,1.0,1.0,0.0
position_scan,66,4,freeze,/original_A/position_scan/66/checkpoint_900.pt,0.0,0.0,0.0,4.0,912,0.890625,0.9809570312499999,0.9619140625,1,3.671875,0,0,0,0.0,0.0,0.25,0.0,0.75
position_scan,66,4,shift,/original_A/position_scan/66/checkpoint_900.pt,0.2177734375,0.083170572916666,-0.08089192708333301,3.283203125,912,0.7060546875,0.9000651041666661,0.800130208333333,1,3.033203125,0,0,0,-0.16178385416666602,0.138671875,0.159423828125,0.14692982456140302,0.8368969298245611
position_scan,66,4,permutation,/original_A/position_scan/66/checkpoint_900.pt,1.0,0.346354166666666,-0.33626302083333304,0.0,912,0.0,0.6446940104166661,0.28938802083333304,1,0.0,0,0,0,-0.6725260416666661,0.078125,0.5390625,0.0625,0.46875000000000006
position_scan,66,6,normal,/original_A/position_scan/66/checkpoint_900.pt,0.0,0.0,0.0,6.0,751,0.7333984375,0.9796223958333331,0.9592447916666661,1,4.8857421875,0,0,0,0.0,1.0,1.0,1.0,0.0
position_scan,66,6,freeze,/original_A/position_scan/66/checkpoint_900.pt,0.0,0.0,0.0,6.0,751,0.7333984375,0.9796223958333331,0.9592447916666661,1,4.8857421875,0,0,0,0.0,0.0,0.16666666666666602,0.0,0.833333333333333
position_scan,66,6,shift,/original_A/position_scan/66/checkpoint_900.pt,0.1875,0.04029947916666601,-0.037825520833333,4.9501953125,751,0.599609375,0.9417968750000001,0.8835937500000001,1,4.076171875,0,0,0,-0.075651041666666,0.103515625,0.11800130208333301,0.115845539280958,0.870838881491344
position_scan,66,6,permutation,/original_A/position_scan/66/checkpoint_900.pt,1.0,0.259765625,-0.252994791666666,0.0,751,0.0,0.726627604166666,0.45325520833333305,1,0.0,0,0,0,-0.505989583333333,0.0185546875,0.6525065104166661,0.007989347536617,0.349090102086107
position_scan,77,4,normal,/original_A/position_scan/77/checkpoint_900.pt,0.0,0.0,0.0,4.0,926,0.9042968750000001,0.983235677083333,0.9664713541666661,1,3.7138671875,0,0,0,0.0,1.0,1.0,1.0,0.0
position_scan,77,4,freeze,/original_A/position_scan/77/checkpoint_900.pt,0.0,0.0,0.0,4.0,926,0.9042968750000001,0.983235677083333,0.9664713541666661,1,3.7138671875,0,0,0,0.0,0.0,0.25,0.0,0.75
position_scan,77,4,shift,/original_A/position_scan/77/checkpoint_900.pt,0.46679687500000006,0.21305338541666602,-0.210774739583333,2.2529296875,926,0.4775390625,0.7724609375,0.544921875,1,2.0634765625,0,0,0,-0.421549479166666,0.3974609375,0.4189453125,0.42332613390928703,0.561555075593952
position_scan,77,4,permutation,/original_A/position_scan/77/checkpoint_900.pt,1.0,0.34423828125,-0.33642578125,0.0,926,0.0,0.646809895833333,0.293619791666666,1,0.0,0,0,0,-0.6728515625,0.068359375,0.533447265625,0.051835853131749,0.474892008639308
position_scan,77,6,normal,/original_A/position_scan/77/checkpoint_900.pt,0.0,0.0,0.0,6.0,769,0.7509765625,0.98203125,0.9640624999999999,1,4.958984375,0,0,0,0.0,1.0,1.0,1.0,0.0
position_scan,77,6,freeze,/original_A/position_scan/77/checkpoint_900.pt,0.0,0.0,0.0,6.0,769,0.7509765625,0.98203125,0.9640624999999999,1,4.958984375,0,0,0,0.0,0.0,0.16666666666666602,0.0,0.833333333333333
position_scan,77,6,shift,/original_A/position_scan/77/checkpoint_900.pt,0.4931640625,0.140950520833333,-0.1357421875,3.1279296875,769,0.3837890625,0.846289062499999,0.692578125,1,2.6181640625,0,0,0,-0.271484375,0.4013671875,0.41927083333333304,0.43953185955786706,0.547030775899436
position_scan,77,6,permutation,/original_A/position_scan/77/checkpoint_900.pt,1.0,0.2470703125,-0.242513020833333,0.0,769,0.0,0.7395182291666661,0.479036458333333,1,0.0,0,0,0,-0.485026041666666,0.021484375,0.6212565104166661,0.013003901170351,0.38339835283918505
position_scan,88,4,normal,/original_A/position_scan/88/checkpoint_900.pt,0.0,0.0,0.0,4.0,932,0.91015625,0.984700520833333,0.9694010416666661,1,3.73046875,0,0,0,0.0,1.0,1.0,1.0,0.0
position_scan,88,4,freeze,/original_A/position_scan/88/checkpoint_900.pt,0.0,0.0,0.0,4.0,932,0.91015625,0.984700520833333,0.9694010416666661,1,3.73046875,0,0,0,0.0,0.0,0.25,0.0,0.75
position_scan,88,4,shift,/original_A/position_scan/88/checkpoint_900.pt,0.0380859375,0.008626302083333,-0.007649739583333001,3.91015625,932,0.8916015625,0.9770507812499999,0.9541015625,1,3.6796875,0,0,0,-0.015299479166666002,0.0068359375,0.0146484375,0.006437768240343001,0.9892703862660941
position_scan,88,4,permutation,/original_A/position_scan/88/checkpoint_900.pt,1.0,0.338541666666666,-0.330729166666666,0.0,932,0.0,0.6539713541666661,0.30794270833333304,1,0.0,0,0,0,-0.661458333333333,0.03125,0.515625,0.017167381974248,0.49141630901287503
position_scan,88,6,normal,/original_A/position_scan/88/checkpoint_900.pt,0.0,0.0,0.0,6.0,798,0.779296875,0.983463541666666,0.9669270833333331,1,5.109375,0,0,0,0.0,1.0,1.0,1.0,0.0
position_scan,88,6,freeze,/original_A/position_scan/88/checkpoint_900.pt,0.0,0.0,0.0,6.0,798,0.779296875,0.983463541666666,0.9669270833333331,1,5.109375,0,0,0,0.0,0.0,0.16666666666666602,0.0,0.833333333333333
position_scan,88,6,shift,/original_A/position_scan/88/checkpoint_900.pt,0.0283203125,0.0029296875,-0.0026692708333330003,5.873046875,798,0.765625,0.980794270833333,0.9615885416666661,1,5.021484375,0,0,0,-0.005338541666666001,0.00390625,0.007975260416666,0.00375939849624,0.993734335839599
position_scan,88,6,permutation,/original_A/position_scan/88/checkpoint_900.pt,1.0,0.2421875,-0.23776041666666603,0.0,798,0.0,0.745703124999999,0.49140624999999905,1,0.0,0,0,0,-0.47552083333333306,0.0107421875,0.607259114583333,0.00125313283208,0.396825396825396
phase_scan,11,4,normal,/original_A/phase_scan/11/checkpoint_900.pt,0.0,0.0,0.0,4.0,906,0.884765625,0.976399739583333,0.9527994791666661,1,3.6533203125,0,0,0,0.0,1.0,1.0,1.0,0.0
phase_scan,11,4,freeze,/original_A/phase_scan/11/checkpoint_900.pt,1.0,0.339029947916666,-0.32177734375,1.0947265625,906,0.0068359375,0.654622395833333,0.309244791666666,1,1.0400390625,0,0,0,-0.6435546875,0.0,0.25,0.0,0.75
phase_scan,11,4,shift,/original_A/phase_scan/11/checkpoint_900.pt,1.0,0.49414062500000006,-0.4775390625,0.029296875000000003,906,0.0029296875,0.49886067708333304,-0.002278645833333,1,0.068359375,0,0,0,-0.9550781250000001,0.9755859375,0.985107421875,0.9889624724061811,0.007174392935982
phase_scan,11,4,permutation,/original_A/phase_scan/11/checkpoint_900.pt,1.0,0.49788411458333304,-0.482584635416666,0.01171875,906,0.0,0.493815104166666,-0.012369791666666002,1,0.0,0,0,0,-0.965169270833333,0.9931640625,0.9951171875,1.0,0.0
phase_scan,11,6,normal,/original_A/phase_scan/11/checkpoint_900.pt,0.0,0.0,0.0,6.0,769,0.7509765625,0.977864583333333,0.9557291666666661,1,5.0224609375,0,0,0,0.0,1.0,1.0,1.0,0.0
phase_scan,11,6,freeze,/original_A/phase_scan/11/checkpoint_900.pt,1.0,0.4521484375,-0.42610677083333304,1.318359375,769,0.0,0.551757812499999,0.10351562499999901,1,1.2109375,0,0,0,-0.8522135416666661,0.0,0.16666666666666602,0.0,0.833333333333333
phase_scan,11,6,shift,/original_A/phase_scan/11/checkpoint_900.pt,1.0,0.3095703125,-0.296809895833333,0.3466796875,769,0.0029296875,0.6810546874999991,0.362109374999999,1,0.3779296875,0,0,0,-0.593619791666666,0.861328125,0.91748046875,0.8868660598179451,0.070871261378413
phase_scan,11,6,permutation,/original_A/phase_scan/11/checkpoint_900.pt,1.0,0.3318359375,-0.319205729166666,0.01953125,769,0.0,0.658658854166666,0.317317708333333,1,0.0029296875,0,0,0,-0.638411458333333,0.98828125,0.9943033854166661,1.0,0.0
phase_scan,22,4,normal,/original_A/phase_scan/22/checkpoint_900.pt,0.0,0.0,0.0,4.0,32,0.03125,0.55126953125,0.1025390625,1,0.7841796875,0,0,0,0.0,1.0,1.0,1.0,0.0
phase_scan,22,4,freeze,/original_A/phase_scan/22/checkpoint_900.pt,1.0,0.5,0.24316406250000003,1.0,32,0.2626953125,0.79443359375,0.5888671875,1,1.580078125,0,0,0,0.48632812500000006,0.0,0.25,0.0,0.75
phase_scan,22,4,shift,/original_A/phase_scan/22/checkpoint_900.pt,1.0,0.33333333333333304,-0.27473958333333304,0.0,32,0.0029296875,0.276529947916666,-0.446940104166666,1,0.046875,0,0,0,-0.5494791666666661,0.0,0.5,0.0,0.5
phase_scan,22,4,permutation,/original_A/phase_scan/22/checkpoint_900.pt,1.0,0.33333333333333304,0.18750000000000003,1.0,32,0.1416015625,0.73876953125,0.4775390625,1,1.337890625,0,0,0,0.375,0.0,0.5,0.0,0.5
phase_scan,22,6,normal,/original_A/phase_scan/22/checkpoint_900.pt,0.0,0.0,0.0,6.0,0,0.0,0.46914062500000003,-0.061718749999999004,1,0.583984375,0,0,0,0.0,1.0,1.0,,
phase_scan,22,6,freeze,/original_A/phase_scan/22/checkpoint_900.pt,1.0,0.599934895833333,0.32337239583333305,1.0,0,0.044921875,0.7925130208333331,0.585026041666666,1,1.177734375,0,0,0,0.6467447916666661,0.0,0.16666666666666602,,
phase_scan,22,6,shift,/original_A/phase_scan/22/checkpoint_900.pt,1.0,0.2,-0.175260416666666,0.0,0,0.0,0.293880208333333,-0.41223958333333305,1,0.0048828125,0,0,0,-0.350520833333333,0.0,0.5,,
phase_scan,22,6,permutation,/original_A/phase_scan/22/checkpoint_900.pt,1.0,0.2,0.143880208333333,1.0,0,0.00390625,0.613020833333333,0.22604166666666603,1,0.9042968750000001,0,0,0,0.287760416666666,0.0,0.5,,
phase_scan,33,4,normal,/original_A/phase_scan/33/checkpoint_900.pt,0.0,0.0,0.0,4.0,917,0.8955078125,0.9799804687499999,0.9599609375,1,3.685546875,0,0,0,0.0,1.0,1.0,1.0,0.0
phase_scan,33,4,freeze,/original_A/phase_scan/33/checkpoint_900.pt,1.0,0.41438802083333304,-0.39453125,1.0654296875,917,0.00390625,0.58544921875,0.1708984375,1,1.01171875,0,0,0,-0.7890625,0.0,0.25,0.0,0.75
phase_scan,33,4,shift,/original_A/phase_scan/33/checkpoint_900.pt,1.0,0.49202473958333304,-0.477701822916666,0.0439453125,917,0.0009765625,0.502278645833333,0.004557291666666,1,0.076171875,0,0,0,-0.955403645833333,0.9716796875,0.9809570312499999,0.981461286804798,0.012813522355507001
phase_scan,33,4,permutation,/original_A/phase_scan/33/checkpoint_900.pt,1.0,0.496256510416666,-0.483561197916666,0.0078125,917,0.0,0.49641927083333304,-0.007161458333333001,1,0.0,0,0,0,-0.967122395833333,0.9814453125,0.9897460937499999,0.9858233369683751,0.0070883315158120005
phase_scan,33,6,normal,/original_A/phase_scan/33/checkpoint_900.pt,0.0,0.0,0.0,6.0,802,0.783203125,0.9830078125,0.966015625,1,5.12890625,0,0,0,0.0,1.0,1.0,1.0,0.0
phase_scan,33,6,freeze,/original_A/phase_scan/33/checkpoint_900.pt,1.0,0.47467447916666605,-0.45319010416666605,1.28125,802,0.0,0.5298177083333331,0.059635416666666004,1,1.19921875,0,0,0,-0.9063802083333331,0.0,0.16666666666666602,0.0,0.833333333333333
phase_scan,33,6,shift,/original_A/phase_scan/33/checkpoint_900.pt,0.99609375,0.318098958333333,-0.3109375,0.23046875,802,0.00390625,0.672070312499999,0.34414062500000003,1,0.2197265625,0,0,0,-0.621875,0.93359375,0.9508463541666661,0.9513715710723191,0.036783042394014004
phase_scan,33,6,permutation,/original_A/phase_scan/33/checkpoint_900.pt,1.0,0.321809895833333,-0.316210937499999,0.0029296875,802,0.0,0.6667968750000001,0.333593749999999,1,0.0,0,0,0,-0.632421874999999,0.828125,0.9425455729166661,0.817955112219451,0.060681629260182
phase_scan,44,4,normal,/original_A/phase_scan/44/checkpoint_900.pt,0.0,0.0,0.0,4.0,904,0.8828125,0.9669596354166661,0.933919270833333,1,3.6328125,0,0,0,0.0,1.0,1.0,1.0,0.0
phase_scan,44,4,freeze,/original_A/phase_scan/44/checkpoint_900.pt,1.0,0.38427734375,-0.359537760416666,1.0732421875,904,0.0068359375,0.607421875,0.21484375,1,1.001953125,0,0,0,-0.719075520833333,0.0,0.25,0.0,0.75
phase_scan,44,4,shift,/original_A/phase_scan/44/checkpoint_900.pt,1.0,0.48128255208333304,-0.453287760416666,0.0869140625,904,0.0029296875,0.513671875,0.02734375,1,0.1337890625,0,0,0,-0.906575520833333,0.9238281250000001,0.952880859375,0.9601769911504421,0.026825221238938
phase_scan,44,4,permutation,/original_A/phase_scan/44/checkpoint_900.pt,1.0,0.492838541666666,-0.4716796875,0.04296875,904,0.0,0.495279947916666,-0.009440104166666,1,0.0,0,0,0,-0.9433593750000001,0.9746093750000001,0.9829101562499999,1.0,0.0
phase_scan,44,6,normal,/original_A/phase_scan/44/checkpoint_900.pt,0.0,0.0,0.0,6.0,755,0.7373046875,0.967252604166666,0.9345052083333331,1,4.88671875,0,0,0,0.0,1.0,1.0,1.0,0.0
phase_scan,44,6,freeze,/original_A/phase_scan/44/checkpoint_900.pt,1.0,0.48242187500000006,-0.451041666666666,1.2099609375,755,0.0,0.516210937499999,0.032421875,1,1.0771484375,0,0,0,-0.902083333333333,0.0,0.16666666666666602,0.0,0.833333333333333
phase_scan,44,6,shift,/original_A/phase_scan/44/checkpoint_900.pt,1.0,0.27734375,-0.25429687500000003,0.8037109375,755,0.0078125,0.712955729166666,0.42591145833333305,1,0.779296875,0,0,0,-0.5085937500000001,0.712890625,0.8121744791666661,0.764238410596026,0.16467991169977902
phase_scan,44,6,permutation,/original_A/phase_scan/44/checkpoint_900.pt,1.0,0.32949218750000003,-0.3123046875,0.052734375,755,0.0,0.6549479166666661,0.30989583333333304,1,0.0,0,0,0,-0.624609375,0.9697265625,0.9853515625,0.9947019867549661,0.0017660044150110002
phase_scan,55,4,normal,/original_A/phase_scan/55/checkpoint_900.pt,0.0,0.0,0.0,4.0,924,0.90234375,0.9791666666666661,0.958333333333333,1,3.6982421875,0,0,0,0.0,1.0,1.0,1.0,0.0
phase_scan,55,4,freeze,/original_A/phase_scan/55/checkpoint_900.pt,1.0,0.40950520833333304,-0.388671875,1.0859375,924,0.001953125,0.5904947916666661,0.180989583333333,1,1.021484375,0,0,0,-0.77734375,0.0,0.25,0.0,0.75
phase_scan,55,4,shift,/original_A/phase_scan/55/checkpoint_900.pt,1.0,0.468424479166666,-0.4521484375,0.181640625,924,0.00390625,0.5270182291666661,0.054036458333333,1,0.203125,0,0,0,-0.9042968750000001,0.8955078125,0.926513671875,0.919913419913419,0.057088744588744
phase_scan,55,4,permutation,/original_A/phase_scan/55/checkpoint_900.pt,1.0,0.49755859374999994,-0.48486328124999994,0.0146484375,924,0.0,0.494303385416666,-0.011393229166666002,1,0.0,0,0,0,-0.9697265625,0.9921875,0.994384765625,1.0,0.0
phase_scan,55,6,normal,/original_A/phase_scan/55/checkpoint_900.pt,0.0,0.0,0.0,6.0,788,0.76953125,0.9789062500000001,0.9578125000000001,1,5.1015625,0,0,0,0.0,1.0,1.0,1.0,0.0
phase_scan,55,6,freeze,/original_A/phase_scan/55/checkpoint_900.pt,1.0,0.49166666666666603,-0.466536458333333,1.212890625,788,0.0,0.5123697916666661,0.024739583333333003,1,1.1328125,0,0,0,-0.933072916666666,0.0,0.16666666666666602,0.0,0.833333333333333
phase_scan,55,6,shift,/original_A/phase_scan/55/checkpoint_900.pt,1.0,0.22467447916666602,-0.21061197916666602,1.6064453125,788,0.015625,0.768294270833333,0.536588541666666,1,1.5751953125,0,0,0,-0.42122395833333304,0.515625,0.6476236979166661,0.5291878172588831,0.35258037225042305
phase_scan,55,6,permutation,/original_A/phase_scan/55/checkpoint_900.pt,1.0,0.3318359375,-0.3205078125,0.015625,788,0.0,0.658398437499999,0.31679687500000003,1,0.0,0,0,0,-0.6410156250000001,0.9873046875,0.9941406250000001,0.998730964467005,0.000423011844331
phase_scan,66,4,normal,/original_A/phase_scan/66/checkpoint_900.pt,0.0,0.0,0.0,4.0,821,0.8017578125,0.955891927083333,0.9117838541666661,1,3.3916015625,0,0,0,0.0,1.0,1.0,1.0,0.0
phase_scan,66,4,freeze,/original_A/phase_scan/66/checkpoint_900.pt,1.0,0.36067708333333304,-0.317057291666666,1.1396484375,821,0.0224609375,0.6388346354166661,0.27766927083333304,1,1.087890625,0,0,0,-0.634114583333333,0.0,0.25,0.0,0.75
phase_scan,66,4,shift,/original_A/phase_scan/66/checkpoint_900.pt,1.0,0.474283854166666,-0.446940104166666,0.1435546875,821,0.0029296875,0.5089518229166661,0.017903645833333003,1,0.1318359375,0,0,0,-0.893880208333333,0.9160156250000001,0.9404296875,0.9756394640682091,0.017661388550548003
phase_scan,66,4,permutation,/original_A/phase_scan/66/checkpoint_900.pt,0.9970703125,0.49593098958333304,-0.46728515624999994,0.0205078125,821,0.001953125,0.48860677083333304,-0.022786458333333003,1,0.009765625,0,0,0,-0.9345703125,0.9824218750000001,0.989501953125,0.9951278928136411,0.0024360535931790004
phase_scan,66,6,normal,/original_A/phase_scan/66/checkpoint_900.pt,0.0,0.0,0.0,6.0,620,0.60546875,0.951236979166666,0.9024739583333331,1,4.2705078125,0,0,0,0.0,1.0,1.0,1.0,0.0
phase_scan,66,6,freeze,/original_A/phase_scan/66/checkpoint_900.pt,1.0,0.480013020833333,-0.42415364583333304,1.26171875,620,0.0,0.527083333333333,0.054166666666666,1,1.052734375,0,0,0,-0.8483072916666661,0.0,0.16666666666666602,0.0,0.833333333333333
phase_scan,66,6,shift,/original_A/phase_scan/66/checkpoint_900.pt,1.0,0.263216145833333,-0.23444010416666602,1.0068359375,620,0.0068359375,0.716796874999999,0.43359375,1,0.8466796875,0,0,0,-0.46888020833333305,0.67578125,0.7706705729166661,0.7419354838709671,0.18602150537634402
phase_scan,66,6,permutation,/original_A/phase_scan/66/checkpoint_900.pt,0.9941406250000001,0.3267578125,-0.31295572916666603,0.0419921875,620,0.0009765625,0.638281249999999,0.27656250000000004,1,0.0068359375,0,0,0,-0.6259114583333331,0.96484375,0.9777018229166661,0.9983870967741931,0.000537634408602
phase_scan,77,4,normal,/original_A/phase_scan/77/checkpoint_900.pt,0.0,0.0,0.0,4.0,956,0.93359375,0.984212239583333,0.9684244791666661,1,3.787109375,0,0,0,0.0,1.0,1.0,1.0,0.0
phase_scan,77,4,freeze,/original_A/phase_scan/77/checkpoint_900.pt,1.0,0.39973958333333304,-0.388671875,1.0908203125,956,0.0,0.595540364583333,0.19108072916666602,1,1.0380859375,0,0,0,-0.77734375,0.0,0.25,0.0,0.75
phase_scan,77,4,shift,/original_A/phase_scan/77/checkpoint_900.pt,1.0,0.490885416666666,-0.47884114583333304,0.046875,956,0.0009765625,0.50537109375,0.0107421875,1,0.0673828125,0,0,0,-0.9576822916666661,0.96484375,0.9775390625,0.9790794979079491,0.014382845188284001
phase_scan,77,4,permutation,/original_A/phase_scan/77/checkpoint_900.pt,1.0,0.49739583333333304,-0.49023437500000006,0.015625,956,0.0,0.49397786458333304,-0.012044270833333,1,0.0,0,0,0,-0.98046875,0.9921875,0.9941406250000001,1.0,0.0
phase_scan,77,6,normal,/original_A/phase_scan/77/checkpoint_900.pt,0.0,0.0,0.0,6.0,821,0.8017578125,0.9832682291666661,0.9665364583333331,1,5.21484375,0,0,0,0.0,1.0,1.0,1.0,0.0
phase_scan,77,6,freeze,/original_A/phase_scan/77/checkpoint_900.pt,1.0,0.470247395833333,-0.4509765625,1.275390625,821,0.0,0.532291666666666,0.064583333333333,1,1.19921875,0,0,0,-0.901953125,0.0,0.16666666666666602,0.0,0.833333333333333
phase_scan,77,6,shift,/original_A/phase_scan/77/checkpoint_900.pt,0.9990234375,0.29622395833333304,-0.28671875,0.55078125,821,0.0068359375,0.6965494791666661,0.393098958333333,1,0.5517578125,0,0,0,-0.5734374999999999,0.822265625,0.8776041666666661,0.852618757612667,0.106780349167681
phase_scan,77,6,permutation,/original_A/phase_scan/77/checkpoint_900.pt,1.0,0.33216145833333305,-0.32421875,0.0107421875,821,0.0,0.659049479166666,0.318098958333333,1,0.0,0,0,0,-0.6484375,0.98828125,0.9951171875,0.9939098660170521,0.002030044660982
phase_scan,88,4,normal,/original_A/phase_scan/88/checkpoint_900.pt,0.0,0.0,0.0,4.0,872,0.8515625,0.9721679687500001,0.9443359374999991,1,3.560546875,0,0,0,0.0,1.0,1.0,1.0,0.0
phase_scan,88,4,freeze,/original_A/phase_scan/88/checkpoint_900.pt,1.0,0.4189453125,-0.3857421875,1.134765625,872,0.0068359375,0.58642578125,0.1728515625,1,1.07421875,0,0,0,-0.771484375,0.0,0.25,0.0,0.75
phase_scan,88,4,shift,/original_A/phase_scan/88/checkpoint_900.pt,1.0,0.462565104166666,-0.4423828125,0.2197265625,872,0.0087890625,0.52978515625,0.05957031249999901,1,0.25,0,0,0,-0.884765625,0.8828125,0.91455078125,0.920871559633027,0.059346330275229
phase_scan,88,4,permutation,/original_A/phase_scan/88/checkpoint_900.pt,1.0,0.49886067708333304,-0.48030598958333304,0.00390625,872,0.0,0.491861979166666,-0.016276041666666,1,0.0,0,0,0,-0.9606119791666661,0.9951171875,0.9970703125,1.0,0.0
phase_scan,88,6,normal,/original_A/phase_scan/88/checkpoint_900.pt,0.0,0.0,0.0,6.0,688,0.671875,0.9725911458333331,0.9451822916666661,1,4.6923828125,0,0,0,0.0,1.0,1.0,1.0,0.0
phase_scan,88,6,freeze,/original_A/phase_scan/88/checkpoint_900.pt,1.0,0.5005859375,-0.46399739583333305,1.2646484375,688,0.0,0.50859375,0.017187499999999998,1,1.1416015625,0,0,0,-0.9279947916666661,0.0,0.16666666666666602,0.0,0.833333333333333
phase_scan,88,6,shift,/original_A/phase_scan/88/checkpoint_900.pt,1.0,0.212890625,-0.195182291666666,1.7841796875,688,0.0322265625,0.777408854166666,0.554817708333333,1,1.736328125,0,0,0,-0.390364583333333,0.5126953125,0.61767578125,0.530523255813953,0.37718023255813904
phase_scan,88,6,permutation,/original_A/phase_scan/88/checkpoint_900.pt,1.0,0.33209635416666605,-0.3189453125,0.00390625,688,0.0,0.653645833333333,0.307291666666666,1,0.0,0,0,0,-0.637890624999999,0.98828125,0.994954427083333,0.99563953488372,0.001453488372093
