representation,readout,n,noise_seed,metric,auc
phase,competitive,4,101,exact_accuracy,0.0169677734375
phase,competitive,4,101,pairwise_accuracy,0.5117635091145832
phase,competitive,4,202,exact_accuracy,0.0140380859375
phase,competitive,4,202,pairwise_accuracy,0.50887451171875
phase,competitive,4,303,exact_accuracy,0.014892578125
phase,competitive,4,303,pairwise_accuracy,0.50224609375
phase,competitive,4,404,exact_accuracy,0.0135986328125
phase,competitive,4,404,pairwise_accuracy,0.49743652343749994
phase,competitive,6,101,exact_accuracy,0.0
phase,competitive,6,101,pairwise_accuracy,0.4967643229166666
phase,competitive,6,202,exact_accuracy,0.0
phase,competitive,6,202,pairwise_accuracy,0.5029899088541666
phase,competitive,6,303,exact_accuracy,0.0003662109375
phase,competitive,6,303,pairwise_accuracy,0.5038802083333334
phase,competitive,6,404,exact_accuracy,0.0
phase,competitive,6,404,pairwise_accuracy,0.49983398437499993
phase,competitive,8,101,exact_accuracy,0.0
phase,competitive,8,101,pairwise_accuracy,0.5032810756138393
phase,competitive,8,202,exact_accuracy,0.0
phase,competitive,8,202,pairwise_accuracy,0.5032584054129464
phase,competitive,8,303,exact_accuracy,0.0
phase,competitive,8,303,pairwise_accuracy,0.4993966238839286
phase,competitive,8,404,exact_accuracy,0.0
phase,competitive,8,404,pairwise_accuracy,0.5012137276785714
phase,competitive,10,101,exact_accuracy,0.0
phase,competitive,10,101,pairwise_accuracy,0.5012749565972223
phase,competitive,10,202,exact_accuracy,0.0
phase,competitive,10,202,pairwise_accuracy,0.5007503255208333
phase,competitive,10,303,exact_accuracy,0.0
phase,competitive,10,303,pairwise_accuracy,0.5020377604166666
phase,competitive,10,404,exact_accuracy,0.0
phase,competitive,10,404,pairwise_accuracy,0.5007188585069444
phase,competitive,12,101,exact_accuracy,0.0
phase,competitive,12,101,pairwise_accuracy,0.5006802645596591
phase,competitive,12,202,exact_accuracy,0.0
phase,competitive,12,202,pairwise_accuracy,0.5021266128077652
phase,competitive,12,303,exact_accuracy,0.0
phase,competitive,12,303,pairwise_accuracy,0.5015706380208332
phase,competitive,12,404,exact_accuracy,0.0
phase,competitive,12,404,pairwise_accuracy,0.5002371123342803
phase,scan,4,101,exact_accuracy,0.3698974609375
phase,scan,4,101,pairwise_accuracy,0.5671590169270834
phase,scan,4,202,exact_accuracy,0.36274414062499993
phase,scan,4,202,pairwise_accuracy,0.5596516927083333
phase,scan,4,303,exact_accuracy,0.37890625
phase,scan,4,303,pairwise_accuracy,0.5685384114583333
phase,scan,4,404,exact_accuracy,0.360400390625
phase,scan,4,404,pairwise_accuracy,0.5597452799479167
phase,scan,6,101,exact_accuracy,0.316748046875
phase,scan,6,101,pairwise_accuracy,0.5882552083333333
phase,scan,6,202,exact_accuracy,0.3151123046875
phase,scan,6,202,pairwise_accuracy,0.5814257812500001
phase,scan,6,303,exact_accuracy,0.3181884765625
phase,scan,6,303,pairwise_accuracy,0.5881868489583334
phase,scan,6,404,exact_accuracy,0.3136962890625
phase,scan,6,404,pairwise_accuracy,0.5835367838541667
phase,scan,8,101,exact_accuracy,0.28354492187499997
phase,scan,8,101,pairwise_accuracy,0.5947701590401786
phase,scan,8,202,exact_accuracy,0.284716796875
phase,scan,8,202,pairwise_accuracy,0.6007306780133929
phase,scan,8,303,exact_accuracy,0.28701171875
phase,scan,8,303,pairwise_accuracy,0.6032819475446428
phase,scan,8,404,exact_accuracy,0.2823486328125
phase,scan,8,404,pairwise_accuracy,0.5957432338169641
phase,scan,10,101,exact_accuracy,0.26279296875
phase,scan,10,101,pairwise_accuracy,0.6072694227430556
phase,scan,10,202,exact_accuracy,0.26137695312500003
phase,scan,10,202,pairwise_accuracy,0.6005447048611111
phase,scan,10,303,exact_accuracy,0.26455078125
phase,scan,10,303,pairwise_accuracy,0.6047911241319445
phase,scan,10,404,exact_accuracy,0.2630126953125
phase,scan,10,404,pairwise_accuracy,0.6047195095486111
phase,scan,12,101,exact_accuracy,0.2513427734375
phase,scan,12,101,pairwise_accuracy,0.6107688210227271
phase,scan,12,202,exact_accuracy,0.2522705078125
phase,scan,12,202,pairwise_accuracy,0.6096339370265151
phase,scan,12,303,exact_accuracy,0.2534423828125
phase,scan,12,303,pairwise_accuracy,0.6148030598958333
phase,scan,12,404,exact_accuracy,0.2556884765625
phase,scan,12,404,pairwise_accuracy,0.6133885239109848
position,competitive,4,101,exact_accuracy,0.7379150390625
position,competitive,4,101,pairwise_accuracy,0.9464396158854167
position,competitive,4,202,exact_accuracy,0.74345703125
position,competitive,4,202,pairwise_accuracy,0.9477254231770835
position,competitive,4,303,exact_accuracy,0.740283203125
position,competitive,4,303,pairwise_accuracy,0.9458333333333334
position,competitive,4,404,exact_accuracy,0.7494140625
position,competitive,4,404,pairwise_accuracy,0.9488606770833334
position,competitive,6,101,exact_accuracy,0.6548828124999999
position,competitive,6,101,pairwise_accuracy,0.9655159505208335
position,competitive,6,202,exact_accuracy,0.637890625
position,competitive,6,202,pairwise_accuracy,0.9632356770833335
position,competitive,6,303,exact_accuracy,0.6496826171875001
position,competitive,6,303,pairwise_accuracy,0.9648144531250001
position,competitive,6,404,exact_accuracy,0.639453125
position,competitive,6,404,pairwise_accuracy,0.9637890625000001
position,competitive,8,101,exact_accuracy,0.5818115234375
position,competitive,8,101,pairwise_accuracy,0.9734671456473214
position,competitive,8,202,exact_accuracy,0.5663330078125
position,competitive,8,202,pairwise_accuracy,0.9727861676897321
position,competitive,8,303,exact_accuracy,0.5743896484375
position,competitive,8,303,pairwise_accuracy,0.9735499790736606
position,competitive,8,404,exact_accuracy,0.562939453125
position,competitive,8,404,pairwise_accuracy,0.9719090053013393
position,competitive,10,101,exact_accuracy,0.52255859375
position,competitive,10,101,pairwise_accuracy,0.977702365451389
position,competitive,10,202,exact_accuracy,0.5175048828125
position,competitive,10,202,pairwise_accuracy,0.9776155598958333
position,competitive,10,303,exact_accuracy,0.516943359375
position,competitive,10,303,pairwise_accuracy,0.9778130425347222
position,competitive,10,404,exact_accuracy,0.52333984375
position,competitive,10,404,pairwise_accuracy,0.9782839626736111
position,competitive,12,101,exact_accuracy,0.4864501953125
position,competitive,12,101,pairwise_accuracy,0.9816232392282196
position,competitive,12,202,exact_accuracy,0.48850097656249997
position,competitive,12,202,pairwise_accuracy,0.9814911813446969
position,competitive,12,303,exact_accuracy,0.4890625
position,competitive,12,303,pairwise_accuracy,0.9818858753551135
position,competitive,12,404,exact_accuracy,0.4947509765625
position,competitive,12,404,pairwise_accuracy,0.9814323656486742
position,scan,4,101,exact_accuracy,0.3698974609375
position,scan,4,101,pairwise_accuracy,0.5765380859375001
position,scan,4,202,exact_accuracy,0.36274414062499993
position,scan,4,202,pairwise_accuracy,0.5704874674479166
position,scan,4,303,exact_accuracy,0.37890625
position,scan,4,303,pairwise_accuracy,0.5789754231770834
position,scan,4,404,exact_accuracy,0.3602783203125
position,scan,4,404,pairwise_accuracy,0.5706258138020833
position,scan,6,101,exact_accuracy,0.316748046875
position,scan,6,101,pairwise_accuracy,0.5986442057291667
position,scan,6,202,exact_accuracy,0.3151123046875
position,scan,6,202,pairwise_accuracy,0.592001953125
position,scan,6,303,exact_accuracy,0.3181884765625
position,scan,6,303,pairwise_accuracy,0.5993066406249999
position,scan,6,404,exact_accuracy,0.3136962890625
position,scan,6,404,pairwise_accuracy,0.593681640625
position,scan,8,101,exact_accuracy,0.28354492187499997
position,scan,8,101,pairwise_accuracy,0.6040945870535714
position,scan,8,202,exact_accuracy,0.284716796875
position,scan,8,202,pairwise_accuracy,0.6092982700892856
position,scan,8,303,exact_accuracy,0.28701171875
position,scan,8,303,pairwise_accuracy,0.6118582589285713
position,scan,8,404,exact_accuracy,0.2823486328125
position,scan,8,404,pairwise_accuracy,0.6041791643415179
position,scan,10,101,exact_accuracy,0.26279296875
position,scan,10,101,pairwise_accuracy,0.6144894748263889
position,scan,10,202,exact_accuracy,0.26137695312500003
position,scan,10,202,pairwise_accuracy,0.6082503255208334
position,scan,10,303,exact_accuracy,0.26455078125
position,scan,10,303,pairwise_accuracy,0.6117187499999999
position,scan,10,404,exact_accuracy,0.2630126953125
position,scan,10,404,pairwise_accuracy,0.6129600694444445
position,scan,12,101,exact_accuracy,0.2513427734375
position,scan,12,101,pairwise_accuracy,0.6179861357717803
position,scan,12,202,exact_accuracy,0.2522705078125
position,scan,12,202,pairwise_accuracy,0.6167273319128788
position,scan,12,303,exact_accuracy,0.2534423828125
position,scan,12,303,pairwise_accuracy,0.6212835138494317
position,scan,12,404,exact_accuracy,0.2556884765625
position,scan,12,404,pairwise_accuracy,0.6200905539772726
priority,competitive,4,101,exact_accuracy,0.7517578125
priority,competitive,4,101,pairwise_accuracy,0.9497924804687501
priority,competitive,4,202,exact_accuracy,0.743701171875
priority,competitive,4,202,pairwise_accuracy,0.9464477539062501
priority,competitive,4,303,exact_accuracy,0.739501953125
priority,competitive,4,303,pairwise_accuracy,0.9465291341145834
priority,competitive,4,404,exact_accuracy,0.7436767578125
priority,competitive,4,404,pairwise_accuracy,0.9465087890625
priority,competitive,6,101,exact_accuracy,0.6523925781250001
priority,competitive,6,101,pairwise_accuracy,0.9651123046875001
priority,competitive,6,202,exact_accuracy,0.6423828125
priority,competitive,6,202,pairwise_accuracy,0.9645589192708335
priority,competitive,6,303,exact_accuracy,0.652880859375
priority,competitive,6,303,pairwise_accuracy,0.9644628906250001
priority,competitive,6,404,exact_accuracy,0.648876953125
priority,competitive,6,404,pairwise_accuracy,0.9647102864583333
priority,competitive,8,101,exact_accuracy,0.5703857421875
priority,competitive,8,101,pairwise_accuracy,0.9724217006138391
priority,competitive,8,202,exact_accuracy,0.5791748046875
priority,competitive,8,202,pairwise_accuracy,0.9731358119419642
priority,competitive,8,303,exact_accuracy,0.5683349609375
priority,competitive,8,303,pairwise_accuracy,0.9730355398995535
priority,competitive,8,404,exact_accuracy,0.5591064453125
priority,competitive,8,404,pairwise_accuracy,0.9716657366071427
priority,competitive,10,101,exact_accuracy,0.5241943359375
priority,competitive,10,101,pairwise_accuracy,0.9780951605902779
priority,competitive,10,202,exact_accuracy,0.518701171875
priority,competitive,10,202,pairwise_accuracy,0.9775428602430555
priority,competitive,10,303,exact_accuracy,0.5244140625
priority,competitive,10,303,pairwise_accuracy,0.9783284505208334
priority,competitive,10,404,exact_accuracy,0.5237060546875001
priority,competitive,10,404,pairwise_accuracy,0.9778092447916666
priority,competitive,12,101,exact_accuracy,0.494140625
priority,competitive,12,101,pairwise_accuracy,0.9812895803740531
priority,competitive,12,202,exact_accuracy,0.4846435546875
priority,competitive,12,202,pairwise_accuracy,0.9814012932054923
priority,competitive,12,303,exact_accuracy,0.4927490234375
priority,competitive,12,303,pairwise_accuracy,0.981863310842803
priority,competitive,12,404,exact_accuracy,0.4899169921875
priority,competitive,12,404,pairwise_accuracy,0.9818940133759468
priority,scan,4,101,exact_accuracy,0.43181152343749996
priority,scan,4,101,pairwise_accuracy,0.6998697916666667
priority,scan,4,202,exact_accuracy,0.4402587890625
priority,scan,4,202,pairwise_accuracy,0.7030395507812499
priority,scan,4,303,exact_accuracy,0.432763671875
priority,scan,4,303,pairwise_accuracy,0.6985392252604166
priority,scan,4,404,exact_accuracy,0.4392822265625
priority,scan,4,404,pairwise_accuracy,0.699267578125
priority,scan,6,101,exact_accuracy,0.3204345703125
priority,scan,6,101,pairwise_accuracy,0.6719010416666666
priority,scan,6,202,exact_accuracy,0.3081787109375
priority,scan,6,202,pairwise_accuracy,0.6690234374999999
priority,scan,6,303,exact_accuracy,0.3114990234375
priority,scan,6,303,pairwise_accuracy,0.6655224609375001
priority,scan,6,404,exact_accuracy,0.310302734375
priority,scan,6,404,pairwise_accuracy,0.6684586588541667
priority,scan,8,101,exact_accuracy,0.254931640625
priority,scan,8,101,pairwise_accuracy,0.648931884765625
priority,scan,8,202,exact_accuracy,0.2599609375
priority,scan,8,202,pairwise_accuracy,0.6515555245535715
priority,scan,8,303,exact_accuracy,0.26201171875
priority,scan,8,303,pairwise_accuracy,0.6564461844308036
priority,scan,8,404,exact_accuracy,0.2579833984375
priority,scan,8,404,pairwise_accuracy,0.65001220703125
priority,scan,10,101,exact_accuracy,0.23566894531250002
priority,scan,10,101,pairwise_accuracy,0.6429958767361111
priority,scan,10,202,exact_accuracy,0.2356201171875
priority,scan,10,202,pairwise_accuracy,0.6402218967013888
priority,scan,10,303,exact_accuracy,0.23696289062499998
priority,scan,10,303,pairwise_accuracy,0.6447862413194444
priority,scan,10,404,exact_accuracy,0.23139648437500004
priority,scan,10,404,pairwise_accuracy,0.6408257378472223
priority,scan,12,101,exact_accuracy,0.22331542968749998
priority,scan,12,101,pairwise_accuracy,0.633648496685606
priority,scan,12,202,exact_accuracy,0.21594238281250003
priority,scan,12,202,pairwise_accuracy,0.6358568596117423
priority,scan,12,303,exact_accuracy,0.2199951171875
priority,scan,12,303,pairwise_accuracy,0.6360266483191287
priority,scan,12,404,exact_accuracy,0.2198486328125
priority,scan,12,404,pairwise_accuracy,0.6363177675189393
