representation,readout,seed,n,anchored_error,aligned_error,inversion_count,rank_preserved,failure_given_preserved,preserved_count,anchored_error_failure_spearman,aligned_error_failure_spearman,exact_accuracy,no_match_rate,rotation_abs_mean,slot_deviation_p05,slot_deviation_p95,positive_affine_slope_mean,nonpositive_slope_rate,normalized_margin_p05,normalized_margin_median,normalized_margin_p95
phase,competitive,11,4,1.0189154405252907,0.5157346627711292,0.63671875,0.7333984375,0.0,751,-0.086959206850538,0.283572533044657,0.9072265625,0.0,1.5977049241445935,-0.8775234914378223,0.9119066036963245,,,,,
phase,competitive,11,6,1.532387625550092,0.7642243392057655,2.6005859375,0.38671875,0.0,396,-0.0352429180406053,0.1602476167780714,0.775390625,0.0,1.5993799589003241,-1.2344973387639278,1.2895297399146723,,,,,
phase,competitive,22,4,1.0157975740525396,0.4912037939796483,0.51171875,0.78515625,0.0,804,0.0247807271116861,0.2563149814878951,0.9169921875,0.0,1.6023750537962438,-0.8424228045361072,0.8196900618399751,,,,,
phase,competitive,22,6,1.533421929108649,0.7292830954751773,2.6123046875,0.3818359375,0.0,391,-0.0416662710489801,0.1125921816752432,0.7822265625,0.0,1.6090300606834311,-1.2166589800464267,1.1946799944108448,,,,,
phase,competitive,33,4,0.9792864179205016,0.5457354403337541,0.1005859375,0.9091796875,0.0,931,0.024034153955604,0.2512565108963491,0.9140625,0.0,1.5414660552698556,-0.9208980666662573,0.9008640095735891,,,,,
phase,competitive,33,6,1.4741257330283568,0.8164060241242341,0.6240234375,0.728515625,0.0,746,-0.045802864185623,0.0831152010195189,0.796875,0.0,1.5461484373941738,-1.345700604706531,1.3177843856000062,,,,,
phase,competitive,44,4,1.0304622031192232,0.7674975461601055,5.9072265625,0.0,,0,0.0551111823148501,-0.0307893681184109,0.916015625,0.0,1.8477485275952237,-1.7000331432482922,1.5217252993851138,,,,,
phase,competitive,44,6,1.56370388837635,1.3015580935668845,14.703125,0.0,,0,-0.0824260085153403,-0.2053265223681267,0.77734375,0.0,1.8104773501999096,-2.6489455242570155,2.4231933750992,,,,,
phase,scan,11,4,0.1854805687007854,0.1600629143087599,0.1259765625,0.8837890625,0.1723756906077348,905,0.7233153678450368,0.7370529073055437,0.7314453125,0.06640625,0.15822847959210523,-0.42307991207420775,0.3878732482021471,,,,,
phase,scan,11,6,0.3003045387316067,0.2595728453136153,0.3212890625,0.716796875,0.6934604904632152,734,0.6169166552563302,0.6248713108862722,0.2197265625,0.1936848958333333,0.182144719822895,-0.5559960440737217,0.5700937141976468,,,,,
phase,scan,22,4,0.1870534511217767,0.1560450133738998,0.1103515625,0.892578125,0.1717724288840262,914,0.7322366628019288,0.74729352208646,0.7392578125,0.061279296875,0.1667585505595131,-0.4217529388996216,0.33382165847406303,,,,,
phase,scan,22,6,0.2980073123610498,0.2627131424854265,0.267578125,0.765625,0.8647959183673469,784,0.4253390558625389,0.456756083598542,0.103515625,0.2210286458333333,0.19775367999000137,-0.5705992287555538,0.556904533319172,,,,,
phase,scan,33,4,0.1819803682176224,0.1588305474045729,0.125,0.8798828125,0.1553829078801331,901,0.7345267098421003,0.740424852512818,0.7431640625,0.06201171875,0.13436349569401648,-0.4200807456400829,0.38272571127679494,,,,,
phase,scan,33,6,0.2777182916803122,0.2503768480005998,0.2802734375,0.7587890625,0.6911196911196911,777,0.6350320662133313,0.6747201080785561,0.234375,0.1827799479166666,0.15667536834253296,-0.5641283491733642,0.5513378910410808,,,,,
phase,scan,44,4,0.1889022547759659,0.1571046203613054,0.1103515625,0.892578125,0.2210065645514223,914,0.7590428189845756,0.767167756065231,0.6953125,0.08447265625,0.18061732944289322,-0.4464129445598276,0.37474312784796016,,,,,
phase,scan,44,6,0.3037526445563659,0.2533130844339425,0.236328125,0.787109375,0.7791563275434243,806,0.5516307087716731,0.5573232852252257,0.173828125,0.20947265625,0.206807354399871,-0.5313961485039179,0.5375639023616173,,,,,
position,scan,11,4,0.2857051970022439,0.1661728510942927,0.138671875,0.8701171875,0.4141414141414141,891,0.6336969415854342,0.759873284575816,0.509765625,0.134765625,,,,0.9303625701519362,0.0,0.057217471301555634,1.0314453840255737,1.697980523109436
position,scan,11,6,0.4344482899117187,0.2603356864667133,0.3583984375,0.6982421875,0.9902097902097902,715,0.1330525489596493,0.1373025324430674,0.0068359375,0.3294270833333333,,,,0.9404030587286362,0.0,-0.0758969709277153,1.0249216556549072,1.9378029108047485
position,scan,22,4,0.2758213222205086,0.155085262359237,0.1162109375,0.8876953125,0.385038503850385,909,0.663861918140691,0.6520843167823797,0.5458984375,0.122314453125,,,,0.8853910217619818,0.0,0.11749111860990524,1.041742205619812,1.6796658039093018
position,scan,22,6,0.4196130544272213,0.2559318949501705,0.2890625,0.73828125,0.984126984126984,756,0.1627300651915464,0.1656770725973921,0.01171875,0.3072916666666666,,,,0.8950966591571683,0.0,-0.027122145518660545,1.0263354778289795,1.951522707939148
position,scan,33,4,0.3115575839256053,0.1758107999560187,0.1083984375,0.8935546875,0.580327868852459,915,0.5632003368745842,0.691742916760285,0.375,0.17919921875,,,,0.9168190834125026,0.0,0.101531483232975,0.9946817755699158,1.6784725189208984
position,scan,33,6,0.4721716954415266,0.2769236042947008,0.2578125,0.7744140625,1.0,793,,,0.0,0.3181966145833333,,,,0.9233826395322838,0.0,0.007874930277466774,0.9978529214859009,1.9794796705245972
position,scan,44,4,0.2876470280207286,0.1664097896384055,0.1044921875,0.8994140625,0.4657980456026058,921,0.6158563359368673,0.674652901668906,0.48046875,0.152587890625,,,,0.9178851984219598,0.0,0.0871303454041481,1.0290652513504028,1.7280975580215454
position,scan,44,6,0.4407589135407761,0.2624148089540996,0.267578125,0.76171875,0.9884615384615384,780,0.1505507886125052,0.1437196372777894,0.0087890625,0.3128255208333333,,,,0.9173005875374343,0.0,-0.005790552590042353,1.0374794006347656,1.9137723445892334
priority,scan,11,4,10.21497553853078,0.2276674528198617,0.1181640625,0.88671875,0.5848017621145375,908,0.0467317024053658,0.7929525679455296,0.3681640625,0.176513671875,,,,0.105219090955604,0.0,0.06238957867026329,0.9912868142127991,1.9297139644622803
priority,scan,11,6,17.957867243773457,0.3415545431388598,0.328125,0.724609375,0.9339622641509434,742,0.0614364809948704,0.3545888645504421,0.0478515625,0.2526041666666667,,,,0.08798597126613036,0.0,-0.03738263249397278,0.9486862421035767,2.1673743724823
priority,scan,22,4,25.448504229982063,0.2849001089387005,0.123046875,0.8798828125,0.7713651498335183,901,0.0312828862283498,0.6777244461662357,0.201171875,0.233154296875,,,,0.14442584902478445,0.0,0.02674560435116291,0.9090792536735535,2.289273262023926
priority,scan,22,6,43.110029453534175,0.4226607337288469,0.35546875,0.703125,0.9638888888888888,720,0.0552744988597365,0.2626378733814076,0.025390625,0.29833984375,,,,0.11884885246282581,0.0,-0.06112072244286537,0.828667402267456,2.63468861579895
priority,scan,33,4,34.2604740753186,0.2990289848661345,0.177734375,0.8349609375,0.7953216374269005,855,0.0677057864959722,0.6340314059155198,0.1708984375,0.244140625,,,,0.0762283671535468,0.0,-0.01602519303560257,0.8863847851753235,2.3386974334716797
priority,scan,33,6,57.452429827705295,0.4557984561465648,0.4833984375,0.6181640625,0.9731437598736176,633,0.0805008651071293,0.2136045919648464,0.0166015625,0.3074544270833333,,,,0.059183521110935076,0.0,-0.12994885444641113,0.813667893409729,2.771874189376831
priority,scan,44,4,12.644649604322694,0.2158157354985321,0.1611328125,0.853515625,0.4988558352402746,874,0.0096487900655714,0.8223840723015788,0.427734375,0.15576171875,,,,0.10278180417802935,0.0,-0.0031173094175755978,1.016268014907837,1.952705979347229
priority,scan,44,6,21.91514448812207,0.3265749862283102,0.431640625,0.6494140625,0.9052631578947368,665,0.1131854610632722,0.3938359094914017,0.0615234375,0.25634765625,,,,0.08685416005144576,0.0,-0.13003011047840118,0.9771491289138794,2.192333698272705
