representation,readout,n,geometry,future_exact_rho,transitions,independent_seeds
phase,competitive,4,pairwise_decoding,0.7619047619047621,8,4
phase,competitive,4,canonical_rmse,-0.3333333333333334,8,4
phase,competitive,4,slot_rmse,0.28571428571428575,8,4
phase,competitive,4,spacing_cv,-0.8333333333333335,8,4
phase,competitive,4,dynamic_range,0.7142857142857144,8,4
phase,competitive,4,arc_fraction,0.7142857142857144,8,4
phase,competitive,4,score_min_margin,0.7619047619047621,8,4
phase,competitive,6,pairwise_decoding,0.7857142857142858,8,4
phase,competitive,6,canonical_rmse,-0.4285714285714286,8,4
phase,competitive,6,slot_rmse,0.3333333333333334,8,4
phase,competitive,6,spacing_cv,-0.6666666666666669,8,4
phase,competitive,6,dynamic_range,0.6666666666666669,8,4
phase,competitive,6,arc_fraction,0.6666666666666669,8,4
phase,competitive,6,score_min_margin,0.8333333333333335,8,4
phase,scan,4,pairwise_decoding,0.5952380952380953,8,4
phase,scan,4,canonical_rmse,-0.7142857142857144,8,4
phase,scan,4,slot_rmse,-0.6904761904761906,8,4
phase,scan,4,spacing_cv,-0.8333333333333335,8,4
phase,scan,4,dynamic_range,0.6904761904761906,8,4
phase,scan,4,arc_fraction,0.6904761904761906,8,4
phase,scan,4,score_min_margin,-0.5000000000000001,8,4
phase,scan,6,pairwise_decoding,0.5476190476190477,8,4
phase,scan,6,canonical_rmse,-0.3333333333333334,8,4
phase,scan,6,slot_rmse,-0.4285714285714286,8,4
phase,scan,6,spacing_cv,-0.2380952380952381,8,4
phase,scan,6,dynamic_range,0.2380952380952381,8,4
phase,scan,6,arc_fraction,0.2380952380952381,8,4
phase,scan,6,score_min_margin,-0.14285714285714288,8,4
position,competitive,4,pairwise_decoding,0.6190476190476191,8,4
position,competitive,4,canonical_rmse,-0.5000000000000001,8,4
position,competitive,4,slot_rmse,-0.5000000000000001,8,4
position,competitive,4,spacing_cv,-0.38095238095238104,8,4
position,competitive,4,dynamic_range,0.14285714285714288,8,4
position,competitive,4,score_min_margin,0.5000000000000001,8,4
position,competitive,6,pairwise_decoding,0.05988131309566295,8,4
position,competitive,6,canonical_rmse,-0.16766767666785626,8,4
position,competitive,6,slot_rmse,-0.16766767666785626,8,4
position,competitive,6,spacing_cv,-0.3113828280974473,8,4
position,competitive,6,dynamic_range,-0.03592878785739777,8,4
position,competitive,6,score_min_margin,0.05988131309566295,8,4
position,scan,4,pairwise_decoding,0.4523809523809524,8,4
position,scan,4,canonical_rmse,-0.6190476190476191,8,4
position,scan,4,slot_rmse,-0.3571428571428572,8,4
position,scan,4,spacing_cv,-0.5714285714285715,8,4
position,scan,4,dynamic_range,0.5952380952380953,8,4
position,scan,4,score_min_margin,0.5476190476190477,8,4
position,scan,6,pairwise_decoding,-0.5269555552418339,8,4
position,scan,6,canonical_rmse,0.4790505047653036,8,4
position,scan,6,slot_rmse,0.2395252523826518,8,4
position,scan,6,spacing_cv,0.467074242146171,8,4
position,scan,6,dynamic_range,-0.4311454542887732,8,4
position,scan,6,score_min_margin,-0.6227656561948945,8,4
priority,competitive,4,pairwise_decoding,0.7142857142857144,8,4
priority,competitive,4,canonical_rmse,-0.6190476190476191,8,4
priority,competitive,4,slot_rmse,-0.5000000000000001,8,4
priority,competitive,4,spacing_cv,-0.6428571428571429,8,4
priority,competitive,4,dynamic_range,0.7380952380952381,8,4
priority,competitive,4,score_min_margin,0.5476190476190477,8,4
priority,competitive,6,pairwise_decoding,0.7619047619047621,8,4
priority,competitive,6,canonical_rmse,-0.38095238095238104,8,4
priority,competitive,6,slot_rmse,-0.28571428571428575,8,4
priority,competitive,6,spacing_cv,-0.523809523809524,8,4
priority,competitive,6,dynamic_range,0.7380952380952381,8,4
priority,competitive,6,score_min_margin,0.5952380952380953,8,4
priority,scan,4,pairwise_decoding,0.5000000000000001,8,4
priority,scan,4,canonical_rmse,-0.4761904761904762,8,4
priority,scan,4,slot_rmse,-0.261904761904762,8,4
priority,scan,4,spacing_cv,-0.7857142857142858,8,4
priority,scan,4,dynamic_range,0.4761904761904762,8,4
priority,scan,4,score_min_margin,0.5952380952380953,8,4
priority,scan,6,pairwise_decoding,0.5509080804800991,8,4
priority,scan,6,canonical_rmse,-0.467074242146171,8,4
priority,scan,6,slot_rmse,-0.3592878785739777,8,4
priority,scan,6,spacing_cv,-0.5389318178609664,8,4
priority,scan,6,dynamic_range,0.29940656547831473,8,4
priority,scan,6,score_min_margin,0.670670706671425,8,4
