representation,readout,seed,step,n,source,arc_fraction,semicircle,wrap_usage,canonical_rmse,angular_pairwise,score_monotonicity,score_tie_rate,dynamic_range
phase,competitive,11,300,4,runs/experiment_A1/calibration/phase_competitive/11/eval_300_4.npz,0.3110010623931885,1.0,0.0791015625,0.1712910933558509,0.9329427083333334,0.84375,0.0,0.3110010623931885
phase,scan,11,300,4,runs/experiment_A1/calibration/phase_scan/11/eval_300_4.npz,0.5653202533721924,0.21484375,0.189453125,0.098654466714837,0.9384765625,0.0009765625,0.0,0.5653202533721924
phase,competitive,11,300,6,runs/experiment_A1/calibration/phase_competitive/11/eval_300_6.npz,0.3620069622993469,1.0,0.1494140625,0.16783461601249555,0.9197265625,0.638671875,0.0,0.3620069622993469
phase,scan,11,300,6,runs/experiment_A1/calibration/phase_scan/11/eval_300_6.npz,0.6485683917999268,0.0380859375,0.1259765625,0.09620699438357178,0.9399088541666667,0.0,0.0,0.6485683917999268
phase,competitive,11,600,4,runs/experiment_A1/calibration/phase_competitive/11/eval_600_4.npz,0.3929106295108795,0.9775390625,0.1708984375,0.14345496891783321,0.8981119791666667,0.9052734375,0.0,0.3929106295108795
phase,scan,11,600,4,runs/experiment_A1/calibration/phase_scan/11/eval_600_4.npz,0.6416181325912476,0.02734375,0.0224609375,0.057768949637342776,0.9820963541666666,0.0009765625,0.0,0.6416181325912476
phase,competitive,11,600,6,runs/experiment_A1/calibration/phase_competitive/11/eval_600_6.npz,0.45739153027534485,0.7568359375,0.4287109375,0.14252101699889633,0.8380208333333333,0.7548828125,0.0,0.45739153027534485
phase,scan,11,600,6,runs/experiment_A1/calibration/phase_scan/11/eval_600_6.npz,0.7085436582565308,0.0009765625,0.00390625,0.05956704815016324,0.9820963541666667,0.0,0.0,0.7085436582565308
phase,competitive,11,900,4,runs/experiment_A1/calibration/phase_competitive/11/eval_900_4.npz,0.39089083671569824,0.9716796875,0.1796875,0.1432433178494182,0.8938802083333334,0.9072265625,0.0,0.39089083671569824
phase,scan,11,900,4,runs/experiment_A1/calibration/phase_scan/11/eval_900_4.npz,0.6709185242652893,0.0068359375,0.0224609375,0.04822419298045402,0.97900390625,0.0009765625,0.0,0.6709185242652893
phase,competitive,11,900,6,runs/experiment_A1/calibration/phase_competitive/11/eval_900_6.npz,0.46222221851348877,0.705078125,0.4677734375,0.143539955797019,0.8266276041666666,0.775390625,0.0,0.46222221851348877
phase,scan,11,900,6,runs/experiment_A1/calibration/phase_scan/11/eval_900_6.npz,0.7417653799057007,0.0,0.0,0.0524616650286349,0.9785807291666667,0.0,0.0,0.7417653799057007
phase,competitive,22,300,4,runs/experiment_A1/calibration/phase_competitive/22/eval_300_4.npz,0.312825471162796,1.0,0.00390625,0.16916311106730472,0.96875,0.841796875,0.0,0.312825471162796
phase,scan,22,300,4,runs/experiment_A1/calibration/phase_scan/22/eval_300_4.npz,0.572398841381073,0.2021484375,0.2099609375,0.09307622515638436,0.95068359375,0.0048828125,0.0,0.572398841381073
phase,competitive,22,300,6,runs/experiment_A1/calibration/phase_competitive/22/eval_300_6.npz,0.35372188687324524,1.0,0.0048828125,0.1668678000438227,0.9693359375000001,0.630859375,0.0,0.35372188687324524
phase,scan,22,300,6,runs/experiment_A1/calibration/phase_scan/22/eval_300_6.npz,0.6526737213134766,0.0380859375,0.1044921875,0.09511911361331851,0.9453776041666668,0.0,0.0,0.6526737213134766
phase,competitive,22,600,4,runs/experiment_A1/calibration/phase_competitive/22/eval_600_4.npz,0.3768913745880127,0.9970703125,0.0712890625,0.149062139794056,0.9451497395833334,0.888671875,0.0,0.3768913745880127
phase,scan,22,600,4,runs/experiment_A1/calibration/phase_scan/22/eval_600_4.npz,0.6524332761764526,0.015625,0.0390625,0.05731750631814764,0.97607421875,0.0009765625,0.0,0.6524332761764526
phase,competitive,22,600,6,runs/experiment_A1/calibration/phase_competitive/22/eval_600_6.npz,0.4388166069984436,0.8642578125,0.3251953125,0.14852521655822867,0.8678385416666666,0.6875,0.0,0.4388166069984436
phase,scan,22,600,6,runs/experiment_A1/calibration/phase_scan/22/eval_600_6.npz,0.7176810503005981,0.0,0.0009765625,0.061095188321921755,0.9764973958333334,0.0,0.0,0.7176810503005981
phase,competitive,22,900,4,runs/experiment_A1/calibration/phase_competitive/22/eval_900_4.npz,0.4107588529586792,0.9375,0.142578125,0.1358522494456577,0.9147135416666667,0.9169921875,0.0,0.4107588529586792
phase,scan,22,900,4,runs/experiment_A1/calibration/phase_scan/22/eval_900_4.npz,0.6683757305145264,0.0048828125,0.0205078125,0.047139943066043966,0.9816080729166667,0.0,0.0,0.6683757305145264
phase,competitive,22,900,6,runs/experiment_A1/calibration/phase_competitive/22/eval_900_6.npz,0.47732022404670715,0.607421875,0.474609375,0.13693635143888822,0.8258463541666666,0.7822265625,0.0,0.47732022404670715
phase,scan,22,900,6,runs/experiment_A1/calibration/phase_scan/22/eval_900_6.npz,0.7341126203536987,0.0,0.001953125,0.053093769930173056,0.9821614583333333,0.0,0.0,0.7341126203536987
phase,competitive,33,300,4,runs/experiment_A1/calibration/phase_competitive/33/eval_300_4.npz,0.2990567088127136,1.0,0.0,0.17563736690176415,0.9640299479166667,0.8017578125,0.0,0.2990567088127136
phase,scan,33,300,4,runs/experiment_A1/calibration/phase_scan/33/eval_300_4.npz,0.593902587890625,0.119140625,0.09375,0.08150421710921502,0.9690755208333334,0.0009765625,0.0,0.593902587890625
phase,competitive,33,300,6,runs/experiment_A1/calibration/phase_competitive/33/eval_300_6.npz,0.3491290211677551,1.0,0.00390625,0.17229842595021835,0.9646484375000002,0.587890625,0.0,0.3491290211677551
phase,scan,33,300,6,runs/experiment_A1/calibration/phase_scan/33/eval_300_6.npz,0.6739293336868286,0.015625,0.015625,0.08054909018336989,0.9617187500000002,0.0,0.0,0.6739293336868286
phase,competitive,33,600,4,runs/experiment_A1/calibration/phase_competitive/33/eval_600_4.npz,0.36643528938293457,0.9892578125,0.076171875,0.15307669450850178,0.94384765625,0.8974609375,0.0,0.36643528938293457
phase,scan,33,600,4,runs/experiment_A1/calibration/phase_scan/33/eval_600_4.npz,0.6377505660057068,0.0302734375,0.0341796875,0.05881350725614247,0.9791666666666667,0.0009765625,0.0,0.6377505660057068
phase,competitive,33,600,6,runs/experiment_A1/calibration/phase_competitive/33/eval_600_6.npz,0.42968273162841797,0.8515625,0.3017578125,0.1527110085647976,0.8781901041666667,0.7109375,0.0,0.42968273162841797
phase,scan,33,600,6,runs/experiment_A1/calibration/phase_scan/33/eval_600_6.npz,0.709771990776062,0.0009765625,0.005859375,0.06302565240449837,0.9769531250000001,0.0,0.0,0.709771990776062
phase,competitive,33,900,4,runs/experiment_A1/calibration/phase_competitive/33/eval_900_4.npz,0.363608181476593,0.998046875,0.0048828125,0.15161180162830162,0.9832356770833334,0.9140625,0.0,0.363608181476593
phase,scan,33,900,4,runs/experiment_A1/calibration/phase_scan/33/eval_900_4.npz,0.6704981923103333,0.0048828125,0.015625,0.04790548367394934,0.9791666666666667,0.0009765625,0.0,0.6704981923103333
phase,competitive,33,900,6,runs/experiment_A1/calibration/phase_competitive/33/eval_900_6.npz,0.42641139030456543,0.90625,0.080078125,0.15305016616946804,0.9583984375,0.796875,0.0,0.42641139030456543
phase,scan,33,900,6,runs/experiment_A1/calibration/phase_scan/33/eval_900_6.npz,0.7415816783905029,0.0,0.0009765625,0.05110479918442146,0.9813151041666667,0.0,0.0,0.7415816783905029
phase,competitive,44,300,4,runs/experiment_A1/calibration/phase_competitive/44/eval_300_4.npz,0.3070184290409088,1.0,0.072265625,0.23676435698980675,0.07633463541666666,0.791015625,0.0,0.3070184290409088
phase,scan,44,300,4,runs/experiment_A1/calibration/phase_scan/44/eval_300_4.npz,0.5678983330726624,0.1962890625,0.1259765625,0.09293512947626692,0.9596354166666667,0.0009765625,0.0,0.5678983330726624
phase,competitive,44,300,6,runs/experiment_A1/calibration/phase_competitive/44/eval_300_6.npz,0.3583478629589081,1.0,0.1416015625,0.24411958780998405,0.08209635416666666,0.591796875,0.0,0.3583478629589081
phase,scan,44,300,6,runs/experiment_A1/calibration/phase_scan/44/eval_300_6.npz,0.6558443307876587,0.029296875,0.0224609375,0.08741107486262904,0.9633463541666667,0.0,0.0,0.6558443307876587
phase,competitive,44,600,4,runs/experiment_A1/calibration/phase_competitive/44/eval_600_4.npz,0.38454797863960266,0.9765625,0.0556640625,0.24288657282236942,0.050455729166666664,0.869140625,0.0,0.38454797863960266
phase,scan,44,600,4,runs/experiment_A1/calibration/phase_scan/44/eval_600_4.npz,0.6383895874023438,0.0341796875,0.03515625,0.06040645742244569,0.9806315104166666,0.0,0.0,0.6383895874023438
phase,competitive,44,600,6,runs/experiment_A1/calibration/phase_competitive/44/eval_600_6.npz,0.44843220710754395,0.8125,0.2333984375,0.252666059173683,0.10299479166666667,0.67578125,0.0,0.44843220710754395
phase,scan,44,600,6,runs/experiment_A1/calibration/phase_scan/44/eval_600_6.npz,0.7129636406898499,0.0,0.0029296875,0.06163802064337312,0.9800130208333333,0.0,0.0,0.7129636406898499
phase,competitive,44,900,4,runs/experiment_A1/calibration/phase_competitive/44/eval_900_4.npz,0.34309929609298706,0.9990234375,0.001953125,0.24248137145096638,0.015462239583333332,0.916015625,0.0,0.34309929609298706
phase,scan,44,900,4,runs/experiment_A1/calibration/phase_scan/44/eval_900_4.npz,0.6662447452545166,0.0087890625,0.0078125,0.04751518027692239,0.9816080729166667,0.0,0.0,0.6662447452545166
phase,competitive,44,900,6,runs/experiment_A1/calibration/phase_competitive/44/eval_900_6.npz,0.4053676128387451,0.97265625,0.0107421875,0.25397960466993574,0.019791666666666666,0.77734375,0.0,0.4053676128387451
phase,scan,44,900,6,runs/experiment_A1/calibration/phase_scan/44/eval_900_6.npz,0.7388548851013184,0.0,0.0,0.050964768188991386,0.9842447916666668,0.0,0.0,0.7388548851013184
