representation,readout,seed,step,n,source,stratum,count,failures,failure_rate
priority,competitive,11,300,4,runs/experiment_A/priority_competitive/11/eval_300_4.npz,rank_incorrect,163,163,1.0
priority,competitive,11,300,4,runs/experiment_A/priority_competitive/11/eval_300_4.npz,rank_correct_metric_poor,671,0,0.0
priority,competitive,11,300,4,runs/experiment_A/priority_competitive/11/eval_300_4.npz,rank_correct_metric_good,190,0,0.0
priority,scan,11,300,4,runs/experiment_A1/calibration/priority_scan/11/eval_300_4.npz,rank_incorrect,252,252,1.0
priority,scan,11,300,4,runs/experiment_A1/calibration/priority_scan/11/eval_300_4.npz,rank_correct_metric_poor,601,601,1.0
priority,scan,11,300,4,runs/experiment_A1/calibration/priority_scan/11/eval_300_4.npz,rank_correct_metric_good,171,0,0.0
priority,competitive,11,300,6,runs/experiment_A/priority_competitive/11/eval_300_6.npz,rank_incorrect,391,391,1.0
priority,competitive,11,300,6,runs/experiment_A/priority_competitive/11/eval_300_6.npz,rank_correct_metric_poor,614,0,0.0
priority,competitive,11,300,6,runs/experiment_A/priority_competitive/11/eval_300_6.npz,rank_correct_metric_good,19,0,0.0
priority,scan,11,300,6,runs/experiment_A1/calibration/priority_scan/11/eval_300_6.npz,rank_incorrect,525,525,1.0
priority,scan,11,300,6,runs/experiment_A1/calibration/priority_scan/11/eval_300_6.npz,rank_correct_metric_poor,486,486,1.0
priority,scan,11,300,6,runs/experiment_A1/calibration/priority_scan/11/eval_300_6.npz,rank_correct_metric_good,13,0,0.0
priority,competitive,11,600,4,runs/experiment_A/priority_competitive/11/eval_600_4.npz,rank_incorrect,104,104,1.0
priority,competitive,11,600,4,runs/experiment_A/priority_competitive/11/eval_600_4.npz,rank_correct_metric_poor,728,0,0.0
priority,competitive,11,600,4,runs/experiment_A/priority_competitive/11/eval_600_4.npz,rank_correct_metric_good,192,0,0.0
priority,scan,11,600,4,runs/experiment_A1/calibration/priority_scan/11/eval_600_4.npz,rank_incorrect,188,188,1.0
priority,scan,11,600,4,runs/experiment_A1/calibration/priority_scan/11/eval_600_4.npz,rank_correct_metric_poor,656,656,1.0
priority,scan,11,600,4,runs/experiment_A1/calibration/priority_scan/11/eval_600_4.npz,rank_correct_metric_good,180,0,0.0
priority,competitive,11,600,6,runs/experiment_A/priority_competitive/11/eval_600_6.npz,rank_incorrect,247,247,1.0
priority,competitive,11,600,6,runs/experiment_A/priority_competitive/11/eval_600_6.npz,rank_correct_metric_poor,753,0,0.0
priority,competitive,11,600,6,runs/experiment_A/priority_competitive/11/eval_600_6.npz,rank_correct_metric_good,24,0,0.0
priority,scan,11,600,6,runs/experiment_A1/calibration/priority_scan/11/eval_600_6.npz,rank_incorrect,396,396,1.0
priority,scan,11,600,6,runs/experiment_A1/calibration/priority_scan/11/eval_600_6.npz,rank_correct_metric_poor,604,604,1.0
priority,scan,11,600,6,runs/experiment_A1/calibration/priority_scan/11/eval_600_6.npz,rank_correct_metric_good,24,0,0.0
priority,competitive,11,900,4,runs/experiment_A/priority_competitive/11/eval_900_4.npz,rank_incorrect,99,99,1.0
priority,competitive,11,900,4,runs/experiment_A/priority_competitive/11/eval_900_4.npz,rank_correct_metric_poor,732,0,0.0
priority,competitive,11,900,4,runs/experiment_A/priority_competitive/11/eval_900_4.npz,rank_correct_metric_good,193,0,0.0
priority,scan,11,900,4,runs/experiment_A1/calibration/priority_scan/11/eval_900_4.npz,rank_incorrect,116,116,1.0
priority,scan,11,900,4,runs/experiment_A1/calibration/priority_scan/11/eval_900_4.npz,rank_correct_metric_poor,531,531,1.0
priority,scan,11,900,4,runs/experiment_A1/calibration/priority_scan/11/eval_900_4.npz,rank_correct_metric_good,377,0,0.0
priority,competitive,11,900,6,runs/experiment_A/priority_competitive/11/eval_900_6.npz,rank_incorrect,227,227,1.0
priority,competitive,11,900,6,runs/experiment_A/priority_competitive/11/eval_900_6.npz,rank_correct_metric_poor,776,0,0.0
priority,competitive,11,900,6,runs/experiment_A/priority_competitive/11/eval_900_6.npz,rank_correct_metric_good,21,0,0.0
priority,scan,11,900,6,runs/experiment_A1/calibration/priority_scan/11/eval_900_6.npz,rank_incorrect,282,282,1.0
priority,scan,11,900,6,runs/experiment_A1/calibration/priority_scan/11/eval_900_6.npz,rank_correct_metric_poor,693,693,1.0
priority,scan,11,900,6,runs/experiment_A1/calibration/priority_scan/11/eval_900_6.npz,rank_correct_metric_good,49,0,0.0
priority,competitive,22,300,4,runs/experiment_A/priority_competitive/22/eval_300_4.npz,rank_incorrect,151,151,1.0
priority,competitive,22,300,4,runs/experiment_A/priority_competitive/22/eval_300_4.npz,rank_correct_metric_poor,670,0,0.0
priority,competitive,22,300,4,runs/experiment_A/priority_competitive/22/eval_300_4.npz,rank_correct_metric_good,203,0,0.0
priority,scan,22,300,4,runs/experiment_A1/calibration/priority_scan/22/eval_300_4.npz,rank_incorrect,239,239,1.0
priority,scan,22,300,4,runs/experiment_A1/calibration/priority_scan/22/eval_300_4.npz,rank_correct_metric_poor,597,597,1.0
priority,scan,22,300,4,runs/experiment_A1/calibration/priority_scan/22/eval_300_4.npz,rank_correct_metric_good,188,0,0.0
priority,competitive,22,300,6,runs/experiment_A/priority_competitive/22/eval_300_6.npz,rank_incorrect,328,328,1.0
priority,competitive,22,300,6,runs/experiment_A/priority_competitive/22/eval_300_6.npz,rank_correct_metric_poor,667,0,0.0
priority,competitive,22,300,6,runs/experiment_A/priority_competitive/22/eval_300_6.npz,rank_correct_metric_good,29,0,0.0
priority,scan,22,300,6,runs/experiment_A1/calibration/priority_scan/22/eval_300_6.npz,rank_incorrect,508,508,1.0
priority,scan,22,300,6,runs/experiment_A1/calibration/priority_scan/22/eval_300_6.npz,rank_correct_metric_poor,490,490,1.0
priority,scan,22,300,6,runs/experiment_A1/calibration/priority_scan/22/eval_300_6.npz,rank_correct_metric_good,26,0,0.0
priority,competitive,22,600,4,runs/experiment_A/priority_competitive/22/eval_600_4.npz,rank_incorrect,121,121,1.0
priority,competitive,22,600,4,runs/experiment_A/priority_competitive/22/eval_600_4.npz,rank_correct_metric_poor,706,0,0.0
priority,competitive,22,600,4,runs/experiment_A/priority_competitive/22/eval_600_4.npz,rank_correct_metric_good,197,0,0.0
priority,scan,22,600,4,runs/experiment_A1/calibration/priority_scan/22/eval_600_4.npz,rank_incorrect,162,162,1.0
priority,scan,22,600,4,runs/experiment_A1/calibration/priority_scan/22/eval_600_4.npz,rank_correct_metric_poor,690,690,1.0
priority,scan,22,600,4,runs/experiment_A1/calibration/priority_scan/22/eval_600_4.npz,rank_correct_metric_good,172,0,0.0
priority,competitive,22,600,6,runs/experiment_A/priority_competitive/22/eval_600_6.npz,rank_incorrect,274,274,1.0
priority,competitive,22,600,6,runs/experiment_A/priority_competitive/22/eval_600_6.npz,rank_correct_metric_poor,720,0,0.0
priority,competitive,22,600,6,runs/experiment_A/priority_competitive/22/eval_600_6.npz,rank_correct_metric_good,30,0,0.0
priority,scan,22,600,6,runs/experiment_A1/calibration/priority_scan/22/eval_600_6.npz,rank_incorrect,441,441,1.0
priority,scan,22,600,6,runs/experiment_A1/calibration/priority_scan/22/eval_600_6.npz,rank_correct_metric_poor,561,561,1.0
priority,scan,22,600,6,runs/experiment_A1/calibration/priority_scan/22/eval_600_6.npz,rank_correct_metric_good,22,0,0.0
priority,competitive,22,900,4,runs/experiment_A/priority_competitive/22/eval_900_4.npz,rank_incorrect,91,91,1.0
priority,competitive,22,900,4,runs/experiment_A/priority_competitive/22/eval_900_4.npz,rank_correct_metric_poor,732,0,0.0
priority,competitive,22,900,4,runs/experiment_A/priority_competitive/22/eval_900_4.npz,rank_correct_metric_good,201,0,0.0
priority,scan,22,900,4,runs/experiment_A1/calibration/priority_scan/22/eval_900_4.npz,rank_incorrect,123,123,1.0
priority,scan,22,900,4,runs/experiment_A1/calibration/priority_scan/22/eval_900_4.npz,rank_correct_metric_poor,695,695,1.0
priority,scan,22,900,4,runs/experiment_A1/calibration/priority_scan/22/eval_900_4.npz,rank_correct_metric_good,206,0,0.0
priority,competitive,22,900,6,runs/experiment_A/priority_competitive/22/eval_900_6.npz,rank_incorrect,210,210,1.0
priority,competitive,22,900,6,runs/experiment_A/priority_competitive/22/eval_900_6.npz,rank_correct_metric_poor,792,0,0.0
priority,competitive,22,900,6,runs/experiment_A/priority_competitive/22/eval_900_6.npz,rank_correct_metric_good,22,0,0.0
priority,scan,22,900,6,runs/experiment_A1/calibration/priority_scan/22/eval_900_6.npz,rank_incorrect,304,304,1.0
priority,scan,22,900,6,runs/experiment_A1/calibration/priority_scan/22/eval_900_6.npz,rank_correct_metric_poor,694,694,1.0
priority,scan,22,900,6,runs/experiment_A1/calibration/priority_scan/22/eval_900_6.npz,rank_correct_metric_good,26,0,0.0
priority,competitive,33,300,4,runs/experiment_A/priority_competitive/33/eval_300_4.npz,rank_incorrect,157,157,1.0
priority,competitive,33,300,4,runs/experiment_A/priority_competitive/33/eval_300_4.npz,rank_correct_metric_poor,680,0,0.0
priority,competitive,33,300,4,runs/experiment_A/priority_competitive/33/eval_300_4.npz,rank_correct_metric_good,187,0,0.0
priority,scan,33,300,4,runs/experiment_A1/calibration/priority_scan/33/eval_300_4.npz,rank_incorrect,282,282,1.0
priority,scan,33,300,4,runs/experiment_A1/calibration/priority_scan/33/eval_300_4.npz,rank_correct_metric_poor,563,563,1.0
priority,scan,33,300,4,runs/experiment_A1/calibration/priority_scan/33/eval_300_4.npz,rank_correct_metric_good,179,0,0.0
priority,competitive,33,300,6,runs/experiment_A/priority_competitive/33/eval_300_6.npz,rank_incorrect,378,378,1.0
priority,competitive,33,300,6,runs/experiment_A/priority_competitive/33/eval_300_6.npz,rank_correct_metric_poor,623,0,0.0
priority,competitive,33,300,6,runs/experiment_A/priority_competitive/33/eval_300_6.npz,rank_correct_metric_good,23,0,0.0
priority,scan,33,300,6,runs/experiment_A1/calibration/priority_scan/33/eval_300_6.npz,rank_incorrect,591,591,1.0
priority,scan,33,300,6,runs/experiment_A1/calibration/priority_scan/33/eval_300_6.npz,rank_correct_metric_poor,408,408,1.0
priority,scan,33,300,6,runs/experiment_A1/calibration/priority_scan/33/eval_300_6.npz,rank_correct_metric_good,25,0,0.0
priority,competitive,33,600,4,runs/experiment_A/priority_competitive/33/eval_600_4.npz,rank_incorrect,142,142,1.0
priority,competitive,33,600,4,runs/experiment_A/priority_competitive/33/eval_600_4.npz,rank_correct_metric_poor,675,0,0.0
priority,competitive,33,600,4,runs/experiment_A/priority_competitive/33/eval_600_4.npz,rank_correct_metric_good,207,0,0.0
priority,scan,33,600,4,runs/experiment_A1/calibration/priority_scan/33/eval_600_4.npz,rank_incorrect,192,192,1.0
priority,scan,33,600,4,runs/experiment_A1/calibration/priority_scan/33/eval_600_4.npz,rank_correct_metric_poor,650,650,1.0
priority,scan,33,600,4,runs/experiment_A1/calibration/priority_scan/33/eval_600_4.npz,rank_correct_metric_good,182,0,0.0
priority,competitive,33,600,6,runs/experiment_A/priority_competitive/33/eval_600_6.npz,rank_incorrect,304,304,1.0
priority,competitive,33,600,6,runs/experiment_A/priority_competitive/33/eval_600_6.npz,rank_correct_metric_poor,696,0,0.0
priority,competitive,33,600,6,runs/experiment_A/priority_competitive/33/eval_600_6.npz,rank_correct_metric_good,24,0,0.0
priority,scan,33,600,6,runs/experiment_A1/calibration/priority_scan/33/eval_600_6.npz,rank_incorrect,440,440,1.0
priority,scan,33,600,6,runs/experiment_A1/calibration/priority_scan/33/eval_600_6.npz,rank_correct_metric_poor,562,562,1.0
priority,scan,33,600,6,runs/experiment_A1/calibration/priority_scan/33/eval_600_6.npz,rank_correct_metric_good,22,0,0.0
priority,competitive,33,900,4,runs/experiment_A/priority_competitive/33/eval_900_4.npz,rank_incorrect,96,96,1.0
priority,competitive,33,900,4,runs/experiment_A/priority_competitive/33/eval_900_4.npz,rank_correct_metric_poor,733,0,0.0
priority,competitive,33,900,4,runs/experiment_A/priority_competitive/33/eval_900_4.npz,rank_correct_metric_good,195,0,0.0
priority,scan,33,900,4,runs/experiment_A1/calibration/priority_scan/33/eval_900_4.npz,rank_incorrect,169,169,1.0
priority,scan,33,900,4,runs/experiment_A1/calibration/priority_scan/33/eval_900_4.npz,rank_correct_metric_poor,680,680,1.0
priority,scan,33,900,4,runs/experiment_A1/calibration/priority_scan/33/eval_900_4.npz,rank_correct_metric_good,175,0,0.0
priority,competitive,33,900,6,runs/experiment_A/priority_competitive/33/eval_900_6.npz,rank_incorrect,211,211,1.0
priority,competitive,33,900,6,runs/experiment_A/priority_competitive/33/eval_900_6.npz,rank_correct_metric_poor,785,0,0.0
priority,competitive,33,900,6,runs/experiment_A/priority_competitive/33/eval_900_6.npz,rank_correct_metric_good,28,0,0.0
priority,scan,33,900,6,runs/experiment_A1/calibration/priority_scan/33/eval_900_6.npz,rank_incorrect,391,391,1.0
priority,scan,33,900,6,runs/experiment_A1/calibration/priority_scan/33/eval_900_6.npz,rank_correct_metric_poor,616,616,1.0
priority,scan,33,900,6,runs/experiment_A1/calibration/priority_scan/33/eval_900_6.npz,rank_correct_metric_good,17,0,0.0
priority,competitive,44,300,4,runs/experiment_A/priority_competitive/44/eval_300_4.npz,rank_incorrect,175,175,1.0
priority,competitive,44,300,4,runs/experiment_A/priority_competitive/44/eval_300_4.npz,rank_correct_metric_poor,678,0,0.0
priority,competitive,44,300,4,runs/experiment_A/priority_competitive/44/eval_300_4.npz,rank_correct_metric_good,171,0,0.0
priority,scan,44,300,4,runs/experiment_A1/calibration/priority_scan/44/eval_300_4.npz,rank_incorrect,252,252,1.0
priority,scan,44,300,4,runs/experiment_A1/calibration/priority_scan/44/eval_300_4.npz,rank_correct_metric_poor,603,603,1.0
priority,scan,44,300,4,runs/experiment_A1/calibration/priority_scan/44/eval_300_4.npz,rank_correct_metric_good,169,0,0.0
priority,competitive,44,300,6,runs/experiment_A/priority_competitive/44/eval_300_6.npz,rank_incorrect,376,376,1.0
priority,competitive,44,300,6,runs/experiment_A/priority_competitive/44/eval_300_6.npz,rank_correct_metric_poor,629,0,0.0
priority,competitive,44,300,6,runs/experiment_A/priority_competitive/44/eval_300_6.npz,rank_correct_metric_good,19,0,0.0
priority,scan,44,300,6,runs/experiment_A1/calibration/priority_scan/44/eval_300_6.npz,rank_incorrect,508,508,1.0
priority,scan,44,300,6,runs/experiment_A1/calibration/priority_scan/44/eval_300_6.npz,rank_correct_metric_poor,492,492,1.0
priority,scan,44,300,6,runs/experiment_A1/calibration/priority_scan/44/eval_300_6.npz,rank_correct_metric_good,24,0,0.0
priority,competitive,44,600,4,runs/experiment_A/priority_competitive/44/eval_600_4.npz,rank_incorrect,135,135,1.0
priority,competitive,44,600,4,runs/experiment_A/priority_competitive/44/eval_600_4.npz,rank_correct_metric_poor,689,0,0.0
priority,competitive,44,600,4,runs/experiment_A/priority_competitive/44/eval_600_4.npz,rank_correct_metric_good,200,0,0.0
priority,scan,44,600,4,runs/experiment_A1/calibration/priority_scan/44/eval_600_4.npz,rank_incorrect,170,170,1.0
priority,scan,44,600,4,runs/experiment_A1/calibration/priority_scan/44/eval_600_4.npz,rank_correct_metric_poor,665,665,1.0
priority,scan,44,600,4,runs/experiment_A1/calibration/priority_scan/44/eval_600_4.npz,rank_correct_metric_good,189,0,0.0
priority,competitive,44,600,6,runs/experiment_A/priority_competitive/44/eval_600_6.npz,rank_incorrect,282,282,1.0
priority,competitive,44,600,6,runs/experiment_A/priority_competitive/44/eval_600_6.npz,rank_correct_metric_poor,718,0,0.0
priority,competitive,44,600,6,runs/experiment_A/priority_competitive/44/eval_600_6.npz,rank_correct_metric_good,24,0,0.0
priority,scan,44,600,6,runs/experiment_A1/calibration/priority_scan/44/eval_600_6.npz,rank_incorrect,401,401,1.0
priority,scan,44,600,6,runs/experiment_A1/calibration/priority_scan/44/eval_600_6.npz,rank_correct_metric_poor,593,593,1.0
priority,scan,44,600,6,runs/experiment_A1/calibration/priority_scan/44/eval_600_6.npz,rank_correct_metric_good,30,0,0.0
priority,competitive,44,900,4,runs/experiment_A/priority_competitive/44/eval_900_4.npz,rank_incorrect,77,77,1.0
priority,competitive,44,900,4,runs/experiment_A/priority_competitive/44/eval_900_4.npz,rank_correct_metric_poor,763,0,0.0
priority,competitive,44,900,4,runs/experiment_A/priority_competitive/44/eval_900_4.npz,rank_correct_metric_good,184,0,0.0
priority,scan,44,900,4,runs/experiment_A1/calibration/priority_scan/44/eval_900_4.npz,rank_incorrect,150,150,1.0
priority,scan,44,900,4,runs/experiment_A1/calibration/priority_scan/44/eval_900_4.npz,rank_correct_metric_poor,436,436,1.0
priority,scan,44,900,4,runs/experiment_A1/calibration/priority_scan/44/eval_900_4.npz,rank_correct_metric_good,438,0,0.0
priority,competitive,44,900,6,runs/experiment_A/priority_competitive/44/eval_900_6.npz,rank_incorrect,185,185,1.0
priority,competitive,44,900,6,runs/experiment_A/priority_competitive/44/eval_900_6.npz,rank_correct_metric_poor,816,0,0.0
priority,competitive,44,900,6,runs/experiment_A/priority_competitive/44/eval_900_6.npz,rank_correct_metric_good,23,0,0.0
priority,scan,44,900,6,runs/experiment_A1/calibration/priority_scan/44/eval_900_6.npz,rank_incorrect,359,359,1.0
priority,scan,44,900,6,runs/experiment_A1/calibration/priority_scan/44/eval_900_6.npz,rank_correct_metric_poor,602,602,1.0
priority,scan,44,900,6,runs/experiment_A1/calibration/priority_scan/44/eval_900_6.npz,rank_correct_metric_good,63,0,0.0
position,competitive,11,300,4,runs/experiment_A/position_competitive/11/eval_300_4.npz,rank_incorrect,169,169,1.0
position,competitive,11,300,4,runs/experiment_A/position_competitive/11/eval_300_4.npz,rank_correct_metric_poor,700,0,0.0
position,competitive,11,300,4,runs/experiment_A/position_competitive/11/eval_300_4.npz,rank_correct_metric_good,155,0,0.0
position,scan,11,300,4,runs/experiment_A1/calibration/position_scan/11/eval_300_4.npz,rank_incorrect,175,175,1.0
position,scan,11,300,4,runs/experiment_A1/calibration/position_scan/11/eval_300_4.npz,rank_correct_metric_poor,677,677,1.0
position,scan,11,300,4,runs/experiment_A1/calibration/position_scan/11/eval_300_4.npz,rank_correct_metric_good,172,0,0.0
position,competitive,11,300,6,runs/experiment_A/position_competitive/11/eval_300_6.npz,rank_incorrect,423,423,1.0
position,competitive,11,300,6,runs/experiment_A/position_competitive/11/eval_300_6.npz,rank_correct_metric_poor,587,0,0.0
position,competitive,11,300,6,runs/experiment_A/position_competitive/11/eval_300_6.npz,rank_correct_metric_good,14,0,0.0
position,scan,11,300,6,runs/experiment_A1/calibration/position_scan/11/eval_300_6.npz,rank_incorrect,416,416,1.0
position,scan,11,300,6,runs/experiment_A1/calibration/position_scan/11/eval_300_6.npz,rank_correct_metric_poor,601,601,1.0
position,scan,11,300,6,runs/experiment_A1/calibration/position_scan/11/eval_300_6.npz,rank_correct_metric_good,7,0,0.0
position,competitive,11,600,4,runs/experiment_A/position_competitive/11/eval_600_4.npz,rank_incorrect,109,109,1.0
position,competitive,11,600,4,runs/experiment_A/position_competitive/11/eval_600_4.npz,rank_correct_metric_poor,719,0,0.0
position,competitive,11,600,4,runs/experiment_A/position_competitive/11/eval_600_4.npz,rank_correct_metric_good,196,0,0.0
position,scan,11,600,4,runs/experiment_A1/calibration/position_scan/11/eval_600_4.npz,rank_incorrect,130,130,1.0
position,scan,11,600,4,runs/experiment_A1/calibration/position_scan/11/eval_600_4.npz,rank_correct_metric_poor,504,504,1.0
position,scan,11,600,4,runs/experiment_A1/calibration/position_scan/11/eval_600_4.npz,rank_correct_metric_good,390,0,0.0
position,competitive,11,600,6,runs/experiment_A/position_competitive/11/eval_600_6.npz,rank_incorrect,280,280,1.0
position,competitive,11,600,6,runs/experiment_A/position_competitive/11/eval_600_6.npz,rank_correct_metric_poor,733,0,0.0
position,competitive,11,600,6,runs/experiment_A/position_competitive/11/eval_600_6.npz,rank_correct_metric_good,11,0,0.0
position,scan,11,600,6,runs/experiment_A1/calibration/position_scan/11/eval_600_6.npz,rank_incorrect,294,294,1.0
position,scan,11,600,6,runs/experiment_A1/calibration/position_scan/11/eval_600_6.npz,rank_correct_metric_poor,712,712,1.0
position,scan,11,600,6,runs/experiment_A1/calibration/position_scan/11/eval_600_6.npz,rank_correct_metric_good,18,0,0.0
position,competitive,11,900,4,runs/experiment_A/position_competitive/11/eval_900_4.npz,rank_incorrect,111,111,1.0
position,competitive,11,900,4,runs/experiment_A/position_competitive/11/eval_900_4.npz,rank_correct_metric_poor,542,0,0.0
position,competitive,11,900,4,runs/experiment_A/position_competitive/11/eval_900_4.npz,rank_correct_metric_good,371,0,0.0
position,scan,11,900,4,runs/experiment_A1/calibration/position_scan/11/eval_900_4.npz,rank_incorrect,133,133,1.0
position,scan,11,900,4,runs/experiment_A1/calibration/position_scan/11/eval_900_4.npz,rank_correct_metric_poor,369,369,1.0
position,scan,11,900,4,runs/experiment_A1/calibration/position_scan/11/eval_900_4.npz,rank_correct_metric_good,522,0,0.0
position,competitive,11,900,6,runs/experiment_A/position_competitive/11/eval_900_6.npz,rank_incorrect,291,291,1.0
position,competitive,11,900,6,runs/experiment_A/position_competitive/11/eval_900_6.npz,rank_correct_metric_poor,693,0,0.0
position,competitive,11,900,6,runs/experiment_A/position_competitive/11/eval_900_6.npz,rank_correct_metric_good,40,0,0.0
position,scan,11,900,6,runs/experiment_A1/calibration/position_scan/11/eval_900_6.npz,rank_incorrect,309,309,1.0
position,scan,11,900,6,runs/experiment_A1/calibration/position_scan/11/eval_900_6.npz,rank_correct_metric_poor,708,708,1.0
position,scan,11,900,6,runs/experiment_A1/calibration/position_scan/11/eval_900_6.npz,rank_correct_metric_good,7,0,0.0
position,competitive,22,300,4,runs/experiment_A/position_competitive/22/eval_300_4.npz,rank_incorrect,168,168,1.0
position,competitive,22,300,4,runs/experiment_A/position_competitive/22/eval_300_4.npz,rank_correct_metric_poor,770,0,0.0
position,competitive,22,300,4,runs/experiment_A/position_competitive/22/eval_300_4.npz,rank_correct_metric_good,86,0,0.0
position,scan,22,300,4,runs/experiment_A1/calibration/position_scan/22/eval_300_4.npz,rank_incorrect,209,209,1.0
position,scan,22,300,4,runs/experiment_A1/calibration/position_scan/22/eval_300_4.npz,rank_correct_metric_poor,512,512,1.0
position,scan,22,300,4,runs/experiment_A1/calibration/position_scan/22/eval_300_4.npz,rank_correct_metric_good,303,0,0.0
position,competitive,22,300,6,runs/experiment_A/position_competitive/22/eval_300_6.npz,rank_incorrect,403,403,1.0
position,competitive,22,300,6,runs/experiment_A/position_competitive/22/eval_300_6.npz,rank_correct_metric_poor,620,0,0.0
position,competitive,22,300,6,runs/experiment_A/position_competitive/22/eval_300_6.npz,rank_correct_metric_good,1,0,0.0
position,scan,22,300,6,runs/experiment_A1/calibration/position_scan/22/eval_300_6.npz,rank_incorrect,478,478,1.0
position,scan,22,300,6,runs/experiment_A1/calibration/position_scan/22/eval_300_6.npz,rank_correct_metric_poor,512,512,1.0
position,scan,22,300,6,runs/experiment_A1/calibration/position_scan/22/eval_300_6.npz,rank_correct_metric_good,34,0,0.0
position,competitive,22,600,4,runs/experiment_A/position_competitive/22/eval_600_4.npz,rank_incorrect,141,141,1.0
position,competitive,22,600,4,runs/experiment_A/position_competitive/22/eval_600_4.npz,rank_correct_metric_poor,698,0,0.0
position,competitive,22,600,4,runs/experiment_A/position_competitive/22/eval_600_4.npz,rank_correct_metric_good,185,0,0.0
position,scan,22,600,4,runs/experiment_A1/calibration/position_scan/22/eval_600_4.npz,rank_incorrect,162,162,1.0
position,scan,22,600,4,runs/experiment_A1/calibration/position_scan/22/eval_600_4.npz,rank_correct_metric_poor,436,436,1.0
position,scan,22,600,4,runs/experiment_A1/calibration/position_scan/22/eval_600_4.npz,rank_correct_metric_good,426,0,0.0
position,competitive,22,600,6,runs/experiment_A/position_competitive/22/eval_600_6.npz,rank_incorrect,323,323,1.0
position,competitive,22,600,6,runs/experiment_A/position_competitive/22/eval_600_6.npz,rank_correct_metric_poor,686,0,0.0
position,competitive,22,600,6,runs/experiment_A/position_competitive/22/eval_600_6.npz,rank_correct_metric_good,15,0,0.0
position,scan,22,600,6,runs/experiment_A1/calibration/position_scan/22/eval_600_6.npz,rank_incorrect,355,355,1.0
position,scan,22,600,6,runs/experiment_A1/calibration/position_scan/22/eval_600_6.npz,rank_correct_metric_poor,656,656,1.0
position,scan,22,600,6,runs/experiment_A1/calibration/position_scan/22/eval_600_6.npz,rank_correct_metric_good,13,0,0.0
position,competitive,22,900,4,runs/experiment_A/position_competitive/22/eval_900_4.npz,rank_incorrect,106,106,1.0
position,competitive,22,900,4,runs/experiment_A/position_competitive/22/eval_900_4.npz,rank_correct_metric_poor,742,0,0.0
position,competitive,22,900,4,runs/experiment_A/position_competitive/22/eval_900_4.npz,rank_correct_metric_good,176,0,0.0
position,scan,22,900,4,runs/experiment_A1/calibration/position_scan/22/eval_900_4.npz,rank_incorrect,115,115,1.0
position,scan,22,900,4,runs/experiment_A1/calibration/position_scan/22/eval_900_4.npz,rank_correct_metric_poor,350,350,1.0
position,scan,22,900,4,runs/experiment_A1/calibration/position_scan/22/eval_900_4.npz,rank_correct_metric_good,559,0,0.0
position,competitive,22,900,6,runs/experiment_A/position_competitive/22/eval_900_6.npz,rank_incorrect,287,287,1.0
position,competitive,22,900,6,runs/experiment_A/position_competitive/22/eval_900_6.npz,rank_correct_metric_poor,731,0,0.0
position,competitive,22,900,6,runs/experiment_A/position_competitive/22/eval_900_6.npz,rank_correct_metric_good,6,0,0.0
position,scan,22,900,6,runs/experiment_A1/calibration/position_scan/22/eval_900_6.npz,rank_incorrect,268,268,1.0
position,scan,22,900,6,runs/experiment_A1/calibration/position_scan/22/eval_900_6.npz,rank_correct_metric_poor,744,744,1.0
position,scan,22,900,6,runs/experiment_A1/calibration/position_scan/22/eval_900_6.npz,rank_correct_metric_good,12,0,0.0
position,competitive,33,300,4,runs/experiment_A/position_competitive/33/eval_300_4.npz,rank_incorrect,195,195,1.0
position,competitive,33,300,4,runs/experiment_A/position_competitive/33/eval_300_4.npz,rank_correct_metric_poor,688,0,0.0
position,competitive,33,300,4,runs/experiment_A/position_competitive/33/eval_300_4.npz,rank_correct_metric_good,141,0,0.0
position,scan,33,300,4,runs/experiment_A1/calibration/position_scan/33/eval_300_4.npz,rank_incorrect,191,191,1.0
position,scan,33,300,4,runs/experiment_A1/calibration/position_scan/33/eval_300_4.npz,rank_correct_metric_poor,490,490,1.0
position,scan,33,300,4,runs/experiment_A1/calibration/position_scan/33/eval_300_4.npz,rank_correct_metric_good,343,0,0.0
position,competitive,33,300,6,runs/experiment_A/position_competitive/33/eval_300_6.npz,rank_incorrect,432,432,1.0
position,competitive,33,300,6,runs/experiment_A/position_competitive/33/eval_300_6.npz,rank_correct_metric_poor,579,0,0.0
position,competitive,33,300,6,runs/experiment_A/position_competitive/33/eval_300_6.npz,rank_correct_metric_good,13,0,0.0
position,scan,33,300,6,runs/experiment_A1/calibration/position_scan/33/eval_300_6.npz,rank_incorrect,472,472,1.0
position,scan,33,300,6,runs/experiment_A1/calibration/position_scan/33/eval_300_6.npz,rank_correct_metric_poor,486,486,1.0
position,scan,33,300,6,runs/experiment_A1/calibration/position_scan/33/eval_300_6.npz,rank_correct_metric_good,66,0,0.0
position,competitive,33,600,4,runs/experiment_A/position_competitive/33/eval_600_4.npz,rank_incorrect,107,107,1.0
position,competitive,33,600,4,runs/experiment_A/position_competitive/33/eval_600_4.npz,rank_correct_metric_poor,778,0,0.0
position,competitive,33,600,4,runs/experiment_A/position_competitive/33/eval_600_4.npz,rank_correct_metric_good,139,0,0.0
position,scan,33,600,4,runs/experiment_A1/calibration/position_scan/33/eval_600_4.npz,rank_incorrect,127,127,1.0
position,scan,33,600,4,runs/experiment_A1/calibration/position_scan/33/eval_600_4.npz,rank_correct_metric_poor,436,436,1.0
position,scan,33,600,4,runs/experiment_A1/calibration/position_scan/33/eval_600_4.npz,rank_correct_metric_good,461,0,0.0
position,competitive,33,600,6,runs/experiment_A/position_competitive/33/eval_600_6.npz,rank_incorrect,279,279,1.0
position,competitive,33,600,6,runs/experiment_A/position_competitive/33/eval_600_6.npz,rank_correct_metric_poor,729,0,0.0
position,competitive,33,600,6,runs/experiment_A/position_competitive/33/eval_600_6.npz,rank_correct_metric_good,16,0,0.0
position,scan,33,600,6,runs/experiment_A1/calibration/position_scan/33/eval_600_6.npz,rank_incorrect,337,337,1.0
position,scan,33,600,6,runs/experiment_A1/calibration/position_scan/33/eval_600_6.npz,rank_correct_metric_poor,631,631,1.0
position,scan,33,600,6,runs/experiment_A1/calibration/position_scan/33/eval_600_6.npz,rank_correct_metric_good,56,0,0.0
position,competitive,33,900,4,runs/experiment_A/position_competitive/33/eval_900_4.npz,rank_incorrect,104,104,1.0
position,competitive,33,900,4,runs/experiment_A/position_competitive/33/eval_900_4.npz,rank_correct_metric_poor,634,0,0.0
position,competitive,33,900,4,runs/experiment_A/position_competitive/33/eval_900_4.npz,rank_correct_metric_good,286,0,0.0
position,scan,33,900,4,runs/experiment_A1/calibration/position_scan/33/eval_900_4.npz,rank_incorrect,109,109,1.0
position,scan,33,900,4,runs/experiment_A1/calibration/position_scan/33/eval_900_4.npz,rank_correct_metric_poor,531,531,1.0
position,scan,33,900,4,runs/experiment_A1/calibration/position_scan/33/eval_900_4.npz,rank_correct_metric_good,384,0,0.0
position,competitive,33,900,6,runs/experiment_A/position_competitive/33/eval_900_6.npz,rank_incorrect,214,214,1.0
position,competitive,33,900,6,runs/experiment_A/position_competitive/33/eval_900_6.npz,rank_correct_metric_poor,773,0,0.0
position,competitive,33,900,6,runs/experiment_A/position_competitive/33/eval_900_6.npz,rank_correct_metric_good,37,0,0.0
position,scan,33,900,6,runs/experiment_A1/calibration/position_scan/33/eval_900_6.npz,rank_incorrect,231,231,1.0
position,scan,33,900,6,runs/experiment_A1/calibration/position_scan/33/eval_900_6.npz,rank_correct_metric_poor,793,793,1.0
position,scan,33,900,6,runs/experiment_A1/calibration/position_scan/33/eval_900_6.npz,rank_correct_metric_good,0,0,
position,competitive,44,300,4,runs/experiment_A/position_competitive/44/eval_300_4.npz,rank_incorrect,207,207,1.0
position,competitive,44,300,4,runs/experiment_A/position_competitive/44/eval_300_4.npz,rank_correct_metric_poor,663,0,0.0
position,competitive,44,300,4,runs/experiment_A/position_competitive/44/eval_300_4.npz,rank_correct_metric_good,154,0,0.0
position,scan,44,300,4,runs/experiment_A1/calibration/position_scan/44/eval_300_4.npz,rank_incorrect,245,245,1.0
position,scan,44,300,4,runs/experiment_A1/calibration/position_scan/44/eval_300_4.npz,rank_correct_metric_poor,592,592,1.0
position,scan,44,300,4,runs/experiment_A1/calibration/position_scan/44/eval_300_4.npz,rank_correct_metric_good,187,0,0.0
position,competitive,44,300,6,runs/experiment_A/position_competitive/44/eval_300_6.npz,rank_incorrect,399,399,1.0
position,competitive,44,300,6,runs/experiment_A/position_competitive/44/eval_300_6.npz,rank_correct_metric_poor,607,0,0.0
position,competitive,44,300,6,runs/experiment_A/position_competitive/44/eval_300_6.npz,rank_correct_metric_good,18,0,0.0
position,scan,44,300,6,runs/experiment_A1/calibration/position_scan/44/eval_300_6.npz,rank_incorrect,474,474,1.0
position,scan,44,300,6,runs/experiment_A1/calibration/position_scan/44/eval_300_6.npz,rank_correct_metric_poor,539,539,1.0
position,scan,44,300,6,runs/experiment_A1/calibration/position_scan/44/eval_300_6.npz,rank_correct_metric_good,11,0,0.0
position,competitive,44,600,4,runs/experiment_A/position_competitive/44/eval_600_4.npz,rank_incorrect,164,164,1.0
position,competitive,44,600,4,runs/experiment_A/position_competitive/44/eval_600_4.npz,rank_correct_metric_poor,733,0,0.0
position,competitive,44,600,4,runs/experiment_A/position_competitive/44/eval_600_4.npz,rank_correct_metric_good,127,0,0.0
position,scan,44,600,4,runs/experiment_A1/calibration/position_scan/44/eval_600_4.npz,rank_incorrect,177,177,1.0
position,scan,44,600,4,runs/experiment_A1/calibration/position_scan/44/eval_600_4.npz,rank_correct_metric_poor,539,539,1.0
position,scan,44,600,4,runs/experiment_A1/calibration/position_scan/44/eval_600_4.npz,rank_correct_metric_good,308,0,0.0
position,competitive,44,600,6,runs/experiment_A/position_competitive/44/eval_600_6.npz,rank_incorrect,339,339,1.0
position,competitive,44,600,6,runs/experiment_A/position_competitive/44/eval_600_6.npz,rank_correct_metric_poor,672,0,0.0
position,competitive,44,600,6,runs/experiment_A/position_competitive/44/eval_600_6.npz,rank_correct_metric_good,13,0,0.0
position,scan,44,600,6,runs/experiment_A1/calibration/position_scan/44/eval_600_6.npz,rank_incorrect,408,408,1.0
position,scan,44,600,6,runs/experiment_A1/calibration/position_scan/44/eval_600_6.npz,rank_correct_metric_poor,609,609,1.0
position,scan,44,600,6,runs/experiment_A1/calibration/position_scan/44/eval_600_6.npz,rank_correct_metric_good,7,0,0.0
position,competitive,44,900,4,runs/experiment_A/position_competitive/44/eval_900_4.npz,rank_incorrect,118,118,1.0
position,competitive,44,900,4,runs/experiment_A/position_competitive/44/eval_900_4.npz,rank_correct_metric_poor,641,0,0.0
position,competitive,44,900,4,runs/experiment_A/position_competitive/44/eval_900_4.npz,rank_correct_metric_good,265,0,0.0
position,scan,44,900,4,runs/experiment_A1/calibration/position_scan/44/eval_900_4.npz,rank_incorrect,103,103,1.0
position,scan,44,900,4,runs/experiment_A1/calibration/position_scan/44/eval_900_4.npz,rank_correct_metric_poor,429,429,1.0
position,scan,44,900,4,runs/experiment_A1/calibration/position_scan/44/eval_900_4.npz,rank_correct_metric_good,492,0,0.0
position,competitive,44,900,6,runs/experiment_A/position_competitive/44/eval_900_6.npz,rank_incorrect,287,287,1.0
position,competitive,44,900,6,runs/experiment_A/position_competitive/44/eval_900_6.npz,rank_correct_metric_poor,706,0,0.0
position,competitive,44,900,6,runs/experiment_A/position_competitive/44/eval_900_6.npz,rank_correct_metric_good,31,0,0.0
position,scan,44,900,6,runs/experiment_A1/calibration/position_scan/44/eval_900_6.npz,rank_incorrect,244,244,1.0
position,scan,44,900,6,runs/experiment_A1/calibration/position_scan/44/eval_900_6.npz,rank_correct_metric_poor,771,771,1.0
position,scan,44,900,6,runs/experiment_A1/calibration/position_scan/44/eval_900_6.npz,rank_correct_metric_good,9,0,0.0
phase,competitive,11,300,4,runs/experiment_A1/calibration/phase_competitive/11/eval_300_4.npz,rank_incorrect,160,160,1.0
phase,competitive,11,300,4,runs/experiment_A1/calibration/phase_competitive/11/eval_300_4.npz,rank_correct_metric_poor,864,0,0.0
phase,competitive,11,300,4,runs/experiment_A1/calibration/phase_competitive/11/eval_300_4.npz,rank_correct_metric_good,0,0,
phase,scan,11,300,4,runs/experiment_A1/calibration/phase_scan/11/eval_300_4.npz,rank_incorrect,268,268,1.0
phase,scan,11,300,4,runs/experiment_A1/calibration/phase_scan/11/eval_300_4.npz,rank_correct_metric_poor,524,524,1.0
phase,scan,11,300,4,runs/experiment_A1/calibration/phase_scan/11/eval_300_4.npz,rank_correct_metric_good,232,0,0.0
phase,competitive,11,300,6,runs/experiment_A1/calibration/phase_competitive/11/eval_300_6.npz,rank_incorrect,370,370,1.0
phase,competitive,11,300,6,runs/experiment_A1/calibration/phase_competitive/11/eval_300_6.npz,rank_correct_metric_poor,654,0,0.0
phase,competitive,11,300,6,runs/experiment_A1/calibration/phase_competitive/11/eval_300_6.npz,rank_correct_metric_good,0,0,
phase,scan,11,300,6,runs/experiment_A1/calibration/phase_scan/11/eval_300_6.npz,rank_incorrect,502,502,1.0
phase,scan,11,300,6,runs/experiment_A1/calibration/phase_scan/11/eval_300_6.npz,rank_correct_metric_poor,501,501,1.0
phase,scan,11,300,6,runs/experiment_A1/calibration/phase_scan/11/eval_300_6.npz,rank_correct_metric_good,21,0,0.0
phase,competitive,11,600,4,runs/experiment_A1/calibration/phase_competitive/11/eval_600_4.npz,rank_incorrect,97,97,1.0
phase,competitive,11,600,4,runs/experiment_A1/calibration/phase_competitive/11/eval_600_4.npz,rank_correct_metric_poor,927,0,0.0
phase,competitive,11,600,4,runs/experiment_A1/calibration/phase_competitive/11/eval_600_4.npz,rank_correct_metric_good,0,0,
phase,scan,11,600,4,runs/experiment_A1/calibration/phase_scan/11/eval_600_4.npz,rank_incorrect,106,106,1.0
phase,scan,11,600,4,runs/experiment_A1/calibration/phase_scan/11/eval_600_4.npz,rank_correct_metric_poor,260,260,1.0
phase,scan,11,600,4,runs/experiment_A1/calibration/phase_scan/11/eval_600_4.npz,rank_correct_metric_good,658,0,0.0
phase,competitive,11,600,6,runs/experiment_A1/calibration/phase_competitive/11/eval_600_6.npz,rank_incorrect,251,251,1.0
phase,competitive,11,600,6,runs/experiment_A1/calibration/phase_competitive/11/eval_600_6.npz,rank_correct_metric_poor,773,0,0.0
phase,competitive,11,600,6,runs/experiment_A1/calibration/phase_competitive/11/eval_600_6.npz,rank_correct_metric_good,0,0,
phase,scan,11,600,6,runs/experiment_A1/calibration/phase_scan/11/eval_600_6.npz,rank_incorrect,249,249,1.0
phase,scan,11,600,6,runs/experiment_A1/calibration/phase_scan/11/eval_600_6.npz,rank_correct_metric_poor,640,640,1.0
phase,scan,11,600,6,runs/experiment_A1/calibration/phase_scan/11/eval_600_6.npz,rank_correct_metric_good,135,0,0.0
phase,competitive,11,900,4,runs/experiment_A1/calibration/phase_competitive/11/eval_900_4.npz,rank_incorrect,95,95,1.0
phase,competitive,11,900,4,runs/experiment_A1/calibration/phase_competitive/11/eval_900_4.npz,rank_correct_metric_poor,929,0,0.0
phase,competitive,11,900,4,runs/experiment_A1/calibration/phase_competitive/11/eval_900_4.npz,rank_correct_metric_good,0,0,
phase,scan,11,900,4,runs/experiment_A1/calibration/phase_scan/11/eval_900_4.npz,rank_incorrect,119,119,1.0
phase,scan,11,900,4,runs/experiment_A1/calibration/phase_scan/11/eval_900_4.npz,rank_correct_metric_poor,156,156,1.0
phase,scan,11,900,4,runs/experiment_A1/calibration/phase_scan/11/eval_900_4.npz,rank_correct_metric_good,749,0,0.0
phase,competitive,11,900,6,runs/experiment_A1/calibration/phase_competitive/11/eval_900_6.npz,rank_incorrect,230,230,1.0
phase,competitive,11,900,6,runs/experiment_A1/calibration/phase_competitive/11/eval_900_6.npz,rank_correct_metric_poor,794,0,0.0
phase,competitive,11,900,6,runs/experiment_A1/calibration/phase_competitive/11/eval_900_6.npz,rank_correct_metric_good,0,0,
phase,scan,11,900,6,runs/experiment_A1/calibration/phase_scan/11/eval_900_6.npz,rank_incorrect,290,290,1.0
phase,scan,11,900,6,runs/experiment_A1/calibration/phase_scan/11/eval_900_6.npz,rank_correct_metric_poor,509,509,1.0
phase,scan,11,900,6,runs/experiment_A1/calibration/phase_scan/11/eval_900_6.npz,rank_correct_metric_good,225,0,0.0
phase,competitive,22,300,4,runs/experiment_A1/calibration/phase_competitive/22/eval_300_4.npz,rank_incorrect,162,162,1.0
phase,competitive,22,300,4,runs/experiment_A1/calibration/phase_competitive/22/eval_300_4.npz,rank_correct_metric_poor,862,0,0.0
phase,competitive,22,300,4,runs/experiment_A1/calibration/phase_competitive/22/eval_300_4.npz,rank_correct_metric_good,0,0,
phase,scan,22,300,4,runs/experiment_A1/calibration/phase_scan/22/eval_300_4.npz,rank_incorrect,252,252,1.0
phase,scan,22,300,4,runs/experiment_A1/calibration/phase_scan/22/eval_300_4.npz,rank_correct_metric_poor,560,560,1.0
phase,scan,22,300,4,runs/experiment_A1/calibration/phase_scan/22/eval_300_4.npz,rank_correct_metric_good,212,0,0.0
phase,competitive,22,300,6,runs/experiment_A1/calibration/phase_competitive/22/eval_300_6.npz,rank_incorrect,378,378,1.0
phase,competitive,22,300,6,runs/experiment_A1/calibration/phase_competitive/22/eval_300_6.npz,rank_correct_metric_poor,646,0,0.0
phase,competitive,22,300,6,runs/experiment_A1/calibration/phase_competitive/22/eval_300_6.npz,rank_correct_metric_good,0,0,
phase,scan,22,300,6,runs/experiment_A1/calibration/phase_scan/22/eval_300_6.npz,rank_incorrect,547,547,1.0
phase,scan,22,300,6,runs/experiment_A1/calibration/phase_scan/22/eval_300_6.npz,rank_correct_metric_poor,464,464,1.0
phase,scan,22,300,6,runs/experiment_A1/calibration/phase_scan/22/eval_300_6.npz,rank_correct_metric_good,13,0,0.0
phase,competitive,22,600,4,runs/experiment_A1/calibration/phase_competitive/22/eval_600_4.npz,rank_incorrect,114,114,1.0
phase,competitive,22,600,4,runs/experiment_A1/calibration/phase_competitive/22/eval_600_4.npz,rank_correct_metric_poor,910,0,0.0
phase,competitive,22,600,4,runs/experiment_A1/calibration/phase_competitive/22/eval_600_4.npz,rank_correct_metric_good,0,0,
phase,scan,22,600,4,runs/experiment_A1/calibration/phase_scan/22/eval_600_4.npz,rank_incorrect,143,143,1.0
phase,scan,22,600,4,runs/experiment_A1/calibration/phase_scan/22/eval_600_4.npz,rank_correct_metric_poor,218,218,1.0
phase,scan,22,600,4,runs/experiment_A1/calibration/phase_scan/22/eval_600_4.npz,rank_correct_metric_good,663,0,0.0
phase,competitive,22,600,6,runs/experiment_A1/calibration/phase_competitive/22/eval_600_6.npz,rank_incorrect,320,320,1.0
phase,competitive,22,600,6,runs/experiment_A1/calibration/phase_competitive/22/eval_600_6.npz,rank_correct_metric_poor,704,0,0.0
phase,competitive,22,600,6,runs/experiment_A1/calibration/phase_competitive/22/eval_600_6.npz,rank_correct_metric_good,0,0,
phase,scan,22,600,6,runs/experiment_A1/calibration/phase_scan/22/eval_600_6.npz,rank_incorrect,310,310,1.0
phase,scan,22,600,6,runs/experiment_A1/calibration/phase_scan/22/eval_600_6.npz,rank_correct_metric_poor,604,604,1.0
phase,scan,22,600,6,runs/experiment_A1/calibration/phase_scan/22/eval_600_6.npz,rank_correct_metric_good,110,0,0.0
phase,competitive,22,900,4,runs/experiment_A1/calibration/phase_competitive/22/eval_900_4.npz,rank_incorrect,85,85,1.0
phase,competitive,22,900,4,runs/experiment_A1/calibration/phase_competitive/22/eval_900_4.npz,rank_correct_metric_poor,939,0,0.0
phase,competitive,22,900,4,runs/experiment_A1/calibration/phase_competitive/22/eval_900_4.npz,rank_correct_metric_good,0,0,
phase,scan,22,900,4,runs/experiment_A1/calibration/phase_scan/22/eval_900_4.npz,rank_incorrect,110,110,1.0
phase,scan,22,900,4,runs/experiment_A1/calibration/phase_scan/22/eval_900_4.npz,rank_correct_metric_poor,157,157,1.0
phase,scan,22,900,4,runs/experiment_A1/calibration/phase_scan/22/eval_900_4.npz,rank_correct_metric_good,757,0,0.0
phase,competitive,22,900,6,runs/experiment_A1/calibration/phase_competitive/22/eval_900_6.npz,rank_incorrect,223,223,1.0
phase,competitive,22,900,6,runs/experiment_A1/calibration/phase_competitive/22/eval_900_6.npz,rank_correct_metric_poor,801,0,0.0
phase,competitive,22,900,6,runs/experiment_A1/calibration/phase_competitive/22/eval_900_6.npz,rank_correct_metric_good,0,0,
phase,scan,22,900,6,runs/experiment_A1/calibration/phase_scan/22/eval_900_6.npz,rank_incorrect,240,240,1.0
phase,scan,22,900,6,runs/experiment_A1/calibration/phase_scan/22/eval_900_6.npz,rank_correct_metric_poor,678,678,1.0
phase,scan,22,900,6,runs/experiment_A1/calibration/phase_scan/22/eval_900_6.npz,rank_correct_metric_good,106,0,0.0
phase,competitive,33,300,4,runs/experiment_A1/calibration/phase_competitive/33/eval_300_4.npz,rank_incorrect,203,203,1.0
phase,competitive,33,300,4,runs/experiment_A1/calibration/phase_competitive/33/eval_300_4.npz,rank_correct_metric_poor,821,0,0.0
phase,competitive,33,300,4,runs/experiment_A1/calibration/phase_competitive/33/eval_300_4.npz,rank_correct_metric_good,0,0,
phase,scan,33,300,4,runs/experiment_A1/calibration/phase_scan/33/eval_300_4.npz,rank_incorrect,175,175,1.0
phase,scan,33,300,4,runs/experiment_A1/calibration/phase_scan/33/eval_300_4.npz,rank_correct_metric_poor,580,580,1.0
phase,scan,33,300,4,runs/experiment_A1/calibration/phase_scan/33/eval_300_4.npz,rank_correct_metric_good,269,0,0.0
phase,competitive,33,300,6,runs/experiment_A1/calibration/phase_competitive/33/eval_300_6.npz,rank_incorrect,422,422,1.0
phase,competitive,33,300,6,runs/experiment_A1/calibration/phase_competitive/33/eval_300_6.npz,rank_correct_metric_poor,602,0,0.0
phase,competitive,33,300,6,runs/experiment_A1/calibration/phase_competitive/33/eval_300_6.npz,rank_correct_metric_good,0,0,
phase,scan,33,300,6,runs/experiment_A1/calibration/phase_scan/33/eval_300_6.npz,rank_incorrect,468,468,1.0
phase,scan,33,300,6,runs/experiment_A1/calibration/phase_scan/33/eval_300_6.npz,rank_correct_metric_poor,540,540,1.0
phase,scan,33,300,6,runs/experiment_A1/calibration/phase_scan/33/eval_300_6.npz,rank_correct_metric_good,16,0,0.0
phase,competitive,33,600,4,runs/experiment_A1/calibration/phase_competitive/33/eval_600_4.npz,rank_incorrect,105,105,1.0
phase,competitive,33,600,4,runs/experiment_A1/calibration/phase_competitive/33/eval_600_4.npz,rank_correct_metric_poor,919,0,0.0
phase,competitive,33,600,4,runs/experiment_A1/calibration/phase_competitive/33/eval_600_4.npz,rank_correct_metric_good,0,0,
phase,scan,33,600,4,runs/experiment_A1/calibration/phase_scan/33/eval_600_4.npz,rank_incorrect,120,120,1.0
phase,scan,33,600,4,runs/experiment_A1/calibration/phase_scan/33/eval_600_4.npz,rank_correct_metric_poor,356,356,1.0
phase,scan,33,600,4,runs/experiment_A1/calibration/phase_scan/33/eval_600_4.npz,rank_correct_metric_good,548,0,0.0
phase,competitive,33,600,6,runs/experiment_A1/calibration/phase_competitive/33/eval_600_6.npz,rank_incorrect,296,296,1.0
phase,competitive,33,600,6,runs/experiment_A1/calibration/phase_competitive/33/eval_600_6.npz,rank_correct_metric_poor,728,0,0.0
phase,competitive,33,600,6,runs/experiment_A1/calibration/phase_competitive/33/eval_600_6.npz,rank_correct_metric_good,0,0,
phase,scan,33,600,6,runs/experiment_A1/calibration/phase_scan/33/eval_600_6.npz,rank_incorrect,302,302,1.0
phase,scan,33,600,6,runs/experiment_A1/calibration/phase_scan/33/eval_600_6.npz,rank_correct_metric_poor,688,688,1.0
phase,scan,33,600,6,runs/experiment_A1/calibration/phase_scan/33/eval_600_6.npz,rank_correct_metric_good,34,0,0.0
phase,competitive,33,900,4,runs/experiment_A1/calibration/phase_competitive/33/eval_900_4.npz,rank_incorrect,88,88,1.0
phase,competitive,33,900,4,runs/experiment_A1/calibration/phase_competitive/33/eval_900_4.npz,rank_correct_metric_poor,936,0,0.0
phase,competitive,33,900,4,runs/experiment_A1/calibration/phase_competitive/33/eval_900_4.npz,rank_correct_metric_good,0,0,
phase,scan,33,900,4,runs/experiment_A1/calibration/phase_scan/33/eval_900_4.npz,rank_incorrect,123,123,1.0
phase,scan,33,900,4,runs/experiment_A1/calibration/phase_scan/33/eval_900_4.npz,rank_correct_metric_poor,140,140,1.0
phase,scan,33,900,4,runs/experiment_A1/calibration/phase_scan/33/eval_900_4.npz,rank_correct_metric_good,761,0,0.0
phase,competitive,33,900,6,runs/experiment_A1/calibration/phase_competitive/33/eval_900_6.npz,rank_incorrect,208,208,1.0
phase,competitive,33,900,6,runs/experiment_A1/calibration/phase_competitive/33/eval_900_6.npz,rank_correct_metric_poor,816,0,0.0
phase,competitive,33,900,6,runs/experiment_A1/calibration/phase_competitive/33/eval_900_6.npz,rank_correct_metric_good,0,0,
phase,scan,33,900,6,runs/experiment_A1/calibration/phase_scan/33/eval_900_6.npz,rank_incorrect,247,247,1.0
phase,scan,33,900,6,runs/experiment_A1/calibration/phase_scan/33/eval_900_6.npz,rank_correct_metric_poor,537,537,1.0
phase,scan,33,900,6,runs/experiment_A1/calibration/phase_scan/33/eval_900_6.npz,rank_correct_metric_good,240,0,0.0
phase,competitive,44,300,4,runs/experiment_A1/calibration/phase_competitive/44/eval_300_4.npz,rank_incorrect,214,214,1.0
phase,competitive,44,300,4,runs/experiment_A1/calibration/phase_competitive/44/eval_300_4.npz,rank_correct_metric_poor,810,0,0.0
phase,competitive,44,300,4,runs/experiment_A1/calibration/phase_competitive/44/eval_300_4.npz,rank_correct_metric_good,0,0,
phase,scan,44,300,4,runs/experiment_A1/calibration/phase_scan/44/eval_300_4.npz,rank_incorrect,228,228,1.0
phase,scan,44,300,4,runs/experiment_A1/calibration/phase_scan/44/eval_300_4.npz,rank_correct_metric_poor,645,645,1.0
phase,scan,44,300,4,runs/experiment_A1/calibration/phase_scan/44/eval_300_4.npz,rank_correct_metric_good,151,0,0.0
phase,competitive,44,300,6,runs/experiment_A1/calibration/phase_competitive/44/eval_300_6.npz,rank_incorrect,418,418,1.0
phase,competitive,44,300,6,runs/experiment_A1/calibration/phase_competitive/44/eval_300_6.npz,rank_correct_metric_poor,606,0,0.0
phase,competitive,44,300,6,runs/experiment_A1/calibration/phase_competitive/44/eval_300_6.npz,rank_correct_metric_good,0,0,
phase,scan,44,300,6,runs/experiment_A1/calibration/phase_scan/44/eval_300_6.npz,rank_incorrect,454,454,1.0
phase,scan,44,300,6,runs/experiment_A1/calibration/phase_scan/44/eval_300_6.npz,rank_correct_metric_poor,561,561,1.0
phase,scan,44,300,6,runs/experiment_A1/calibration/phase_scan/44/eval_300_6.npz,rank_correct_metric_good,9,0,0.0
phase,competitive,44,600,4,runs/experiment_A1/calibration/phase_competitive/44/eval_600_4.npz,rank_incorrect,134,134,1.0
phase,competitive,44,600,4,runs/experiment_A1/calibration/phase_competitive/44/eval_600_4.npz,rank_correct_metric_poor,890,0,0.0
phase,competitive,44,600,4,runs/experiment_A1/calibration/phase_competitive/44/eval_600_4.npz,rank_correct_metric_good,0,0,
phase,scan,44,600,4,runs/experiment_A1/calibration/phase_scan/44/eval_600_4.npz,rank_incorrect,116,116,1.0
phase,scan,44,600,4,runs/experiment_A1/calibration/phase_scan/44/eval_600_4.npz,rank_correct_metric_poor,353,353,1.0
phase,scan,44,600,4,runs/experiment_A1/calibration/phase_scan/44/eval_600_4.npz,rank_correct_metric_good,555,0,0.0
phase,competitive,44,600,6,runs/experiment_A1/calibration/phase_competitive/44/eval_600_6.npz,rank_incorrect,332,332,1.0
phase,competitive,44,600,6,runs/experiment_A1/calibration/phase_competitive/44/eval_600_6.npz,rank_correct_metric_poor,692,0,0.0
phase,competitive,44,600,6,runs/experiment_A1/calibration/phase_competitive/44/eval_600_6.npz,rank_correct_metric_good,0,0,
phase,scan,44,600,6,runs/experiment_A1/calibration/phase_scan/44/eval_600_6.npz,rank_incorrect,273,273,1.0
phase,scan,44,600,6,runs/experiment_A1/calibration/phase_scan/44/eval_600_6.npz,rank_correct_metric_poor,694,694,1.0
phase,scan,44,600,6,runs/experiment_A1/calibration/phase_scan/44/eval_600_6.npz,rank_correct_metric_good,57,0,0.0
phase,competitive,44,900,4,runs/experiment_A1/calibration/phase_competitive/44/eval_900_4.npz,rank_incorrect,86,86,1.0
phase,competitive,44,900,4,runs/experiment_A1/calibration/phase_competitive/44/eval_900_4.npz,rank_correct_metric_poor,938,0,0.0
phase,competitive,44,900,4,runs/experiment_A1/calibration/phase_competitive/44/eval_900_4.npz,rank_correct_metric_good,0,0,
phase,scan,44,900,4,runs/experiment_A1/calibration/phase_scan/44/eval_900_4.npz,rank_incorrect,110,110,1.0
phase,scan,44,900,4,runs/experiment_A1/calibration/phase_scan/44/eval_900_4.npz,rank_correct_metric_poor,202,202,1.0
phase,scan,44,900,4,runs/experiment_A1/calibration/phase_scan/44/eval_900_4.npz,rank_correct_metric_good,712,0,0.0
phase,competitive,44,900,6,runs/experiment_A1/calibration/phase_competitive/44/eval_900_6.npz,rank_incorrect,228,228,1.0
phase,competitive,44,900,6,runs/experiment_A1/calibration/phase_competitive/44/eval_900_6.npz,rank_correct_metric_poor,796,0,0.0
phase,competitive,44,900,6,runs/experiment_A1/calibration/phase_competitive/44/eval_900_6.npz,rank_correct_metric_good,0,0,
phase,scan,44,900,6,runs/experiment_A1/calibration/phase_scan/44/eval_900_6.npz,rank_incorrect,218,218,1.0
phase,scan,44,900,6,runs/experiment_A1/calibration/phase_scan/44/eval_900_6.npz,rank_correct_metric_poor,628,628,1.0
phase,scan,44,900,6,runs/experiment_A1/calibration/phase_scan/44/eval_900_6.npz,rank_correct_metric_good,178,0,0.0
