system,seed,n,intervention,exact_accuracy,exact_change,pairwise_change,sequence_preservation,inversion_probability,exact_transposition,later_item_rank_shift,mean_abs_rank_shift,collateral_rank_shift,first_selection_later,later_item_moves_earlier,content_preservation,max_logit_difference,factorial_cell,representation,readout
priority_competitive,11,4,code_affine,0.890625,0.0,0.0,1.0,0.0,0.0,0.0,0.0,0.0,0.0,0.0,1.0,1.9073486328125e-06,True,priority,competitive
priority_competitive,11,4,score_offset,0.890625,0.0,0.0,1.0,0.0,0.0,0.0,0.0,0.0,0.0,0.0,1.0,3.0,True,priority,competitive
priority_competitive,11,6,code_affine,0.73828125,0.0,0.0,1.0,0.0,0.0,0.0,0.0,0.0,0.0,0.0,1.0,1.9073486328125e-06,True,priority,competitive
priority_competitive,11,6,score_offset,0.73828125,0.0,0.0,1.0,0.0,0.0,0.0,0.0,0.0,0.0,0.0,1.0,3.0,True,priority,competitive
priority_competitive,22,4,code_affine,0.8984375,0.0,0.0,1.0,0.0,0.0,0.0,0.0,0.0,0.0,0.0,1.0,0.0,True,priority,competitive
priority_competitive,22,4,score_offset,0.8984375,0.0,0.0,1.0,0.0,0.0,0.0,0.0,0.0,0.0,0.0,1.0,3.0,True,priority,competitive
priority_competitive,22,6,code_affine,0.78515625,0.0,0.0,1.0,0.0,0.0,0.0,0.0,0.0,0.0,0.0,1.0,0.0,True,priority,competitive
priority_competitive,22,6,score_offset,0.78515625,0.0,0.0,1.0,0.0,0.0,0.0,0.0,0.0,0.0,0.0,1.0,3.0,True,priority,competitive
priority_competitive,33,4,code_affine,0.90625,0.0,0.0,1.0,0.0,0.0,0.0,0.0,0.0,0.0,0.0,1.0,0.0,True,priority,competitive
priority_competitive,33,4,score_offset,0.90625,0.0,0.0,1.0,0.0,0.0,0.0,0.0,0.0,0.0,0.0,1.0,3.0,True,priority,competitive
priority_competitive,33,6,code_affine,0.81640625,0.0,0.0,1.0,0.0,0.0,0.0,0.0,0.0,0.0,0.0,1.0,0.0,True,priority,competitive
priority_competitive,33,6,score_offset,0.81640625,0.0,0.0,1.0,0.0,0.0,0.0,0.0,0.0,0.0,0.0,1.0,3.0,True,priority,competitive
priority_competitive,44,4,code_affine,0.9140625,0.0,0.0,1.0,0.0,0.0,0.0,0.0,0.0,0.0,0.0,1.0,1.9073486328125e-06,True,priority,competitive
priority_competitive,44,4,score_offset,0.9140625,0.0,0.0,1.0,0.0,0.0,0.0,0.0,0.0,0.0,0.0,1.0,3.0,True,priority,competitive
priority_competitive,44,6,code_affine,0.8125,0.0,0.0,1.0,0.0,0.0,0.0,0.0,0.0,0.0,0.0,1.0,1.9073486328125e-06,True,priority,competitive
priority_competitive,44,6,score_offset,0.8125,0.0,0.0,1.0,0.0,0.0,0.0,0.0,0.0,0.0,0.0,1.0,3.0,True,priority,competitive
priority_competitive,55,4,code_affine,0.90625,0.0,0.0,1.0,0.0,0.0,0.0,0.0,0.0,0.0,0.0,1.0,0.0,True,priority,competitive
priority_competitive,55,4,score_offset,0.90625,0.0,0.0,1.0,0.0,0.0,0.0,0.0,0.0,0.0,0.0,1.0,3.0,True,priority,competitive
priority_competitive,55,6,code_affine,0.828125,0.0,0.0,1.0,0.0,0.0,0.0,0.0,0.0,0.0,0.0,1.0,0.0,True,priority,competitive
priority_competitive,55,6,score_offset,0.828125,0.0,0.0,1.0,0.0,0.0,0.0,0.0,0.0,0.0,0.0,1.0,3.0,True,priority,competitive
priority_competitive,66,4,code_affine,0.921875,0.0,0.0,1.0,0.0,0.0,0.0,0.0,0.0,0.0,0.0,1.0,3.5762786865234375e-06,True,priority,competitive
priority_competitive,66,4,score_offset,0.921875,0.0,0.0,1.0,0.0,0.0,0.0,0.0,0.0,0.0,0.0,1.0,3.0,True,priority,competitive
priority_competitive,66,6,code_affine,0.78515625,0.0,0.0,1.0,0.0,0.0,0.0,0.0,0.0,0.0,0.0,1.0,1.9073486328125e-06,True,priority,competitive
priority_competitive,66,6,score_offset,0.78515625,0.0,0.0,1.0,0.0,0.0,0.0,0.0,0.0,0.0,0.0,1.0,3.0,True,priority,competitive
priority_competitive,77,4,code_affine,0.88671875,0.0,0.0,1.0,0.0,0.0,0.0,0.0,0.0,0.0,0.0,1.0,0.0,True,priority,competitive
priority_competitive,77,4,score_offset,0.88671875,0.0,0.0,1.0,0.0,0.0,0.0,0.0,0.0,0.0,0.0,1.0,3.0,True,priority,competitive
priority_competitive,77,6,code_affine,0.79296875,0.0,0.0,1.0,0.0,0.0,0.0,0.0,0.0,0.0,0.0,1.0,0.0,True,priority,competitive
priority_competitive,77,6,score_offset,0.79296875,0.0,0.0,1.0,0.0,0.0,0.0,0.0,0.0,0.0,0.0,1.0,3.0,True,priority,competitive
priority_competitive,88,4,code_affine,0.8984375,0.0,0.0,1.0,0.0,0.0,0.0,0.0,0.0,0.0,0.0,1.0,1.9073486328125e-06,True,priority,competitive
priority_competitive,88,4,score_offset,0.8984375,0.0,0.0,1.0,0.0,0.0,0.0,0.0,0.0,0.0,0.0,1.0,3.0,True,priority,competitive
priority_competitive,88,6,code_affine,0.8359375,0.0,0.0,1.0,0.0,0.0,0.0,0.0,0.0,0.0,0.0,1.0,1.9073486328125e-06,True,priority,competitive
priority_competitive,88,6,score_offset,0.8359375,0.0,0.0,1.0,0.0,0.0,0.0,0.0,0.0,0.0,0.0,1.0,3.0,True,priority,competitive
priority_scan,11,4,code_affine,0.84375,0.0,0.0,1.0,0.0,0.0,0.0,0.0,0.0,0.0,0.0,1.0,2.86102294921875e-06,True,priority,scan
priority_scan,11,4,score_offset,0.84375,0.0,0.0,1.0,0.0,0.0,0.0,0.0,0.0,0.0,0.0,1.0,3.0,True,priority,scan
priority_scan,11,6,code_affine,0.7265625,0.0,0.0,1.0,0.0,0.0,0.0,0.0,0.0,0.0,0.0,1.0,3.814697265625e-06,True,priority,scan
priority_scan,11,6,score_offset,0.7265625,0.0,0.0,1.0,0.0,0.0,0.0,0.0,0.0,0.0,0.0,1.0,3.0,True,priority,scan
priority_scan,22,4,code_affine,0.828125,0.0,0.0,1.0,0.0,0.0,0.0,0.0,0.0,0.0,0.0,1.0,2.86102294921875e-06,True,priority,scan
priority_scan,22,4,score_offset,0.828125,0.0,0.0,1.0,0.0,0.0,0.0,0.0,0.0,0.0,0.0,1.0,3.0,True,priority,scan
priority_scan,22,6,code_affine,0.73046875,0.0,0.0,1.0,0.0,0.0,0.0,0.0,0.0,0.0,0.0,1.0,3.814697265625e-06,True,priority,scan
priority_scan,22,6,score_offset,0.73046875,0.0,0.0,1.0,0.0,0.0,0.0,0.0,0.0,0.0,0.0,1.0,3.0,True,priority,scan
priority_scan,33,4,code_affine,0.85546875,0.0,0.0,1.0,0.0,0.0,0.0,0.0,0.0,0.0,0.0,1.0,3.814697265625e-06,True,priority,scan
priority_scan,33,4,score_offset,0.85546875,0.0,0.0,1.0,0.0,0.0,0.0,0.0,0.0,0.0,0.0,1.0,3.0,True,priority,scan
priority_scan,33,6,code_affine,0.671875,0.0,0.0,1.0,0.0,0.0,0.0,0.0,0.0,0.0,0.0,1.0,2.86102294921875e-06,True,priority,scan
priority_scan,33,6,score_offset,0.671875,0.0,0.0,1.0,0.0,0.0,0.0,0.0,0.0,0.0,0.0,1.0,3.0,True,priority,scan
priority_scan,44,4,code_affine,0.83984375,0.0,0.0,1.0,0.0,0.0,0.0,0.0,0.0,0.0,0.0,1.0,3.814697265625e-06,True,priority,scan
priority_scan,44,4,score_offset,0.83984375,0.0,0.0,1.0,0.0,0.0,0.0,0.0,0.0,0.0,0.0,1.0,3.0,True,priority,scan
priority_scan,44,6,code_affine,0.71484375,0.0,0.0,1.0,0.0,0.0,0.0,0.0,0.0,0.0,0.0,1.0,3.814697265625e-06,True,priority,scan
priority_scan,44,6,score_offset,0.71484375,0.0,0.0,1.0,0.0,0.0,0.0,0.0,0.0,0.0,0.0,1.0,3.0,True,priority,scan
priority_scan,55,4,code_affine,0.87890625,0.0,0.0,1.0,0.0,0.0,0.0,0.0,0.0,0.0,0.0,1.0,2.86102294921875e-06,True,priority,scan
priority_scan,55,4,score_offset,0.87890625,0.0,0.0,1.0,0.0,0.0,0.0,0.0,0.0,0.0,0.0,1.0,3.0,True,priority,scan
priority_scan,55,6,code_affine,0.75390625,0.0,0.0,1.0,0.0,0.0,0.0,0.0,0.0,0.0,0.0,1.0,3.814697265625e-06,True,priority,scan
priority_scan,55,6,score_offset,0.75390625,0.0,0.0,1.0,0.0,0.0,0.0,0.0,0.0,0.0,0.0,1.0,3.0,True,priority,scan
priority_scan,66,4,code_affine,0.82421875,0.0,0.0,1.0,0.0,0.0,0.0,0.0,0.0,0.0,0.0,1.0,2.86102294921875e-06,True,priority,scan
priority_scan,66,4,score_offset,0.82421875,0.0,0.0,1.0,0.0,0.0,0.0,0.0,0.0,0.0,0.0,1.0,3.0,True,priority,scan
priority_scan,66,6,code_affine,0.65625,0.0,0.0,1.0,0.0,0.0,0.0,0.0,0.0,0.0,0.0,1.0,3.814697265625e-06,True,priority,scan
priority_scan,66,6,score_offset,0.65625,0.0,0.0,1.0,0.0,0.0,0.0,0.0,0.0,0.0,0.0,1.0,3.0,True,priority,scan
priority_scan,77,4,code_affine,0.8359375,0.0,0.0,1.0,0.0,0.0,0.0,0.0,0.0,0.0,0.0,1.0,3.814697265625e-06,True,priority,scan
priority_scan,77,4,score_offset,0.8359375,0.0,0.0,1.0,0.0,0.0,0.0,0.0,0.0,0.0,0.0,1.0,3.0,True,priority,scan
priority_scan,77,6,code_affine,0.69140625,0.0,0.0,1.0,0.0,0.0,0.0,0.0,0.0,0.0,0.0,1.0,3.814697265625e-06,True,priority,scan
priority_scan,77,6,score_offset,0.69140625,0.0,0.0,1.0,0.0,0.0,0.0,0.0,0.0,0.0,0.0,1.0,3.0,True,priority,scan
priority_scan,88,4,code_affine,0.8203125,0.0,0.0,1.0,0.0,0.0,0.0,0.0,0.0,0.0,0.0,1.0,3.814697265625e-06,True,priority,scan
priority_scan,88,4,score_offset,0.8203125,0.0,0.0,1.0,0.0,0.0,0.0,0.0,0.0,0.0,0.0,1.0,3.0,True,priority,scan
priority_scan,88,6,code_affine,0.62109375,0.0,0.0,1.0,0.0,0.0,0.0,0.0,0.0,0.0,0.0,1.0,3.814697265625e-06,True,priority,scan
priority_scan,88,6,score_offset,0.62109375,0.0,0.0,1.0,0.0,0.0,0.0,0.0,0.0,0.0,0.0,1.0,3.0,True,priority,scan
position_competitive,11,4,code_affine,0.890625,0.0,0.0,1.0,0.0,0.0,0.0,0.0,0.0,0.0,0.0,1.0,1.9073486328125e-06,True,position,competitive
position_competitive,11,4,score_offset,0.890625,0.0,0.0,1.0,0.0,0.0,0.0,0.0,0.0,0.0,0.0,1.0,3.0,True,position,competitive
position_competitive,11,6,code_affine,0.65234375,0.0,0.0,1.0,0.0,0.0,0.0,0.0,0.0,0.0,0.0,1.0,1.9073486328125e-06,True,position,competitive
position_competitive,11,6,score_offset,0.65234375,0.0,0.0,1.0,0.0,0.0,0.0,0.0,0.0,0.0,0.0,1.0,3.0,True,position,competitive
position_competitive,22,4,code_affine,0.8671875,0.0,0.0,1.0,0.0,0.0,0.0,0.0,0.0,0.0,0.0,1.0,1.9073486328125e-06,True,position,competitive
position_competitive,22,4,score_offset,0.8671875,0.0,0.0,1.0,0.0,0.0,0.0,0.0,0.0,0.0,0.0,1.0,3.0,True,position,competitive
position_competitive,22,6,code_affine,0.70703125,0.0,0.0,1.0,0.0,0.0,0.0,0.0,0.0,0.0,0.0,1.0,1.9073486328125e-06,True,position,competitive
position_competitive,22,6,score_offset,0.70703125,0.0,0.0,1.0,0.0,0.0,0.0,0.0,0.0,0.0,0.0,1.0,3.0,True,position,competitive
position_competitive,33,4,code_affine,0.90625,0.0,0.0,1.0,0.0,0.0,0.0,0.0,0.0,0.0,0.0,1.0,1.9073486328125e-06,True,position,competitive
position_competitive,33,4,score_offset,0.90625,0.0,0.0,1.0,0.0,0.0,0.0,0.0,0.0,0.0,0.0,1.0,3.0,True,position,competitive
position_competitive,33,6,code_affine,0.78125,0.0,0.0,1.0,0.0,0.0,0.0,0.0,0.0,0.0,0.0,1.0,1.9073486328125e-06,True,position,competitive
position_competitive,33,6,score_offset,0.78125,0.0,0.0,1.0,0.0,0.0,0.0,0.0,0.0,0.0,0.0,1.0,3.0,True,position,competitive
position_competitive,44,4,code_affine,0.87109375,0.0,0.0,1.0,0.0,0.0,0.0,0.0,0.0,0.0,0.0,1.0,1.9073486328125e-06,True,position,competitive
position_competitive,44,4,score_offset,0.87109375,0.0,0.0,1.0,0.0,0.0,0.0,0.0,0.0,0.0,0.0,1.0,3.0,True,position,competitive
position_competitive,44,6,code_affine,0.65234375,0.0,0.0,1.0,0.0,0.0,0.0,0.0,0.0,0.0,0.0,1.0,1.9073486328125e-06,True,position,competitive
position_competitive,44,6,score_offset,0.65234375,0.0,0.0,1.0,0.0,0.0,0.0,0.0,0.0,0.0,0.0,1.0,3.0,True,position,competitive
position_competitive,55,4,code_affine,0.921875,0.0,0.0,1.0,0.0,0.0,0.0,0.0,0.0,0.0,0.0,1.0,1.9073486328125e-06,True,position,competitive
position_competitive,55,4,score_offset,0.921875,0.0,0.0,1.0,0.0,0.0,0.0,0.0,0.0,0.0,0.0,1.0,3.0,True,position,competitive
position_competitive,55,6,code_affine,0.74609375,0.0,0.0,1.0,0.0,0.0,0.0,0.0,0.0,0.0,0.0,1.0,1.9073486328125e-06,True,position,competitive
position_competitive,55,6,score_offset,0.74609375,0.0,0.0,1.0,0.0,0.0,0.0,0.0,0.0,0.0,0.0,1.0,3.0,True,position,competitive
position_competitive,66,4,code_affine,0.90234375,0.0,0.0,1.0,0.0,0.0,0.0,0.0,0.0,0.0,0.0,1.0,1.9073486328125e-06,True,position,competitive
position_competitive,66,4,score_offset,0.90234375,0.0,0.0,1.0,0.0,0.0,0.0,0.0,0.0,0.0,0.0,1.0,3.0,True,position,competitive
position_competitive,66,6,code_affine,0.72265625,0.0,0.0,1.0,0.0,0.0,0.0,0.0,0.0,0.0,0.0,1.0,1.9073486328125e-06,True,position,competitive
position_competitive,66,6,score_offset,0.72265625,0.0,0.0,1.0,0.0,0.0,0.0,0.0,0.0,0.0,0.0,1.0,3.0,True,position,competitive
position_competitive,77,4,code_affine,0.90234375,0.0,0.0,1.0,0.0,0.0,0.0,0.0,0.0,0.0,0.0,1.0,1.9073486328125e-06,True,position,competitive
position_competitive,77,4,score_offset,0.90234375,0.0,0.0,1.0,0.0,0.0,0.0,0.0,0.0,0.0,0.0,1.0,3.0,True,position,competitive
position_competitive,77,6,code_affine,0.73828125,0.0,0.0,1.0,0.0,0.0,0.0,0.0,0.0,0.0,0.0,1.0,1.9073486328125e-06,True,position,competitive
position_competitive,77,6,score_offset,0.73828125,0.0,0.0,1.0,0.0,0.0,0.0,0.0,0.0,0.0,0.0,1.0,3.0,True,position,competitive
position_competitive,88,4,code_affine,0.90625,0.0,0.0,1.0,0.0,0.0,0.0,0.0,0.0,0.0,0.0,1.0,1.9073486328125e-06,True,position,competitive
position_competitive,88,4,score_offset,0.90625,0.0,0.0,1.0,0.0,0.0,0.0,0.0,0.0,0.0,0.0,1.0,3.0,True,position,competitive
position_competitive,88,6,code_affine,0.78515625,0.0,0.0,1.0,0.0,0.0,0.0,0.0,0.0,0.0,0.0,1.0,1.9073486328125e-06,True,position,competitive
position_competitive,88,6,score_offset,0.78515625,0.0,0.0,1.0,0.0,0.0,0.0,0.0,0.0,0.0,0.0,1.0,3.0,True,position,competitive
position_scan,11,4,code_affine,0.8671875,0.0,0.0,1.0,0.0,0.0,0.0,0.0,0.0,0.0,0.0,1.0,3.814697265625e-06,True,position,scan
position_scan,11,4,score_offset,0.8671875,0.0,0.0,1.0,0.0,0.0,0.0,0.0,0.0,0.0,0.0,1.0,3.0,True,position,scan
position_scan,11,6,code_affine,0.625,0.0,0.0,1.0,0.0,0.0,0.0,0.0,0.0,0.0,0.0,1.0,3.814697265625e-06,True,position,scan
position_scan,11,6,score_offset,0.625,0.0,0.0,1.0,0.0,0.0,0.0,0.0,0.0,0.0,0.0,1.0,3.0,True,position,scan
position_scan,22,4,code_affine,0.87109375,0.0,0.0,1.0,0.0,0.0,0.0,0.0,0.0,0.0,0.0,1.0,3.814697265625e-06,True,position,scan
position_scan,22,4,score_offset,0.87109375,0.0,0.0,1.0,0.0,0.0,0.0,0.0,0.0,0.0,0.0,1.0,3.0,True,position,scan
position_scan,22,6,code_affine,0.7734375,0.0,0.0,1.0,0.0,0.0,0.0,0.0,0.0,0.0,0.0,1.0,3.814697265625e-06,True,position,scan
position_scan,22,6,score_offset,0.7734375,0.0,0.0,1.0,0.0,0.0,0.0,0.0,0.0,0.0,0.0,1.0,3.0,True,position,scan
position_scan,33,4,code_affine,0.93359375,0.0,0.0,1.0,0.0,0.0,0.0,0.0,0.0,0.0,0.0,1.0,3.814697265625e-06,True,position,scan
position_scan,33,4,score_offset,0.93359375,0.0,0.0,1.0,0.0,0.0,0.0,0.0,0.0,0.0,0.0,1.0,3.0,True,position,scan
position_scan,33,6,code_affine,0.74609375,0.0,0.0,1.0,0.0,0.0,0.0,0.0,0.0,0.0,0.0,1.0,3.814697265625e-06,True,position,scan
position_scan,33,6,score_offset,0.74609375,0.0,0.0,1.0,0.0,0.0,0.0,0.0,0.0,0.0,0.0,1.0,3.0,True,position,scan
position_scan,44,4,code_affine,0.890625,0.0,0.0,1.0,0.0,0.0,0.0,0.0,0.0,0.0,0.0,1.0,3.814697265625e-06,True,position,scan
position_scan,44,4,score_offset,0.890625,0.0,0.0,1.0,0.0,0.0,0.0,0.0,0.0,0.0,0.0,1.0,3.0,True,position,scan
position_scan,44,6,code_affine,0.71875,0.0,0.0,1.0,0.0,0.0,0.0,0.0,0.0,0.0,0.0,1.0,3.814697265625e-06,True,position,scan
position_scan,44,6,score_offset,0.71875,0.0,0.0,1.0,0.0,0.0,0.0,0.0,0.0,0.0,0.0,1.0,3.0,True,position,scan
position_scan,55,4,code_affine,0.91796875,0.0,0.0,1.0,0.0,0.0,0.0,0.0,0.0,0.0,0.0,1.0,3.814697265625e-06,True,position,scan
position_scan,55,4,score_offset,0.91796875,0.0,0.0,1.0,0.0,0.0,0.0,0.0,0.0,0.0,0.0,1.0,3.0,True,position,scan
position_scan,55,6,code_affine,0.84765625,0.0,0.0,1.0,0.0,0.0,0.0,0.0,0.0,0.0,0.0,1.0,3.814697265625e-06,True,position,scan
position_scan,55,6,score_offset,0.84765625,0.0,0.0,1.0,0.0,0.0,0.0,0.0,0.0,0.0,0.0,1.0,3.0,True,position,scan
position_scan,66,4,code_affine,0.8984375,0.0,0.0,1.0,0.0,0.0,0.0,0.0,0.0,0.0,0.0,1.0,3.814697265625e-06,True,position,scan
position_scan,66,4,score_offset,0.8984375,0.0,0.0,1.0,0.0,0.0,0.0,0.0,0.0,0.0,0.0,1.0,3.0,True,position,scan
position_scan,66,6,code_affine,0.7109375,0.0,0.0,1.0,0.0,0.0,0.0,0.0,0.0,0.0,0.0,1.0,3.814697265625e-06,True,position,scan
position_scan,66,6,score_offset,0.7109375,0.0,0.0,1.0,0.0,0.0,0.0,0.0,0.0,0.0,0.0,1.0,3.0,True,position,scan
position_scan,77,4,code_affine,0.88671875,0.0,0.0,1.0,0.0,0.0,0.0,0.0,0.0,0.0,0.0,1.0,3.814697265625e-06,True,position,scan
position_scan,77,4,score_offset,0.88671875,0.0,0.0,1.0,0.0,0.0,0.0,0.0,0.0,0.0,0.0,1.0,3.0,True,position,scan
position_scan,77,6,code_affine,0.78515625,0.0,0.0,1.0,0.0,0.0,0.0,0.0,0.0,0.0,0.0,1.0,3.814697265625e-06,True,position,scan
position_scan,77,6,score_offset,0.78515625,0.0,0.0,1.0,0.0,0.0,0.0,0.0,0.0,0.0,0.0,1.0,3.0,True,position,scan
position_scan,88,4,code_affine,0.87890625,0.0,0.0,1.0,0.0,0.0,0.0,0.0,0.0,0.0,0.0,1.0,3.814697265625e-06,True,position,scan
position_scan,88,4,score_offset,0.87890625,0.0,0.0,1.0,0.0,0.0,0.0,0.0,0.0,0.0,0.0,1.0,3.0,True,position,scan
position_scan,88,6,code_affine,0.7578125,0.0,0.0,1.0,0.0,0.0,0.0,0.0,0.0,0.0,0.0,1.0,3.814697265625e-06,True,position,scan
position_scan,88,6,score_offset,0.7578125,0.0,0.0,1.0,0.0,0.0,0.0,0.0,0.0,0.0,0.0,1.0,3.0,True,position,scan
phase_competitive,11,4,rotation_037,0.83984375,0.0,0.0,1.0,0.0,0.0,0.0,0.0,0.0,0.0,0.0,1.0,9.5367431640625e-07,True,phase,competitive
phase_competitive,11,4,rotation_210,0.83984375,0.0,0.0,1.0,0.0,0.0,0.0,0.0,0.0,0.0,0.0,1.0,9.5367431640625e-07,True,phase,competitive
phase_competitive,11,4,items_only_rotation,0.83984375,0.0,0.0,1.0,0.0,0.0,0.0,0.0,0.0,0.0,0.0,1.0,5.347606658935547,True,phase,competitive
phase_competitive,11,4,score_offset,0.83984375,0.0,0.0,1.0,0.0,0.0,0.0,0.0,0.0,0.0,0.0,1.0,3.0,True,phase,competitive
phase_competitive,11,6,rotation_037,0.6171875,0.0,0.0,1.0,0.0,0.0,0.0,0.0,0.0,0.0,0.0,1.0,9.5367431640625e-07,True,phase,competitive
phase_competitive,11,6,rotation_210,0.6171875,0.0,0.0,1.0,0.0,0.0,0.0,0.0,0.0,0.0,0.0,1.0,9.5367431640625e-07,True,phase,competitive
phase_competitive,11,6,items_only_rotation,0.6171875,0.0,0.0,1.0,0.0,0.0,0.0,0.0,0.0,0.0,0.0,1.0,5.347606658935547,True,phase,competitive
phase_competitive,11,6,score_offset,0.6171875,0.0,0.0,1.0,0.0,0.0,0.0,0.0,0.0,0.0,0.0,1.0,3.0,True,phase,competitive
phase_competitive,22,4,rotation_037,0.14453125,0.0,0.0,1.0,0.0,0.0,0.0,0.0,0.0,0.0,0.0,1.0,9.5367431640625e-07,True,phase,competitive
phase_competitive,22,4,rotation_210,0.14453125,0.0,0.0,1.0,0.0,0.0,0.0,0.0,0.0,0.0,0.0,1.0,9.5367431640625e-07,True,phase,competitive
phase_competitive,22,4,items_only_rotation,0.14453125,0.0,0.0,1.0,0.0,0.0,0.0,0.0,0.0,0.0,0.0,1.0,5.347606658935547,True,phase,competitive
phase_competitive,22,4,score_offset,0.14453125,0.0,0.0,1.0,0.0,0.0,0.0,0.0,0.0,0.0,0.0,1.0,3.0,True,phase,competitive
phase_competitive,22,6,rotation_037,0.015625,0.0,0.0,1.0,0.0,0.0,0.0,0.0,0.0,0.0,0.0,1.0,9.5367431640625e-07,True,phase,competitive
phase_competitive,22,6,rotation_210,0.015625,0.0,0.0,1.0,0.0,0.0,0.0,0.0,0.0,0.0,0.0,1.0,9.5367431640625e-07,True,phase,competitive
phase_competitive,22,6,items_only_rotation,0.015625,0.0,0.0,1.0,0.0,0.0,0.0,0.0,0.0,0.0,0.0,1.0,5.347606658935547,True,phase,competitive
phase_competitive,22,6,score_offset,0.015625,0.0,0.0,1.0,0.0,0.0,0.0,0.0,0.0,0.0,0.0,1.0,3.0,True,phase,competitive
phase_competitive,33,4,rotation_037,0.734375,0.0,0.0,1.0,0.0,0.0,0.0,0.0,0.0,0.0,0.0,1.0,9.5367431640625e-07,True,phase,competitive
phase_competitive,33,4,rotation_210,0.734375,0.0,0.0,1.0,0.0,0.0,0.0,0.0,0.0,0.0,0.0,1.0,9.5367431640625e-07,True,phase,competitive
phase_competitive,33,4,items_only_rotation,0.46875,-0.265625,-0.17447916666666663,0.6640625,0.3359375,0.0,-0.953125,0.53125,0.390625,0.3359375,0.3359375,1.0,10.652395248413086,True,phase,competitive
phase_competitive,33,4,score_offset,0.734375,0.0,0.0,1.0,0.0,0.0,0.0,0.0,0.0,0.0,0.0,1.0,3.0,True,phase,competitive
phase_competitive,33,6,rotation_037,0.4453125,0.0,0.0,1.0,0.0,0.0,0.0,0.0,0.0,0.0,0.0,1.0,9.5367431640625e-07,True,phase,competitive
phase_competitive,33,6,rotation_210,0.4453125,0.0,0.0,1.0,0.0,0.0,0.0,0.0,0.0,0.0,0.0,1.0,9.5367431640625e-07,True,phase,competitive
phase_competitive,33,6,items_only_rotation,0.20703125,-0.23828125,-0.20781250000000018,0.48046875,0.51953125,0.0,-2.390625,1.0572916666666667,0.806640625,0.51953125,0.51953125,1.0,10.652395248413086,True,phase,competitive
phase_competitive,33,6,score_offset,0.4453125,0.0,0.0,1.0,0.0,0.0,0.0,0.0,0.0,0.0,0.0,1.0,3.0,True,phase,competitive
phase_competitive,44,4,rotation_037,0.83203125,0.0,0.0,1.0,0.0,0.0,0.0,0.0,0.0,0.0,0.0,1.0,9.5367431640625e-07,True,phase,competitive
phase_competitive,44,4,rotation_210,0.83203125,0.0,0.0,1.0,0.0,0.0,0.0,0.0,0.0,0.0,0.0,1.0,1.9073486328125e-06,True,phase,competitive
phase_competitive,44,4,items_only_rotation,0.0,-0.83203125,-0.5924479166666667,0.0,1.0,0.0,-2.3515625,1.77734375,1.5546875,1.0,1.0,1.0,10.652395248413086,True,phase,competitive
phase_competitive,44,4,score_offset,0.83203125,0.0,0.0,1.0,0.0,0.0,0.0,0.0,0.0,0.0,0.0,1.0,3.0,True,phase,competitive
phase_competitive,44,6,rotation_037,0.6328125,0.0,0.0,1.0,0.0,0.0,0.0,0.0,0.0,0.0,0.0,1.0,1.9073486328125e-06,True,phase,competitive
phase_competitive,44,6,rotation_210,0.6328125,0.0,0.0,1.0,0.0,0.0,0.0,0.0,0.0,0.0,0.0,1.0,1.9073486328125e-06,True,phase,competitive
phase_competitive,44,6,items_only_rotation,0.0,-0.6328125,-0.54765625,0.0,1.0,0.0,-3.58984375,2.7486979166666665,2.623046875,1.0,1.0,1.0,10.652395248413086,True,phase,competitive
phase_competitive,44,6,score_offset,0.6328125,0.0,0.0,1.0,0.0,0.0,0.0,0.0,0.0,0.0,0.0,1.0,3.0,True,phase,competitive
phase_competitive,55,4,rotation_037,0.90625,0.0,0.0,1.0,0.0,0.0,0.0,0.0,0.0,0.0,0.0,1.0,9.5367431640625e-07,True,phase,competitive
phase_competitive,55,4,rotation_210,0.90625,0.0,0.0,1.0,0.0,0.0,0.0,0.0,0.0,0.0,0.0,1.0,1.9073486328125e-06,True,phase,competitive
phase_competitive,55,4,items_only_rotation,0.07421875,-0.83203125,-0.5221354166666667,0.09375,0.90625,0.0,-2.1484375,1.5703125,1.328125,0.90625,0.90625,1.0,10.652395248413086,True,phase,competitive
phase_competitive,55,4,score_offset,0.90625,0.0,0.0,1.0,0.0,0.0,0.0,0.0,0.0,0.0,0.0,1.0,3.0,True,phase,competitive
phase_competitive,55,6,rotation_037,0.72265625,0.0,0.0,1.0,0.0,0.0,0.0,0.0,0.0,0.0,0.0,1.0,9.5367431640625e-07,True,phase,competitive
phase_competitive,55,6,rotation_210,0.72265625,0.0,0.0,1.0,0.0,0.0,0.0,0.0,0.0,0.0,0.0,1.0,1.9073486328125e-06,True,phase,competitive
phase_competitive,55,6,items_only_rotation,0.0078125,-0.71484375,-0.5044270833333333,0.015625,0.984375,0.0,-3.62109375,2.5299479166666665,2.318359375,0.984375,0.984375,1.0,10.652395248413086,True,phase,competitive
phase_competitive,55,6,score_offset,0.72265625,0.0,0.0,1.0,0.0,0.0,0.0,0.0,0.0,0.0,0.0,1.0,3.0,True,phase,competitive
phase_competitive,66,4,rotation_037,0.8515625,0.0,0.0,1.0,0.0,0.0,0.0,0.0,0.0,0.0,0.0,1.0,9.5367431640625e-07,True,phase,competitive
phase_competitive,66,4,rotation_210,0.8515625,0.0,0.0,1.0,0.0,0.0,0.0,0.0,0.0,0.0,0.0,1.0,1.9073486328125e-06,True,phase,competitive
phase_competitive,66,4,items_only_rotation,0.01171875,-0.83984375,-0.5950520833333335,0.01171875,0.98828125,0.0,-2.234375,1.79296875,1.609375,0.98828125,0.98828125,1.0,10.652395248413086,True,phase,competitive
phase_competitive,66,4,score_offset,0.8515625,0.0,0.0,1.0,0.0,0.0,0.0,0.0,0.0,0.0,0.0,1.0,3.0,True,phase,competitive
phase_competitive,66,6,rotation_037,0.5703125,0.0,0.0,1.0,0.0,0.0,0.0,0.0,0.0,0.0,0.0,1.0,9.5367431640625e-07,True,phase,competitive
phase_competitive,66,6,rotation_210,0.5703125,0.0,0.0,1.0,0.0,0.0,0.0,0.0,0.0,0.0,0.0,1.0,1.9073486328125e-06,True,phase,competitive
phase_competitive,66,6,items_only_rotation,0.0,-0.5703125,-0.5580729166666667,0.0,1.0,0.0,-3.34765625,2.7981770833333335,2.697265625,1.0,1.0,1.0,10.652395248413086,True,phase,competitive
phase_competitive,66,6,score_offset,0.5703125,0.0,0.0,1.0,0.0,0.0,0.0,0.0,0.0,0.0,0.0,1.0,3.0,True,phase,competitive
phase_competitive,77,4,rotation_037,0.0625,0.0,0.0,1.0,0.0,0.0,0.0,0.0,0.0,0.0,0.0,1.0,9.5367431640625e-07,True,phase,competitive
phase_competitive,77,4,rotation_210,0.0625,0.0,0.0,1.0,0.0,0.0,0.0,0.0,0.0,0.0,0.0,1.0,1.9073486328125e-06,True,phase,competitive
phase_competitive,77,4,items_only_rotation,0.7890625,0.7265625,0.4941406250000001,0.10546875,0.89453125,0.0,-2.30078125,1.498046875,1.20703125,0.89453125,0.89453125,1.0,10.652395248413086,True,phase,competitive
phase_competitive,77,4,score_offset,0.0625,0.0,0.0,1.0,0.0,0.0,0.0,0.0,0.0,0.0,0.0,1.0,3.0,True,phase,competitive
phase_competitive,77,6,rotation_037,0.0078125,0.0,0.0,1.0,0.0,0.0,0.0,0.0,0.0,0.0,0.0,1.0,9.5367431640625e-07,True,phase,competitive
phase_competitive,77,6,rotation_210,0.0078125,0.0,0.0,1.0,0.0,0.0,0.0,0.0,0.0,0.0,0.0,1.0,1.9073486328125e-06,True,phase,competitive
phase_competitive,77,6,items_only_rotation,0.55859375,0.55078125,0.5039062500000001,0.0234375,0.9765625,0.0,-3.66796875,2.5299479166666665,2.330078125,0.9765625,0.9765625,1.0,10.652395248413086,True,phase,competitive
phase_competitive,77,6,score_offset,0.0078125,0.0,0.0,1.0,0.0,0.0,0.0,0.0,0.0,0.0,0.0,1.0,3.0,True,phase,competitive
phase_competitive,88,4,rotation_037,0.00390625,0.0,0.0,1.0,0.0,0.0,0.0,0.0,0.0,0.0,0.0,1.0,0.0,True,phase,competitive
phase_competitive,88,4,rotation_210,0.00390625,0.0,0.0,1.0,0.0,0.0,0.0,0.0,0.0,0.0,0.0,1.0,1.9073486328125e-06,True,phase,competitive
phase_competitive,88,4,items_only_rotation,0.00390625,0.0,0.0,1.0,0.0,0.0,0.0,0.0,0.0,0.0,0.0,1.0,10.652395248413086,True,phase,competitive
phase_competitive,88,4,score_offset,0.00390625,0.0,0.0,1.0,0.0,0.0,0.0,0.0,0.0,0.0,0.0,1.0,3.0,True,phase,competitive
phase_competitive,88,6,rotation_037,0.0,0.0,0.0,1.0,0.0,0.0,0.0,0.0,0.0,0.0,0.0,1.0,0.0,True,phase,competitive
phase_competitive,88,6,rotation_210,0.0,0.0,0.0,1.0,0.0,0.0,0.0,0.0,0.0,0.0,0.0,1.0,1.9073486328125e-06,True,phase,competitive
phase_competitive,88,6,items_only_rotation,0.0,0.0,0.0,1.0,0.0,0.0,0.0,0.0,0.0,0.0,0.0,1.0,10.652395248413086,True,phase,competitive
phase_competitive,88,6,score_offset,0.0,0.0,0.0,1.0,0.0,0.0,0.0,0.0,0.0,0.0,0.0,1.0,3.0,True,phase,competitive
phase_scan,11,4,rotation_037,0.91015625,0.0,0.0,1.0,0.0,0.0,0.0,0.0,0.0,0.0,0.0,1.0,1.430511474609375e-06,True,phase,scan
phase_scan,11,4,rotation_210,0.91015625,0.0,0.0,1.0,0.0,0.0,0.0,0.0,0.0,0.0,0.0,1.0,3.5762786865234375e-06,True,phase,scan
phase_scan,11,4,items_only_rotation,0.0,-0.91015625,-0.41731770833333326,0.0,0.4765625,0.0,-1.3515625,1.27734375,1.326171875,0.99609375,0.48046875,1.0,3.556816816329956,True,phase,scan
phase_scan,11,4,score_offset,0.91015625,0.0,0.0,1.0,0.0,0.0,0.0,0.0,0.0,0.0,0.0,1.0,3.0,True,phase,scan
phase_scan,11,6,rotation_037,0.68359375,0.0,0.0,1.0,0.0,0.0,0.0,0.0,0.0,0.0,0.0,1.0,1.9073486328125e-06,True,phase,scan
phase_scan,11,6,rotation_210,0.68359375,0.0,0.0,1.0,0.0,0.0,0.0,0.0,0.0,0.0,0.0,1.0,2.384185791015625e-06,True,phase,scan
phase_scan,11,6,items_only_rotation,0.0,-0.68359375,-0.48046875000000006,0.0,0.984375,0.0,-3.9609375,2.49609375,2.2578125,1.0,0.99609375,1.0,3.560211420059204,True,phase,scan
phase_scan,11,6,score_offset,0.68359375,0.0,0.0,1.0,0.0,0.0,0.0,0.0,0.0,0.0,0.0,1.0,3.0,True,phase,scan
phase_scan,22,4,rotation_037,0.0234375,0.0,0.0,1.0,0.0,0.0,0.0,0.0,0.0,0.0,0.0,1.0,0.0,True,phase,scan
phase_scan,22,4,rotation_210,0.0234375,0.0,0.0,1.0,0.0,0.0,0.0,0.0,0.0,0.0,0.0,1.0,0.0,True,phase,scan
phase_scan,22,4,items_only_rotation,0.1328125,0.109375,0.18880208333333348,0.0,0.0,0.0,-2.0,1.0,1.0,0.0,1.0,1.0,3.447807550430298,True,phase,scan
phase_scan,22,4,score_offset,0.0234375,0.0,0.0,1.0,0.0,0.0,0.0,0.0,0.0,0.0,0.0,1.0,3.0,True,phase,scan
phase_scan,22,6,rotation_037,0.0,0.0,0.0,1.0,0.0,0.0,0.0,0.0,0.0,0.0,0.0,1.0,0.0,True,phase,scan
phase_scan,22,6,rotation_210,0.0,0.0,0.0,1.0,0.0,0.0,0.0,0.0,0.0,0.0,0.0,1.0,0.0,True,phase,scan
phase_scan,22,6,items_only_rotation,0.0078125,0.0078125,0.27239583333333317,0.0,0.0,0.0,-3.0,2.0,2.25,0.0,1.0,1.0,3.0030767917633057,True,phase,scan
phase_scan,22,6,score_offset,0.0,0.0,0.0,1.0,0.0,0.0,0.0,0.0,0.0,0.0,0.0,1.0,3.0,True,phase,scan
phase_scan,33,4,rotation_037,0.92578125,0.0,0.0,1.0,0.0,0.0,0.0,0.0,0.0,0.0,0.0,1.0,1.430511474609375e-06,True,phase,scan
phase_scan,33,4,rotation_210,0.92578125,0.0,0.0,1.0,0.0,0.0,0.0,0.0,0.0,0.0,0.0,1.0,3.337860107421875e-06,True,phase,scan
phase_scan,33,4,items_only_rotation,0.0,-0.92578125,-0.37369791666666663,0.0,0.19140625,0.0,-0.51171875,1.126953125,1.43359375,0.9921875,0.19921875,1.0,3.55914306640625,True,phase,scan
phase_scan,33,4,score_offset,0.92578125,0.0,0.0,1.0,0.0,0.0,0.0,0.0,0.0,0.0,0.0,1.0,3.0,True,phase,scan
phase_scan,33,6,rotation_037,0.78515625,0.0,0.0,1.0,0.0,0.0,0.0,0.0,0.0,0.0,0.0,1.0,1.9073486328125e-06,True,phase,scan
phase_scan,33,6,rotation_210,0.78515625,0.0,0.0,1.0,0.0,0.0,0.0,0.0,0.0,0.0,0.0,1.0,2.384185791015625e-06,True,phase,scan
phase_scan,33,6,items_only_rotation,0.0,-0.78515625,-0.4442708333333335,0.0,0.78125,0.0,-3.125,2.2760416666666665,2.1328125,1.0,0.78125,1.0,3.5601253509521484,True,phase,scan
phase_scan,33,6,score_offset,0.78515625,0.0,0.0,1.0,0.0,0.0,0.0,0.0,0.0,0.0,0.0,1.0,3.0,True,phase,scan
phase_scan,44,4,rotation_037,0.89453125,0.0,0.0,1.0,0.0,0.0,0.0,0.0,0.0,0.0,0.0,1.0,1.430511474609375e-06,True,phase,scan
phase_scan,44,4,rotation_210,0.89453125,0.0,0.0,1.0,0.0,0.0,0.0,0.0,0.0,0.0,0.0,1.0,3.5762786865234375e-06,True,phase,scan
phase_scan,44,4,items_only_rotation,0.0,-0.89453125,-0.421875,0.0,0.375,0.0,-0.9296875,1.287109375,1.498046875,0.98828125,0.38671875,1.0,3.554352283477783,True,phase,scan
phase_scan,44,4,score_offset,0.89453125,0.0,0.0,1.0,0.0,0.0,0.0,0.0,0.0,0.0,0.0,1.0,3.0,True,phase,scan
phase_scan,44,6,rotation_037,0.734375,0.0,0.0,1.0,0.0,0.0,0.0,0.0,0.0,0.0,0.0,1.0,1.9073486328125e-06,True,phase,scan
phase_scan,44,6,rotation_210,0.734375,0.0,0.0,1.0,0.0,0.0,0.0,0.0,0.0,0.0,0.0,1.0,3.0994415283203125e-06,True,phase,scan
phase_scan,44,6,items_only_rotation,0.0,-0.734375,-0.44947916666666676,0.0,0.95703125,0.0,-3.8671875,2.3489583333333335,2.0634765625,1.0,0.9765625,1.0,3.5601882934570312,True,phase,scan
phase_scan,44,6,score_offset,0.734375,0.0,0.0,1.0,0.0,0.0,0.0,0.0,0.0,0.0,0.0,1.0,3.0,True,phase,scan
phase_scan,55,4,rotation_037,0.8984375,0.0,0.0,1.0,0.0,0.0,0.0,0.0,0.0,0.0,0.0,1.0,1.430511474609375e-06,True,phase,scan
phase_scan,55,4,rotation_210,0.8984375,0.0,0.0,1.0,0.0,0.0,0.0,0.0,0.0,0.0,0.0,1.0,3.814697265625e-06,True,phase,scan
phase_scan,55,4,items_only_rotation,0.0,-0.8984375,-0.42838541666666674,0.0,0.50390625,0.0,-1.38671875,1.314453125,1.359375,0.99609375,0.5078125,1.0,3.560178756713867,True,phase,scan
phase_scan,55,4,score_offset,0.8984375,0.0,0.0,1.0,0.0,0.0,0.0,0.0,0.0,0.0,0.0,1.0,3.0,True,phase,scan
phase_scan,55,6,rotation_037,0.8125,0.0,0.0,1.0,0.0,0.0,0.0,0.0,0.0,0.0,0.0,1.0,1.9073486328125e-06,True,phase,scan
phase_scan,55,6,rotation_210,0.8125,0.0,0.0,1.0,0.0,0.0,0.0,0.0,0.0,0.0,0.0,1.0,1.9073486328125e-06,True,phase,scan
phase_scan,55,6,items_only_rotation,0.0,-0.8125,-0.4747395833333333,0.0,0.9921875,0.0,-3.9765625,2.4231770833333335,2.1416015625,1.0,0.99609375,1.0,3.560124635696411,True,phase,scan
phase_scan,55,6,score_offset,0.8125,0.0,0.0,1.0,0.0,0.0,0.0,0.0,0.0,0.0,0.0,1.0,3.0,True,phase,scan
phase_scan,66,4,rotation_037,0.78515625,0.0,0.0,1.0,0.0,0.0,0.0,0.0,0.0,0.0,0.0,1.0,1.430511474609375e-06,True,phase,scan
phase_scan,66,4,rotation_210,0.78515625,0.0,0.0,1.0,0.0,0.0,0.0,0.0,0.0,0.0,0.0,1.0,3.814697265625e-06,True,phase,scan
phase_scan,66,4,items_only_rotation,0.00390625,-0.78125,-0.36979166666666663,0.0,0.3671875,0.0,-1.0234375,1.23046875,1.369140625,0.99609375,0.37890625,1.0,3.551764488220215,True,phase,scan
phase_scan,66,4,score_offset,0.78515625,0.0,0.0,1.0,0.0,0.0,0.0,0.0,0.0,0.0,0.0,1.0,3.0,True,phase,scan
phase_scan,66,6,rotation_037,0.53515625,0.0,0.0,1.0,0.0,0.0,0.0,0.0,0.0,0.0,0.0,1.0,1.9073486328125e-06,True,phase,scan
phase_scan,66,6,rotation_210,0.53515625,0.0,0.0,1.0,0.0,0.0,0.0,0.0,0.0,0.0,0.0,1.0,2.6226043701171875e-06,True,phase,scan
phase_scan,66,6,items_only_rotation,0.0,-0.53515625,-0.4476562500000001,0.0,0.93359375,0.0,-3.78515625,2.37109375,2.111328125,1.0,0.95703125,1.0,3.553661346435547,True,phase,scan
phase_scan,66,6,score_offset,0.53515625,0.0,0.0,1.0,0.0,0.0,0.0,0.0,0.0,0.0,0.0,1.0,3.0,True,phase,scan
phase_scan,77,4,rotation_037,0.8828125,0.0,0.0,1.0,0.0,0.0,0.0,0.0,0.0,0.0,0.0,1.0,1.1920928955078125e-06,True,phase,scan
phase_scan,77,4,rotation_210,0.8828125,0.0,0.0,1.0,0.0,0.0,0.0,0.0,0.0,0.0,0.0,1.0,1.9073486328125e-06,True,phase,scan
phase_scan,77,4,items_only_rotation,0.0,-0.8828125,-0.39778645833333337,0.0,0.390625,0.0,-1.09375,1.234375,1.369140625,0.9921875,0.3984375,1.0,3.5578179359436035,True,phase,scan
phase_scan,77,4,score_offset,0.8828125,0.0,0.0,1.0,0.0,0.0,0.0,0.0,0.0,0.0,0.0,1.0,3.0,True,phase,scan
phase_scan,77,6,rotation_037,0.80859375,0.0,0.0,1.0,0.0,0.0,0.0,0.0,0.0,0.0,0.0,1.0,1.9073486328125e-06,True,phase,scan
phase_scan,77,6,rotation_210,0.80859375,0.0,0.0,1.0,0.0,0.0,0.0,0.0,0.0,0.0,0.0,1.0,2.86102294921875e-06,True,phase,scan
phase_scan,77,6,items_only_rotation,0.0,-0.80859375,-0.47005208333333337,0.0,0.9765625,0.0,-3.9296875,2.4205729166666665,2.1513671875,1.0,0.98828125,1.0,3.559462785720825,True,phase,scan
phase_scan,77,6,score_offset,0.80859375,0.0,0.0,1.0,0.0,0.0,0.0,0.0,0.0,0.0,0.0,1.0,3.0,True,phase,scan
phase_scan,88,4,rotation_037,0.85546875,0.0,0.0,1.0,0.0,0.0,0.0,0.0,0.0,0.0,0.0,1.0,1.3113021850585938e-06,True,phase,scan
phase_scan,88,4,rotation_210,0.85546875,0.0,0.0,1.0,0.0,0.0,0.0,0.0,0.0,0.0,0.0,1.0,1.9073486328125e-06,True,phase,scan
phase_scan,88,4,items_only_rotation,0.0,-0.85546875,-0.3723958333333335,0.0,0.234375,0.0,-0.64453125,1.146484375,1.419921875,1.0,0.234375,1.0,3.558199167251587,True,phase,scan
phase_scan,88,4,score_offset,0.85546875,0.0,0.0,1.0,0.0,0.0,0.0,0.0,0.0,0.0,0.0,1.0,3.0,True,phase,scan
phase_scan,88,6,rotation_037,0.68359375,0.0,0.0,1.0,0.0,0.0,0.0,0.0,0.0,0.0,0.0,1.0,1.9073486328125e-06,True,phase,scan
phase_scan,88,6,rotation_210,0.68359375,0.0,0.0,1.0,0.0,0.0,0.0,0.0,0.0,0.0,0.0,1.0,3.0994415283203125e-06,True,phase,scan
phase_scan,88,6,items_only_rotation,0.0,-0.68359375,-0.4565104166666667,0.0,0.99609375,0.0,-3.984375,2.37109375,2.060546875,1.0,0.99609375,1.0,3.5586018562316895,True,phase,scan
phase_scan,88,6,score_offset,0.68359375,0.0,0.0,1.0,0.0,0.0,0.0,0.0,0.0,0.0,0.0,1.0,3.0,True,phase,scan
