arm,system,n,step,seeds,exact_mean,exact_min,exact_max,no_match_mean,interior_offset_mean,competitive_transfer_mean
C,phase_competitive,4,300,8,0.831055,0.791016,0.875000,0.000000,,
C,phase_competitive,4,600,8,0.887329,0.866211,0.905273,0.000000,,
C,phase_competitive,4,900,8,0.918579,0.907227,0.938477,0.000000,,
C,phase_competitive,6,300,8,0.623901,0.587891,0.685547,0.000000,,
C,phase_competitive,6,600,8,0.712402,0.674805,0.759766,0.000000,,
C,phase_competitive,6,900,8,0.787354,0.758789,0.813477,0.000000,,
C,phase_competitive,8,300,8,0.417969,0.355469,0.524414,0.000000,,
C,phase_competitive,8,600,8,0.511719,0.464844,0.579102,0.000000,,
C,phase_competitive,8,900,8,0.622925,0.559570,0.682617,0.000000,,
C,position_competitive,4,300,8,0.825195,0.797852,0.845703,0.000000,-0.0718,
C,position_competitive,4,600,8,0.867065,0.839844,0.895508,0.000000,0.0990,
C,position_competitive,4,900,8,0.900635,0.884766,0.921875,0.000000,0.3183,
C,position_competitive,6,300,8,0.611084,0.578125,0.659180,0.000000,-0.1861,
C,position_competitive,6,600,8,0.692261,0.635742,0.727539,0.000000,0.0362,
C,position_competitive,6,900,8,0.747437,0.715820,0.791016,0.000000,0.3085,
C,position_competitive,8,300,8,0.409302,0.380859,0.474609,0.000000,-0.2678,
C,position_competitive,8,600,8,0.518555,0.431641,0.611328,0.000000,-0.0067,
C,position_competitive,8,900,8,0.581909,0.516602,0.650391,0.000000,0.2703,
C,priority_competitive,4,300,8,0.838379,0.810547,0.855469,0.000000,0.0166,
C,priority_competitive,4,600,8,0.876099,0.861328,0.898438,0.000000,0.0061,
C,priority_competitive,4,900,8,0.919434,0.903320,0.944336,0.000000,0.0301,
C,priority_competitive,6,300,8,0.628052,0.576172,0.679688,0.000000,0.0774,
C,priority_competitive,6,600,8,0.723145,0.673828,0.758789,0.000000,0.0754,
C,priority_competitive,6,900,8,0.806274,0.778320,0.857422,0.000000,0.0805,
C,priority_competitive,8,300,8,0.443604,0.378906,0.516602,0.000000,0.1492,
C,priority_competitive,8,600,8,0.560303,0.498047,0.600586,0.000000,0.1480,
C,priority_competitive,8,900,8,0.689819,0.637695,0.771484,0.000000,0.1442,
L-b1,phase_scan,4,300,8,0.249878,0.147461,0.388672,0.230743,0.2648,0.002930
L-b1,phase_scan,4,600,8,0.605347,0.516602,0.703125,0.108063,0.3152,0.000732
L-b1,phase_scan,4,900,8,0.748657,0.695312,0.785156,0.064362,0.2869,0.000244
L-b1,phase_scan,4,1200,8,0.754639,0.695312,0.791016,0.063019,0.3362,0.000244
L-b1,phase_scan,4,1500,8,0.810913,0.789062,0.830078,0.047668,0.3001,0.000488
L-b1,phase_scan,4,1800,8,0.824707,0.752930,0.865234,0.042877,0.3008,0.000000
L-b1,phase_scan,4,2100,8,0.819336,0.780273,0.850586,0.044373,0.3258,0.000000
L-b1,phase_scan,4,2400,8,0.848267,0.802734,0.876953,0.037567,0.2902,0.000000
L-b1,phase_scan,4,2700,8,0.861084,0.825195,0.875977,0.034241,0.2886,0.000000
L-b1,phase_scan,4,3000,8,0.873657,0.855469,0.900391,0.029999,0.2949,0.000000
L-b1,phase_scan,4,3300,8,0.881714,0.839844,0.908203,0.028259,0.2983,0.000000
L-b1,phase_scan,4,3600,8,0.884033,0.857422,0.917969,0.028534,0.3041,0.000000
L-b1,phase_scan,6,300,8,0.028564,0.008789,0.073242,0.309977,0.3422,0.000000
L-b1,phase_scan,6,600,8,0.095703,0.033203,0.174805,0.252909,0.4626,0.000000
L-b1,phase_scan,6,900,8,0.207520,0.103516,0.320312,0.193095,0.4290,0.000000
L-b1,phase_scan,6,1200,8,0.185425,0.030273,0.321289,0.201213,0.5479,0.000000
L-b1,phase_scan,6,1500,8,0.295288,0.185547,0.395508,0.157593,0.4768,0.000000
L-b1,phase_scan,6,1800,8,0.320190,0.169922,0.574219,0.150004,0.4840,0.000000
L-b1,phase_scan,6,2100,8,0.296143,0.164062,0.416016,0.156942,0.5390,0.000000
L-b1,phase_scan,6,2400,8,0.393066,0.302734,0.497070,0.128479,0.4703,0.000000
L-b1,phase_scan,6,2700,8,0.450562,0.278320,0.519531,0.112345,0.4831,0.000000
L-b1,phase_scan,6,3000,8,0.418945,0.206055,0.644531,0.122091,0.4901,0.000000
L-b1,phase_scan,6,3300,8,0.447144,0.183594,0.626953,0.116699,0.5305,0.000000
L-b1,phase_scan,6,3600,8,0.484131,0.297852,0.613281,0.104553,0.5153,0.000000
L-b1,phase_scan,8,300,8,0.001953,0.000000,0.009766,0.372726,0.4713,0.000000
L-b1,phase_scan,8,600,8,0.006714,0.000000,0.021484,0.312683,0.5807,0.000000
L-b1,phase_scan,8,900,8,0.018677,0.000977,0.055664,0.281189,0.5197,0.000000
L-b1,phase_scan,8,1200,8,0.004883,0.000000,0.015625,0.292267,0.6895,0.000000
L-b1,phase_scan,8,1500,8,0.011963,0.000977,0.045898,0.280396,0.6028,0.000000
L-b1,phase_scan,8,1800,8,0.023193,0.000000,0.111328,0.263870,0.6247,0.000000
L-b1,phase_scan,8,2100,8,0.009277,0.000000,0.051758,0.279572,0.7020,0.000000
L-b1,phase_scan,8,2400,8,0.025757,0.000000,0.088867,0.252670,0.6152,0.000000
L-b1,phase_scan,8,2700,8,0.020386,0.000000,0.044922,0.253403,0.6573,0.000000
L-b1,phase_scan,8,3000,8,0.052734,0.000000,0.221680,0.238617,0.6472,0.000000
L-b1,phase_scan,8,3300,8,0.012939,0.000000,0.040039,0.266495,0.7483,0.000000
L-b1,phase_scan,8,3600,8,0.028809,0.000000,0.096680,0.244629,0.6996,0.000000
L-b1,position_scan,4,300,8,0.216919,0.136719,0.334961,0.238373,0.4475,0.795532
L-b1,position_scan,4,600,8,0.372192,0.291992,0.450195,0.181580,0.5545,0.860229
L-b1,position_scan,4,900,8,0.488281,0.373047,0.563477,0.144562,0.6417,0.895386
L-b1,position_scan,4,1200,8,0.582397,0.487305,0.721680,0.113342,0.6628,0.907715
L-b1,position_scan,4,1500,8,0.606689,0.400391,0.734375,0.106262,0.6851,0.919189
L-b1,position_scan,4,1800,8,0.657959,0.617188,0.726562,0.089844,0.6911,0.928467
L-b1,position_scan,4,2100,8,0.683960,0.444336,0.805664,0.082947,0.6664,0.938721
L-b1,position_scan,4,2400,8,0.710449,0.586914,0.750977,0.075043,0.6572,0.944580
L-b1,position_scan,4,2700,8,0.708618,0.497070,0.865234,0.076660,0.6736,0.944702
L-b1,position_scan,4,3000,8,0.747314,0.539062,0.872070,0.065613,0.6307,0.951050
L-b1,position_scan,4,3300,8,0.774902,0.663086,0.830078,0.058075,0.6580,0.950928
L-b1,position_scan,4,3600,8,0.742554,0.541016,0.818359,0.067932,0.6805,0.960205
L-b1,position_scan,6,300,8,0.019531,0.000977,0.064453,0.316528,0.6579,0.545532
L-b1,position_scan,6,600,8,0.018311,0.003906,0.054688,0.309082,0.8395,0.673340
L-b1,position_scan,6,900,8,0.009033,0.000000,0.019531,0.318420,0.9693,0.746582
L-b1,position_scan,6,1200,8,0.010376,0.000000,0.047852,0.316915,1.0158,0.774170
L-b1,position_scan,6,1500,8,0.015625,0.000000,0.092773,0.313416,1.0540,0.806152
L-b1,position_scan,6,1800,8,0.006836,0.000977,0.021484,0.321615,1.0626,0.826538
L-b1,position_scan,6,2100,8,0.024902,0.000000,0.101562,0.309489,1.0336,0.850952
L-b1,position_scan,6,2400,8,0.007446,0.000000,0.026367,0.325948,1.0529,0.859741
L-b1,position_scan,6,2700,8,0.041748,0.000000,0.315430,0.305339,1.0675,0.859253
L-b1,position_scan,6,3000,8,0.035522,0.000000,0.158203,0.308533,1.0216,0.865234
L-b1,position_scan,6,3300,8,0.017700,0.000000,0.092773,0.339579,1.0752,0.875977
L-b1,position_scan,6,3600,8,0.013550,0.000000,0.047852,0.327901,1.0734,0.886353
L-b1,position_scan,8,300,8,0.000732,0.000000,0.005859,0.355865,0.8734,0.331787
L-b1,position_scan,8,600,8,0.000244,0.000000,0.000977,0.330933,1.1522,0.475342
L-b1,position_scan,8,900,8,0.000000,0.000000,0.000000,0.312454,1.3355,0.600464
L-b1,position_scan,8,1200,8,0.000000,0.000000,0.000000,0.285385,1.4262,0.635864
L-b1,position_scan,8,1500,8,0.000000,0.000000,0.000000,0.275726,1.4727,0.682495
L-b1,position_scan,8,1800,8,0.000000,0.000000,0.000000,0.257278,1.4810,0.703125
L-b1,position_scan,8,2100,8,0.000000,0.000000,0.000000,0.271912,1.4462,0.755005
L-b1,position_scan,8,2400,8,0.000000,0.000000,0.000000,0.265274,1.5100,0.765137
L-b1,position_scan,8,2700,8,0.000122,0.000000,0.000977,0.244919,1.5206,0.768311
L-b1,position_scan,8,3000,8,0.000000,0.000000,0.000000,0.264694,1.4679,0.785156
L-b1,position_scan,8,3300,8,0.000000,0.000000,0.000000,0.250748,1.5655,0.793701
L-b1,position_scan,8,3600,8,0.000000,0.000000,0.000000,0.252319,1.5398,0.804077
L-b1,priority_scan,4,300,8,0.177734,0.165039,0.186523,0.241119,0.2462,0.750000
L-b1,priority_scan,4,600,8,0.176270,0.167969,0.184570,0.243103,0.5223,0.817871
L-b1,priority_scan,4,900,8,0.279297,0.167969,0.427734,0.205658,0.5677,0.854736
L-b1,priority_scan,4,1200,8,0.453613,0.318359,0.564453,0.150238,0.6331,0.902954
L-b1,priority_scan,4,1500,8,0.526001,0.309570,0.680664,0.127533,0.6325,0.915894
L-b1,priority_scan,4,1800,8,0.665527,0.553711,0.708984,0.088379,0.5325,0.928467
L-b1,priority_scan,4,2100,8,0.682617,0.602539,0.747070,0.083557,0.5805,0.938232
L-b1,priority_scan,4,2400,8,0.699463,0.536133,0.750000,0.079590,0.5954,0.944214
L-b1,priority_scan,4,2700,8,0.744141,0.684570,0.788086,0.067352,0.5295,0.940796
L-b1,priority_scan,4,3000,8,0.757202,0.729492,0.790039,0.063721,0.5515,0.950073
L-b1,priority_scan,4,3300,8,0.751831,0.666992,0.787109,0.065369,0.6161,0.951660
L-b1,priority_scan,4,3600,8,0.762695,0.481445,0.825195,0.061493,0.5203,0.956299
L-b1,priority_scan,6,300,8,0.022949,0.012695,0.031250,0.300924,0.4507,0.483765
L-b1,priority_scan,6,600,8,0.023193,0.016602,0.029297,0.306559,0.8923,0.589722
L-b1,priority_scan,6,900,8,0.034912,0.012695,0.061523,0.279419,0.9347,0.656494
L-b1,priority_scan,6,1200,8,0.037476,0.003906,0.085938,0.254313,1.0853,0.763794
L-b1,priority_scan,6,1500,8,0.038818,0.003906,0.131836,0.249288,1.1369,0.790771
L-b1,priority_scan,6,1800,8,0.059937,0.002930,0.111328,0.250163,1.0281,0.822388
L-b1,priority_scan,6,2100,8,0.033813,0.003906,0.090820,0.257589,1.0666,0.849854
L-b1,priority_scan,6,2400,8,0.037476,0.014648,0.074219,0.255188,1.1049,0.857178
L-b1,priority_scan,6,2700,8,0.070679,0.010742,0.251953,0.248372,1.0023,0.848633
L-b1,priority_scan,6,3000,8,0.046509,0.009766,0.095703,0.257812,1.0427,0.863281
L-b1,priority_scan,6,3300,8,0.025635,0.006836,0.063477,0.264506,1.1367,0.877197
L-b1,priority_scan,6,3600,8,0.066528,0.007812,0.204102,0.257060,1.0198,0.881348
L-b1,priority_scan,8,300,8,0.002075,0.000000,0.006836,0.328812,0.7021,0.260498
L-b1,priority_scan,8,600,8,0.002319,0.000000,0.004883,0.334991,1.3525,0.375488
L-b1,priority_scan,8,900,8,0.004150,0.000000,0.011719,0.312744,1.2977,0.462524
L-b1,priority_scan,8,1200,8,0.002441,0.000000,0.006836,0.269348,1.5134,0.608276
L-b1,priority_scan,8,1500,8,0.002563,0.000000,0.009766,0.248184,1.6347,0.660034
L-b1,priority_scan,8,1800,8,0.001953,0.000000,0.005859,0.239624,1.4613,0.701538
L-b1,priority_scan,8,2100,8,0.000732,0.000000,0.003906,0.230881,1.5236,0.751587
L-b1,priority_scan,8,2400,8,0.000122,0.000000,0.000977,0.224594,1.5724,0.751831
L-b1,priority_scan,8,2700,8,0.001587,0.000000,0.009766,0.226379,1.4581,0.744629
L-b1,priority_scan,8,3000,8,0.000977,0.000000,0.005859,0.225922,1.4859,0.772461
L-b1,priority_scan,8,3300,8,0.000366,0.000000,0.001953,0.211823,1.6340,0.791138
L-b1,priority_scan,8,3600,8,0.001221,0.000000,0.006836,0.235886,1.4825,0.794189
L-b16,phase_scan,4,300,8,0.323730,0.000000,0.460938,0.300110,-0.1445,0.008423
L-b16,phase_scan,4,600,8,0.536499,0.000000,0.659180,0.221985,-0.0596,0.004639
L-b16,phase_scan,4,900,8,0.629883,0.000000,0.762695,0.192200,0.0113,0.005615
L-b16,phase_scan,4,1200,8,0.655884,0.000000,0.773438,0.184540,-0.0132,0.004395
L-b16,phase_scan,4,1500,8,0.705933,0.000000,0.835938,0.170959,-0.0254,0.005005
L-b16,phase_scan,4,1800,8,0.703857,0.000000,0.851562,0.171570,0.0507,0.004395
L-b16,phase_scan,4,2100,8,0.732056,0.000000,0.876953,0.162659,-0.0241,0.003296
L-b16,phase_scan,4,2400,8,0.740601,0.000000,0.884766,0.161163,-0.0070,0.003296
L-b16,phase_scan,4,2700,8,0.752441,0.000000,0.893555,0.158569,-0.0824,0.003174
L-b16,phase_scan,4,3000,8,0.757202,0.000000,0.894531,0.156036,-0.0137,0.002563
L-b16,phase_scan,4,3300,8,0.743408,0.000000,0.899414,0.159637,-0.0444,0.002075
L-b16,phase_scan,4,3600,8,0.776001,0.000000,0.895508,0.151459,-0.0867,0.003052
L-b16,phase_scan,6,300,8,0.056030,0.000000,0.100586,0.376994,-0.3719,0.000122
L-b16,phase_scan,6,600,8,0.177124,0.000000,0.266602,0.286967,-0.2811,0.000854
L-b16,phase_scan,6,900,8,0.288940,0.000000,0.400391,0.243205,-0.1697,0.000366
L-b16,phase_scan,6,1200,8,0.336914,0.000000,0.455078,0.226420,-0.2323,0.000122
L-b16,phase_scan,6,1500,8,0.426758,0.000000,0.551758,0.200033,-0.2105,0.000000
L-b16,phase_scan,6,1800,8,0.435303,0.000000,0.563477,0.198954,-0.1214,0.000122
L-b16,phase_scan,6,2100,8,0.474243,0.000000,0.667969,0.188212,-0.2167,0.000122
L-b16,phase_scan,6,2400,8,0.520020,0.000000,0.671875,0.176860,-0.2142,0.000122
L-b16,phase_scan,6,2700,8,0.551392,0.000000,0.692383,0.169902,-0.2942,0.000000
L-b16,phase_scan,6,3000,8,0.537720,0.000000,0.664062,0.171733,-0.2183,0.000000
L-b16,phase_scan,6,3300,8,0.525146,0.000000,0.709961,0.175741,-0.2431,0.000000
L-b16,phase_scan,6,3600,8,0.589355,0.000000,0.725586,0.159403,-0.3095,0.000000
L-b16,phase_scan,8,300,8,0.000244,0.000000,0.001953,0.475372,-0.2445,0.000000
L-b16,phase_scan,8,600,8,0.022339,0.000000,0.047852,0.377502,-0.1351,0.000000
L-b16,phase_scan,8,900,8,0.065796,0.000000,0.119141,0.333389,0.0111,0.000000
L-b16,phase_scan,8,1200,8,0.087402,0.000000,0.153320,0.313019,-0.0843,0.000000
L-b16,phase_scan,8,1500,8,0.145142,0.000000,0.221680,0.286713,-0.0487,0.000000
L-b16,phase_scan,8,1800,8,0.155884,0.000000,0.262695,0.275543,0.0738,0.000000
L-b16,phase_scan,8,2100,8,0.170898,0.000000,0.347656,0.272400,-0.0419,0.000000
L-b16,phase_scan,8,2400,8,0.252563,0.000000,0.436523,0.246063,-0.0596,0.000000
L-b16,phase_scan,8,2700,8,0.278687,0.000000,0.438477,0.241150,-0.1642,0.000000
L-b16,phase_scan,8,3000,8,0.269165,0.000000,0.432617,0.237900,-0.0598,0.000000
L-b16,phase_scan,8,3300,8,0.273193,0.000000,0.493164,0.242615,-0.0953,0.000000
L-b16,phase_scan,8,3600,8,0.311401,0.000000,0.454102,0.226868,-0.2039,0.000000
L-b16,position_scan,4,300,8,0.344116,0.310547,0.403320,0.212433,-0.0492,0.805420
L-b16,position_scan,4,600,8,0.553467,0.475586,0.599609,0.133362,-0.0692,0.854370
L-b16,position_scan,4,900,8,0.709717,0.644531,0.756836,0.083313,-0.0543,0.898804
L-b16,position_scan,4,1200,8,0.756226,0.739258,0.776367,0.067261,-0.0218,0.901123
L-b16,position_scan,4,1500,8,0.752930,0.656250,0.797852,0.066864,0.0577,0.924316
L-b16,position_scan,4,1800,8,0.804565,0.744141,0.834961,0.051819,0.0111,0.927979
L-b16,position_scan,4,2100,8,0.816895,0.788086,0.845703,0.048218,0.0742,0.937256
L-b16,position_scan,4,2400,8,0.801880,0.720703,0.878906,0.054047,0.0056,0.943237
L-b16,position_scan,4,2700,8,0.835938,0.784180,0.868164,0.043304,0.0228,0.943359
L-b16,position_scan,4,3000,8,0.832153,0.795898,0.878906,0.044006,-0.0049,0.951538
L-b16,position_scan,4,3300,8,0.847534,0.794922,0.877930,0.041473,-0.0932,0.950439
L-b16,position_scan,4,3600,8,0.839478,0.757812,0.882812,0.042511,0.0119,0.958496
L-b16,position_scan,6,300,8,0.049072,0.032227,0.067383,0.315145,-0.0532,0.557617
L-b16,position_scan,6,600,8,0.151489,0.081055,0.197266,0.237569,-0.1219,0.663940
L-b16,position_scan,6,900,8,0.292725,0.158203,0.378906,0.176249,-0.0802,0.753052
L-b16,position_scan,6,1200,8,0.390137,0.339844,0.448242,0.140198,-0.0365,0.765991
L-b16,position_scan,6,1500,8,0.364136,0.135742,0.514648,0.146281,0.0598,0.808838
L-b16,position_scan,6,1800,8,0.466797,0.336914,0.528320,0.116516,-0.0049,0.821655
L-b16,position_scan,6,2100,8,0.496582,0.397461,0.599609,0.108337,0.0833,0.842896
L-b16,position_scan,6,2400,8,0.466064,0.262695,0.616211,0.118469,-0.0185,0.859619
L-b16,position_scan,6,2700,8,0.531738,0.305664,0.641602,0.098633,0.0199,0.854126
L-b16,position_scan,6,3000,8,0.534424,0.394531,0.605469,0.097860,-0.0221,0.874023
L-b16,position_scan,6,3300,8,0.555664,0.405273,0.658203,0.095642,-0.1348,0.870361
L-b16,position_scan,6,3600,8,0.559692,0.385742,0.688477,0.090698,0.0135,0.877686
L-b16,position_scan,8,300,8,0.001831,0.000000,0.005859,0.370865,-0.0541,0.338257
L-b16,position_scan,8,600,8,0.023804,0.005859,0.041016,0.300140,-0.1608,0.467285
L-b16,position_scan,8,900,8,0.061890,0.009766,0.094727,0.248764,-0.1090,0.591064
L-b16,position_scan,8,1200,8,0.127319,0.090820,0.192383,0.206223,-0.0515,0.615601
L-b16,position_scan,8,1500,8,0.104614,0.002930,0.225586,0.215179,0.0706,0.681641
L-b16,position_scan,8,1800,8,0.176270,0.062500,0.283203,0.180984,-0.0204,0.705322
L-b16,position_scan,8,2100,8,0.197998,0.100586,0.318359,0.171051,0.1005,0.745483
L-b16,position_scan,8,2400,8,0.170410,0.014648,0.333984,0.184357,-0.0286,0.753906
L-b16,position_scan,8,2700,8,0.227295,0.030273,0.401367,0.160446,0.0181,0.749512
L-b16,position_scan,8,3000,8,0.216187,0.101562,0.284180,0.157852,-0.0433,0.787598
L-b16,position_scan,8,3300,8,0.251465,0.047852,0.360352,0.154175,-0.1796,0.784668
L-b16,position_scan,8,3600,8,0.238892,0.071289,0.422852,0.150299,0.0187,0.793945
L-b16,priority_scan,4,300,8,0.180664,0.166992,0.192383,0.239716,0.0436,0.738647
L-b16,priority_scan,4,600,8,0.188965,0.178711,0.198242,0.238800,0.0262,0.798462
L-b16,priority_scan,4,900,8,0.186157,0.174805,0.194336,0.239075,0.0524,0.832520
L-b16,priority_scan,4,1200,8,0.190552,0.178711,0.208984,0.241150,0.0407,0.867432
L-b16,priority_scan,4,1500,8,0.190430,0.179688,0.201172,0.240814,0.0674,0.883057
L-b16,priority_scan,4,1800,8,0.217407,0.177734,0.300781,0.232117,0.0423,0.881104
L-b16,priority_scan,4,2100,8,0.290649,0.192383,0.662109,0.209045,0.0174,0.877808
L-b16,priority_scan,4,2400,8,0.389282,0.201172,0.688477,0.173828,0.0880,0.902710
L-b16,priority_scan,4,2700,8,0.505615,0.285156,0.750000,0.139984,0.0331,0.921021
L-b16,priority_scan,4,3000,8,0.571411,0.380859,0.798828,0.118896,0.0885,0.932617
L-b16,priority_scan,4,3300,8,0.605469,0.395508,0.836914,0.108002,-0.0961,0.938232
L-b16,priority_scan,4,3600,8,0.673462,0.500000,0.832031,0.087891,0.0640,0.943604
L-b16,priority_scan,6,300,8,0.023438,0.017578,0.029297,0.296956,0.0848,0.478027
L-b16,priority_scan,6,600,8,0.022095,0.012695,0.030273,0.300374,0.0751,0.552124
L-b16,priority_scan,6,900,8,0.023682,0.019531,0.027344,0.299581,0.0987,0.620850
L-b16,priority_scan,6,1200,8,0.023193,0.018555,0.029297,0.298442,0.1127,0.669678
L-b16,priority_scan,6,1500,8,0.023315,0.020508,0.026367,0.298869,0.1392,0.706665
L-b16,priority_scan,6,1800,8,0.030884,0.017578,0.053711,0.291687,0.1146,0.713501
L-b16,priority_scan,6,2100,8,0.058594,0.017578,0.220703,0.277242,0.0481,0.700684
L-b16,priority_scan,6,2400,8,0.130127,0.029297,0.383789,0.244690,0.1566,0.744263
L-b16,priority_scan,6,2700,8,0.181885,0.047852,0.479492,0.221191,0.0593,0.778809
L-b16,priority_scan,6,3000,8,0.223389,0.042969,0.524414,0.200602,0.1462,0.815430
L-b16,priority_scan,6,3300,8,0.232666,0.063477,0.595703,0.197957,-0.0714,0.828369
L-b16,priority_scan,6,3600,8,0.289795,0.083008,0.623047,0.174316,0.1388,0.834961
L-b16,priority_scan,8,300,8,0.002075,0.000000,0.004883,0.322662,0.1558,0.255127
L-b16,priority_scan,8,600,8,0.001831,0.000000,0.002930,0.326355,0.1569,0.349976
L-b16,priority_scan,8,900,8,0.002563,0.000977,0.003906,0.326492,0.1535,0.414307
L-b16,priority_scan,8,1200,8,0.003174,0.001953,0.005859,0.325333,0.1838,0.502686
L-b16,priority_scan,8,1500,8,0.003418,0.001953,0.004883,0.328354,0.2394,0.531494
L-b16,priority_scan,8,1800,8,0.004639,0.002930,0.007812,0.319183,0.1736,0.531494
L-b16,priority_scan,8,2100,8,0.012207,0.000977,0.054688,0.309128,0.1269,0.524658
L-b16,priority_scan,8,2400,8,0.036621,0.000977,0.129883,0.282944,0.2175,0.570557
L-b16,priority_scan,8,2700,8,0.047119,0.005859,0.186523,0.267609,0.0670,0.639893
L-b16,priority_scan,8,3000,8,0.073120,0.003906,0.261719,0.251389,0.1916,0.667114
L-b16,priority_scan,8,3300,8,0.074951,0.004883,0.305664,0.244919,-0.0758,0.681274
L-b16,priority_scan,8,3600,8,0.094604,0.006836,0.326172,0.232773,0.2035,0.700928
R,phase_scan,4,300,8,0.394653,0.296875,0.467773,0.189728,-0.0664,0.003296
R,phase_scan,4,600,8,0.709595,0.678711,0.752930,0.076508,0.0166,0.000610
R,phase_scan,4,900,8,0.772339,0.737305,0.795898,0.056702,-0.0043,0.000000
R,phase_scan,6,300,8,0.070679,0.035156,0.110352,0.288330,-0.1173,0.000000
R,phase_scan,6,600,8,0.271484,0.192383,0.331055,0.175476,-0.0514,0.000000
R,phase_scan,6,900,8,0.368408,0.292969,0.433594,0.138875,-0.0960,0.000000
R,phase_scan,8,300,8,0.004028,0.000000,0.015625,0.350754,-0.1640,0.000000
R,phase_scan,8,600,8,0.071777,0.028320,0.099609,0.242905,-0.0910,0.000000
R,phase_scan,8,900,8,0.103516,0.044922,0.157227,0.213440,-0.1366,0.000000
R,position_scan,4,300,8,0.298340,0.161133,0.389648,0.215332,-0.2090,0.794312
R,position_scan,4,600,8,0.612793,0.489258,0.669922,0.109985,-0.0898,0.861450
R,position_scan,4,900,8,0.746582,0.703125,0.778320,0.064880,0.0123,0.890015
R,position_scan,6,300,8,0.043701,0.002930,0.079102,0.302673,-0.3030,0.534912
R,position_scan,6,600,8,0.206909,0.090820,0.306641,0.207194,-0.1435,0.674927
R,position_scan,6,900,8,0.389404,0.289062,0.442383,0.134521,-0.0043,0.733765
R,position_scan,8,300,8,0.003296,0.000000,0.009766,0.352722,-0.4008,0.310059
R,position_scan,8,600,8,0.036743,0.009766,0.055664,0.273666,-0.1869,0.475952
R,position_scan,8,900,8,0.132568,0.084961,0.188477,0.198273,-0.0262,0.579224
R,priority_scan,4,300,8,0.180054,0.158203,0.201172,0.239197,0.0500,0.747437
R,priority_scan,4,600,8,0.186646,0.166016,0.200195,0.237335,0.0232,0.793579
R,priority_scan,4,900,8,0.183838,0.173828,0.194336,0.240509,0.0251,0.835938
R,priority_scan,6,300,8,0.021851,0.013672,0.027344,0.295553,0.0796,0.480957
R,priority_scan,6,600,8,0.023438,0.019531,0.027344,0.299520,0.0781,0.544922
R,priority_scan,6,900,8,0.025269,0.020508,0.032227,0.300008,0.0760,0.631226
R,priority_scan,8,300,8,0.002319,0.000977,0.004883,0.325256,0.1366,0.258423
R,priority_scan,8,600,8,0.003296,0.000977,0.005859,0.328125,0.1340,0.332886
R,priority_scan,8,900,8,0.003296,0.000977,0.004883,0.326736,0.1279,0.433350
S-b1,phase_scan,4,300,8,0.249878,0.147461,0.388672,0.230743,0.2648,0.002930
S-b1,phase_scan,4,600,8,0.605347,0.516602,0.703125,0.108063,0.3152,0.000732
S-b1,phase_scan,4,900,8,0.748657,0.695312,0.785156,0.064362,0.2869,0.000244
S-b1,phase_scan,6,300,8,0.028564,0.008789,0.073242,0.309977,0.3422,0.000000
S-b1,phase_scan,6,600,8,0.095703,0.033203,0.174805,0.252909,0.4626,0.000000
S-b1,phase_scan,6,900,8,0.207520,0.103516,0.320312,0.193095,0.4290,0.000000
S-b1,phase_scan,8,300,8,0.001953,0.000000,0.009766,0.372726,0.4713,0.000000
S-b1,phase_scan,8,600,8,0.006714,0.000000,0.021484,0.312683,0.5807,0.000000
S-b1,phase_scan,8,900,8,0.018677,0.000977,0.055664,0.281189,0.5197,0.000000
S-b1,position_scan,4,300,8,0.216919,0.136719,0.334961,0.238373,0.4475,0.795532
S-b1,position_scan,4,600,8,0.372192,0.291992,0.450195,0.181580,0.5545,0.860229
S-b1,position_scan,4,900,8,0.488281,0.373047,0.563477,0.144562,0.6417,0.895386
S-b1,position_scan,6,300,8,0.019531,0.000977,0.064453,0.316528,0.6579,0.545532
S-b1,position_scan,6,600,8,0.018311,0.003906,0.054688,0.309082,0.8395,0.673340
S-b1,position_scan,6,900,8,0.009033,0.000000,0.019531,0.318420,0.9693,0.746582
S-b1,position_scan,8,300,8,0.000732,0.000000,0.005859,0.355865,0.8734,0.331787
S-b1,position_scan,8,600,8,0.000244,0.000000,0.000977,0.330933,1.1522,0.475342
S-b1,position_scan,8,900,8,0.000000,0.000000,0.000000,0.312454,1.3355,0.600464
S-b1,priority_scan,4,300,8,0.177734,0.165039,0.186523,0.241119,0.2462,0.750000
S-b1,priority_scan,4,600,8,0.176270,0.167969,0.184570,0.243103,0.5223,0.817871
S-b1,priority_scan,4,900,8,0.279297,0.167969,0.427734,0.205658,0.5677,0.854736
S-b1,priority_scan,6,300,8,0.022949,0.012695,0.031250,0.300924,0.4507,0.483765
S-b1,priority_scan,6,600,8,0.023193,0.016602,0.029297,0.306559,0.8923,0.589722
S-b1,priority_scan,6,900,8,0.034912,0.012695,0.061523,0.279419,0.9347,0.656494
S-b1,priority_scan,8,300,8,0.002075,0.000000,0.006836,0.328812,0.7021,0.260498
S-b1,priority_scan,8,600,8,0.002319,0.000000,0.004883,0.334991,1.3525,0.375488
S-b1,priority_scan,8,900,8,0.004150,0.000000,0.011719,0.312744,1.2977,0.462524
S-b16,phase_scan,4,300,8,0.323730,0.000000,0.460938,0.300110,-0.1445,0.008423
S-b16,phase_scan,4,600,8,0.536499,0.000000,0.659180,0.221985,-0.0596,0.004639
S-b16,phase_scan,4,900,8,0.629883,0.000000,0.762695,0.192200,0.0113,0.005615
S-b16,phase_scan,6,300,8,0.056030,0.000000,0.100586,0.376994,-0.3719,0.000122
S-b16,phase_scan,6,600,8,0.177124,0.000000,0.266602,0.286967,-0.2811,0.000854
S-b16,phase_scan,6,900,8,0.288940,0.000000,0.400391,0.243205,-0.1697,0.000366
S-b16,phase_scan,8,300,8,0.000244,0.000000,0.001953,0.475372,-0.2445,0.000000
S-b16,phase_scan,8,600,8,0.022339,0.000000,0.047852,0.377502,-0.1351,0.000000
S-b16,phase_scan,8,900,8,0.065796,0.000000,0.119141,0.333389,0.0111,0.000000
S-b16,position_scan,4,300,8,0.344116,0.310547,0.403320,0.212433,-0.0492,0.805420
S-b16,position_scan,4,600,8,0.553467,0.475586,0.599609,0.133362,-0.0692,0.854370
S-b16,position_scan,4,900,8,0.709717,0.644531,0.756836,0.083313,-0.0543,0.898804
S-b16,position_scan,6,300,8,0.049072,0.032227,0.067383,0.315145,-0.0532,0.557617
S-b16,position_scan,6,600,8,0.151489,0.081055,0.197266,0.237569,-0.1219,0.663940
S-b16,position_scan,6,900,8,0.292725,0.158203,0.378906,0.176249,-0.0802,0.753052
S-b16,position_scan,8,300,8,0.001831,0.000000,0.005859,0.370865,-0.0541,0.338257
S-b16,position_scan,8,600,8,0.023804,0.005859,0.041016,0.300140,-0.1608,0.467285
S-b16,position_scan,8,900,8,0.061890,0.009766,0.094727,0.248764,-0.1090,0.591064
S-b16,priority_scan,4,300,8,0.180664,0.166992,0.192383,0.239716,0.0436,0.738647
S-b16,priority_scan,4,600,8,0.188965,0.178711,0.198242,0.238800,0.0262,0.798462
S-b16,priority_scan,4,900,8,0.186157,0.174805,0.194336,0.239075,0.0524,0.832520
S-b16,priority_scan,6,300,8,0.023438,0.017578,0.029297,0.296956,0.0848,0.478027
S-b16,priority_scan,6,600,8,0.022095,0.012695,0.030273,0.300374,0.0751,0.552124
S-b16,priority_scan,6,900,8,0.023682,0.019531,0.027344,0.299581,0.0987,0.620850
S-b16,priority_scan,8,300,8,0.002075,0.000000,0.004883,0.322662,0.1558,0.255127
S-b16,priority_scan,8,600,8,0.001831,0.000000,0.002930,0.326355,0.1569,0.349976
S-b16,priority_scan,8,900,8,0.002563,0.000977,0.003906,0.326492,0.1535,0.414307
S-b4,phase_scan,4,300,8,0.428955,0.309570,0.492188,0.178223,0.0845,0.001099
S-b4,phase_scan,4,600,8,0.659180,0.564453,0.707031,0.092834,0.1682,0.000122
S-b4,phase_scan,4,900,8,0.760132,0.689453,0.795898,0.060974,0.1282,0.000244
S-b4,phase_scan,6,300,8,0.095581,0.051758,0.118164,0.278442,0.1006,0.000000
S-b4,phase_scan,6,600,8,0.202026,0.054688,0.271484,0.203247,0.2680,0.000000
S-b4,phase_scan,6,900,8,0.349609,0.130859,0.421875,0.145630,0.1845,0.000000
S-b4,phase_scan,8,300,8,0.008545,0.000977,0.013672,0.336044,0.1332,0.000000
S-b4,phase_scan,8,600,8,0.032349,0.000977,0.054688,0.278030,0.3200,0.000000
S-b4,phase_scan,8,900,8,0.098877,0.001953,0.163086,0.221970,0.2073,0.000000
S-b4,position_scan,4,300,8,0.328979,0.276367,0.378906,0.213135,-0.0160,0.794800
S-b4,position_scan,4,600,8,0.551392,0.433594,0.621094,0.128662,0.1005,0.849609
S-b4,position_scan,4,900,8,0.730835,0.671875,0.765625,0.073181,0.1458,0.896484
S-b4,position_scan,6,300,8,0.047241,0.021484,0.084961,0.309957,-0.0095,0.530273
S-b4,position_scan,6,600,8,0.143311,0.040039,0.208008,0.235514,0.1711,0.648560
S-b4,position_scan,6,900,8,0.319458,0.205078,0.431641,0.159261,0.2318,0.752563
S-b4,position_scan,8,300,8,0.001709,0.000000,0.006836,0.362442,0.0121,0.300903
S-b4,position_scan,8,600,8,0.017578,0.001953,0.042969,0.291763,0.2625,0.438721
S-b4,position_scan,8,900,8,0.068115,0.016602,0.167969,0.237732,0.3248,0.606567
S-b4,priority_scan,4,300,8,0.181152,0.169922,0.206055,0.238037,0.0556,0.739014
S-b4,priority_scan,4,600,8,0.185669,0.164062,0.210938,0.239044,0.0457,0.807617
S-b4,priority_scan,4,900,8,0.187378,0.179688,0.197266,0.239716,0.0920,0.839844
S-b4,priority_scan,6,300,8,0.021362,0.013672,0.029297,0.298991,0.0873,0.455322
S-b4,priority_scan,6,600,8,0.023560,0.018555,0.038086,0.299744,0.1274,0.572388
S-b4,priority_scan,6,900,8,0.024902,0.018555,0.029297,0.301086,0.1809,0.628540
S-b4,priority_scan,8,300,8,0.001587,0.000000,0.003906,0.324219,0.1809,0.236572
S-b4,priority_scan,8,600,8,0.002808,0.000977,0.006836,0.326782,0.2117,0.368042
S-b4,priority_scan,8,900,8,0.003174,0.001953,0.003906,0.327240,0.2835,0.429321
