family,width,seeds,exact_mean,exact_min,exact_max
priority,0.25,8,0.000000,0.000000,0.000000
priority,0.3,8,0.000122,0.000000,0.000977
priority,0.35,8,0.000854,0.000000,0.003906
priority,0.45,8,0.037842,0.000000,0.173828
priority,0.55,8,0.513428,0.182617,0.750000
priority,0.6,8,0.733521,0.550781,0.844727
priority,0.65,8,0.835693,0.776367,0.888672
priority,0.75,8,0.906250,0.879883,0.936523
position,0.25,8,0.000000,0.000000,0.000000
position,0.3,8,0.000000,0.000000,0.000000
position,0.35,8,0.000000,0.000000,0.000000
position,0.45,8,0.000244,0.000000,0.000977
position,0.55,8,0.280151,0.068359,0.566406
position,0.6,8,0.753052,0.511719,0.855469
position,0.65,8,0.869385,0.822266,0.904297
position,0.75,8,0.921021,0.897461,0.943359
phase,0.25,8,0.001465,0.000000,0.005859
phase,0.3,8,0.077026,0.000000,0.241211
phase,0.35,8,0.562744,0.037109,0.891602
phase,0.45,8,0.884155,0.830078,0.933594
phase,0.55,8,0.913818,0.867188,0.947266
phase,0.6,8,0.923218,0.882812,0.951172
phase,0.65,8,0.932007,0.898438,0.956055
phase,0.75,8,0.944580,0.918945,0.959961
