family,seed,width,exact,no_match_rate
priority,11,0.25,0.0,0.62890625
priority,11,0.3,0.0,0.6066080729166666
priority,11,0.35,0.0,0.5595703125
priority,11,0.45,0.0078125,0.33251953125
priority,11,0.55,0.3583984375,0.11116536458333333
priority,11,0.6,0.603515625,0.06689453125
priority,11,0.65,0.7763671875,0.037109375
priority,11,0.75,0.8798828125,0.0185546875
priority,22,0.25,0.0,0.6468098958333334
priority,22,0.3,0.0,0.6370442708333334
priority,22,0.35,0.0,0.61669921875
priority,22,0.45,0.0,0.3572591145833333
priority,22,0.55,0.2119140625,0.13460286458333334
priority,22,0.6,0.626953125,0.06380208333333333
priority,22,0.65,0.796875,0.033854166666666664
priority,22,0.75,0.884765625,0.018391927083333332
priority,33,0.25,0.0,0.64697265625
priority,33,0.3,0.0,0.63427734375
priority,33,0.35,0.0,0.5940755208333334
priority,33,0.45,0.0126953125,0.37353515625
priority,33,0.55,0.7080078125,0.050130208333333336
priority,33,0.6,0.8369140625,0.02734375
priority,33,0.65,0.880859375,0.01953125
priority,33,0.75,0.9306640625,0.01025390625
priority,44,0.25,0.0,0.6305338541666666
priority,44,0.3,0.0,0.6043294270833334
priority,44,0.35,0.0,0.5528971354166666
priority,44,0.45,0.001953125,0.3025716145833333
priority,44,0.55,0.1826171875,0.13997395833333334
priority,44,0.6,0.55078125,0.07649739583333333
priority,44,0.65,0.7783203125,0.037109375
priority,44,0.75,0.888671875,0.017903645833333332
priority,55,0.25,0.0,0.6472981770833334
priority,55,0.3,0.0,0.63720703125
priority,55,0.35,0.0009765625,0.61279296875
priority,55,0.45,0.0224609375,0.3614908854166667
priority,55,0.55,0.662109375,0.057291666666666664
priority,55,0.6,0.81640625,0.03125
priority,55,0.65,0.8603515625,0.023600260416666668
priority,55,0.75,0.9140625,0.013509114583333334
priority,66,0.25,0.0,0.6334635416666666
priority,66,0.3,0.0009765625,0.6061197916666666
priority,66,0.35,0.00390625,0.5480143229166666
priority,66,0.45,0.173828125,0.25
priority,66,0.55,0.75,0.042317708333333336
priority,66,0.6,0.8447265625,0.025716145833333332
priority,66,0.65,0.888671875,0.018229166666666668
priority,66,0.75,0.9365234375,0.007975260416666666
priority,77,0.25,0.0,0.6461588541666666
priority,77,0.3,0.0,0.638671875
priority,77,0.35,0.0,0.6110026041666666
priority,77,0.45,0.0068359375,0.3763020833333333
priority,77,0.55,0.529296875,0.0810546875
priority,77,0.6,0.7861328125,0.036946614583333336
priority,77,0.65,0.84765625,0.025716145833333332
priority,77,0.75,0.9052734375,0.014485677083333334
priority,88,0.25,0.0,0.64453125
priority,88,0.3,0.0,0.6324869791666666
priority,88,0.35,0.001953125,0.5830078125
priority,88,0.45,0.0771484375,0.3019205729166667
priority,88,0.55,0.705078125,0.050455729166666664
priority,88,0.6,0.802734375,0.03369140625
priority,88,0.65,0.8564453125,0.024251302083333332
priority,88,0.75,0.91015625,0.013997395833333334
position,11,0.25,0.0,0.8141276041666666
position,11,0.3,0.0,0.8077799479166666
position,11,0.35,0.0,0.8004557291666666
position,11,0.45,0.0,0.5555013020833334
position,11,0.55,0.5146484375,0.08317057291666667
position,11,0.6,0.85546875,0.023763020833333332
position,11,0.65,0.8984375,0.015462239583333334
position,11,0.75,0.9345703125,0.007649739583333333
position,22,0.25,0.0,0.8134765625
position,22,0.3,0.0,0.8024088541666666
position,22,0.35,0.0,0.7906901041666666
position,22,0.45,0.0009765625,0.44873046875
position,22,0.55,0.1162109375,0.15625
position,22,0.6,0.701171875,0.048990885416666664
position,22,0.65,0.8720703125,0.018391927083333332
position,22,0.75,0.9208984375,0.008626302083333334
position,33,0.25,0.0,0.8087565104166666
position,33,0.3,0.0,0.8006184895833334
position,33,0.35,0.0,0.7713216145833334
position,33,0.45,0.0,0.5048828125
position,33,0.55,0.56640625,0.07389322916666667
position,33,0.6,0.8525390625,0.0244140625
position,33,0.65,0.904296875,0.014811197916666666
position,33,0.75,0.943359375,0.006673177083333333
position,44,0.25,0.0,0.8170572916666666
position,44,0.3,0.0,0.80908203125
position,44,0.35,0.0,0.7970377604166666
position,44,0.45,0.0,0.48974609375
position,44,0.55,0.068359375,0.1669921875
position,44,0.6,0.7783203125,0.037109375
position,44,0.65,0.8916015625,0.017415364583333332
position,44,0.75,0.9365234375,0.00732421875
position,55,0.25,0.0,0.8136393229166666
position,55,0.3,0.0,0.8068033854166666
position,55,0.35,0.0,0.7950846354166666
position,55,0.45,0.0,0.6201171875
position,55,0.55,0.4365234375,0.09537760416666667
position,55,0.6,0.7568359375,0.04052734375
position,55,0.65,0.822265625,0.028645833333333332
position,55,0.75,0.8974609375,0.01416015625
position,66,0.25,0.0,0.81103515625
position,66,0.3,0.0,0.80029296875
position,66,0.35,0.0,0.7845052083333334
position,66,0.45,0.0009765625,0.455078125
position,66,0.55,0.0849609375,0.15771484375
position,66,0.6,0.51171875,0.08349609375
position,66,0.65,0.8427734375,0.025390625
position,66,0.75,0.8984375,0.0146484375
position,77,0.25,0.0,0.8069661458333334
position,77,0.3,0.0,0.8019205729166666
position,77,0.35,0.0,0.78759765625
position,77,0.45,0.0,0.4840494791666667
position,77,0.55,0.2392578125,0.13216145833333334
position,77,0.6,0.7607421875,0.040364583333333336
position,77,0.65,0.8564453125,0.023763020833333332
position,77,0.75,0.9248046875,0.010091145833333334
position,88,0.25,0.0,0.8111979166666666
position,88,0.3,0.0,0.8055013020833334
position,88,0.35,0.0,0.7952473958333334
position,88,0.45,0.0,0.5193684895833334
position,88,0.55,0.21484375,0.134765625
position,88,0.6,0.8076171875,0.0322265625
position,88,0.65,0.8671875,0.02197265625
position,88,0.75,0.912109375,0.013509114583333334
phase,11,0.25,0.0009765625,0.3515625
phase,11,0.3,0.00390625,0.30224609375
phase,11,0.35,0.20703125,0.15804036458333334
phase,11,0.45,0.830078125,0.028483072916666668
phase,11,0.55,0.8671875,0.020345052083333332
phase,11,0.6,0.8828125,0.0166015625
phase,11,0.65,0.8984375,0.01318359375
phase,11,0.75,0.9189453125,0.008463541666666666
phase,22,0.25,0.0,0.4015299479166667
phase,22,0.3,0.0458984375,0.28173828125
phase,22,0.35,0.673828125,0.06396484375
phase,22,0.45,0.888671875,0.018717447916666668
phase,22,0.55,0.923828125,0.010416666666666666
phase,22,0.6,0.939453125,0.0078125
phase,22,0.65,0.9443359375,0.006673177083333333
phase,22,0.75,0.953125,0.0037434895833333335
phase,33,0.25,0.005859375,0.3811848958333333
phase,33,0.3,0.0908203125,0.18912760416666666
phase,33,0.35,0.6083984375,0.07893880208333333
phase,33,0.45,0.8642578125,0.022135416666666668
phase,33,0.55,0.8955078125,0.01513671875
phase,33,0.6,0.9072265625,0.01220703125
phase,33,0.65,0.9287109375,0.00830078125
phase,33,0.75,0.951171875,0.004557291666666667
phase,44,0.25,0.0029296875,0.3601888020833333
phase,44,0.3,0.208984375,0.14664713541666666
phase,44,0.35,0.828125,0.030110677083333332
phase,44,0.45,0.9072265625,0.013997395833333334
phase,44,0.55,0.927734375,0.009114583333333334
phase,44,0.6,0.9345703125,0.00732421875
phase,44,0.65,0.94140625,0.006022135416666667
phase,44,0.75,0.9501953125,0.00439453125
phase,55,0.25,0.0,0.4376627604166667
phase,55,0.3,0.005859375,0.24593098958333334
phase,55,0.35,0.7705078125,0.0419921875
phase,55,0.45,0.919921875,0.011881510416666666
phase,55,0.55,0.9423828125,0.007161458333333333
phase,55,0.6,0.9453125,0.006184895833333333
phase,55,0.65,0.951171875,0.00390625
phase,55,0.75,0.958984375,0.00146484375
phase,66,0.25,0.0,0.4065755208333333
phase,66,0.3,0.01953125,0.3069661458333333
phase,66,0.35,0.4853515625,0.10677083333333333
phase,66,0.45,0.8564453125,0.023600260416666668
phase,66,0.55,0.88671875,0.01708984375
phase,66,0.6,0.8994140625,0.014322916666666666
phase,66,0.65,0.9033203125,0.01318359375
phase,66,0.75,0.9189453125,0.010091145833333334
phase,77,0.25,0.0,0.3509114583333333
phase,77,0.3,0.0,0.2727864583333333
phase,77,0.35,0.037109375,0.18359375
phase,77,0.45,0.873046875,0.021158854166666668
phase,77,0.55,0.919921875,0.011067708333333334
phase,77,0.6,0.92578125,0.009765625
phase,77,0.65,0.9326171875,0.0078125
phase,77,0.75,0.9453125,0.004231770833333333
phase,88,0.25,0.001953125,0.3815104166666667
phase,88,0.3,0.2412109375,0.173828125
phase,88,0.35,0.8916015625,0.020345052083333332
phase,88,0.45,0.93359375,0.008626302083333334
phase,88,0.55,0.947265625,0.005208333333333333
phase,88,0.6,0.951171875,0.004231770833333333
phase,88,0.65,0.9560546875,0.0030924479166666665
phase,88,0.75,0.9599609375,0.0016276041666666667
